<?xml version="1.0" encoding="utf-8"?>
<COLLADA xmlns="http://www.collada.org/2005/11/COLLADASchema" version="1.4.1" xmlns:xsi="http://www.w3.org/2001/XMLSchema-instance">
  <asset>
    <contributor>
      <author>Blender User</author>
      <authoring_tool>Blender 4.4.0 commit date:2025-03-17, commit time:17:00, hash:05377985c527</authoring_tool>
    </contributor>
    <created>2026-03-12T11:24:40</created>
    <modified>2026-03-12T11:24:40</modified>
    <unit name="meter" meter="1"/>
    <up_axis>Z_UP</up_axis>
  </asset>
  <library_cameras>
    <camera id="Camera_001-camera" name="Camera.001">
      <optics>
        <technique_common>
          <perspective>
            <xfov sid="xfov">39.59775</xfov>
            <aspect_ratio>1.777778</aspect_ratio>
            <znear sid="znear">0.1</znear>
            <zfar sid="zfar">100</zfar>
          </perspective>
        </technique_common>
      </optics>
      <extra>
        <technique profile="blender">
          <shiftx sid="shiftx" type="float">0</shiftx>
          <shifty sid="shifty" type="float">0</shifty>
          <dof_distance sid="dof_distance" type="float">10</dof_distance>
        </technique>
      </extra>
    </camera>
    <camera id="Camera-camera" name="Camera">
      <optics>
        <technique_common>
          <perspective>
            <xfov sid="xfov">39.59775</xfov>
            <aspect_ratio>1.777778</aspect_ratio>
            <znear sid="znear">0.1</znear>
            <zfar sid="zfar">100</zfar>
          </perspective>
        </technique_common>
      </optics>
      <extra>
        <technique profile="blender">
          <shiftx sid="shiftx" type="float">0</shiftx>
          <shifty sid="shifty" type="float">0</shifty>
          <dof_distance sid="dof_distance" type="float">10</dof_distance>
        </technique>
      </extra>
    </camera>
  </library_cameras>
  <library_lights>
    <light id="Light_001-light" name="Light.001">
      <technique_common>
        <point>
          <color sid="color">1000 1000 1000</color>
          <constant_attenuation>1</constant_attenuation>
          <linear_attenuation>0</linear_attenuation>
          <quadratic_attenuation>0</quadratic_attenuation>
        </point>
      </technique_common>
      <extra>
        <technique profile="blender">
          <type sid="type" type="int">0</type>
          <flag sid="flag" type="int">0</flag>
          <mode sid="mode" type="int">2097153</mode>
          <red sid="red" type="float">1</red>
          <green sid="green" type="float">1</green>
          <blue sid="blue" type="float">1</blue>
          <energy sid="blender_energy" type="float">1000</energy>
          <spotsize sid="spotsize" type="float">75</spotsize>
          <spotblend sid="spotblend" type="float">0.15</spotblend>
          <clipsta sid="clipsta" type="float">0.04999995</clipsta>
          <clipend sid="clipend" type="float">40</clipend>
          <radius sid="radius" type="float">0.1</radius>
          <area_shape sid="area_shape" type="int">1</area_shape>
          <area_size sid="area_size" type="float">0.1</area_size>
          <area_sizey sid="area_sizey" type="float">0.1</area_sizey>
          <area_sizez sid="area_sizez" type="float">1</area_sizez>
        </technique>
      </extra>
    </light>
    <light id="Light-light" name="Light">
      <technique_common>
        <point>
          <color sid="color">1000 1000 1000</color>
          <constant_attenuation>1</constant_attenuation>
          <linear_attenuation>0</linear_attenuation>
          <quadratic_attenuation>0</quadratic_attenuation>
        </point>
      </technique_common>
      <extra>
        <technique profile="blender">
          <type sid="type" type="int">0</type>
          <flag sid="flag" type="int">0</flag>
          <mode sid="mode" type="int">2097153</mode>
          <red sid="red" type="float">1</red>
          <green sid="green" type="float">1</green>
          <blue sid="blue" type="float">1</blue>
          <energy sid="blender_energy" type="float">1000</energy>
          <spotsize sid="spotsize" type="float">75</spotsize>
          <spotblend sid="spotblend" type="float">0.15</spotblend>
          <clipsta sid="clipsta" type="float">0.04999995</clipsta>
          <clipend sid="clipend" type="float">40</clipend>
          <radius sid="radius" type="float">0.1</radius>
          <area_shape sid="area_shape" type="int">1</area_shape>
          <area_size sid="area_size" type="float">0.1</area_size>
          <area_sizey sid="area_sizey" type="float">0.1</area_sizey>
          <area_sizez sid="area_sizez" type="float">1</area_sizez>
        </technique>
      </extra>
    </light>
  </library_lights>
  <library_effects>
    <effect id="rastMat_001-effect">
      <profile_COMMON>
        <newparam sid="EXPORT_GOOGLE_SAT_WM_001-surface">
          <surface type="2D">
            <init_from>EXPORT_GOOGLE_SAT_WM_001</init_from>
          </surface>
        </newparam>
        <newparam sid="EXPORT_GOOGLE_SAT_WM_001-sampler">
          <sampler2D>
            <source>EXPORT_GOOGLE_SAT_WM_001-surface</source>
          </sampler2D>
        </newparam>
        <technique sid="common">
          <lambert>
            <emission>
              <color sid="emission">0 0 0 1</color>
            </emission>
            <diffuse>
              <texture texture="EXPORT_GOOGLE_SAT_WM_001-sampler" texcoord="rastUVmap"/>
            </diffuse>
            <index_of_refraction>
              <float sid="ior">1.5</float>
            </index_of_refraction>
          </lambert>
        </technique>
      </profile_COMMON>
    </effect>
  </library_effects>
  <library_images>
    <image id="EXPORT_GOOGLE_SAT_WM_001" name="EXPORT_GOOGLE_SAT_WM_001">
      <init_from>EXPORT_GOOGLE_SAT_WM.001.jpg</init_from>
    </image>
  </library_images>
  <library_materials>
    <material id="rastMat_001-material" name="rastMat.001">
      <instance_effect url="#rastMat_001-effect"/>
    </material>
  </library_materials>
  <library_geometries>
    <geometry id="EXPORT_GOOGLE_SAT_WM_001-mesh" name="EXPORT_GOOGLE_SAT_WM.001">
      <mesh>
        <source id="EXPORT_GOOGLE_SAT_WM_001-mesh-positions">
          <float_array id="EXPORT_GOOGLE_SAT_WM_001-mesh-positions-array" count="12">-948.3013 773.7515 0 1191.936 773.7515 0 1191.936 -754.989 0 -948.3013 -754.989 0</float_array>
          <technique_common>
            <accessor source="#EXPORT_GOOGLE_SAT_WM_001-mesh-positions-array" count="4" stride="3">
              <param name="X" type="float"/>
              <param name="Y" type="float"/>
              <param name="Z" type="float"/>
            </accessor>
          </technique_common>
        </source>
        <source id="EXPORT_GOOGLE_SAT_WM_001-mesh-normals">
          <float_array id="EXPORT_GOOGLE_SAT_WM_001-mesh-normals-array" count="3">0 0 1</float_array>
          <technique_common>
            <accessor source="#EXPORT_GOOGLE_SAT_WM_001-mesh-normals-array" count="1" stride="3">
              <param name="X" type="float"/>
              <param name="Y" type="float"/>
              <param name="Z" type="float"/>
            </accessor>
          </technique_common>
        </source>
        <source id="EXPORT_GOOGLE_SAT_WM_001-mesh-map-0">
          <float_array id="EXPORT_GOOGLE_SAT_WM_001-mesh-map-0-array" count="12">1 0 0 1 0 0 1 0 1 1 0 1</float_array>
          <technique_common>
            <accessor source="#EXPORT_GOOGLE_SAT_WM_001-mesh-map-0-array" count="6" stride="2">
              <param name="S" type="float"/>
              <param name="T" type="float"/>
            </accessor>
          </technique_common>
        </source>
        <vertices id="EXPORT_GOOGLE_SAT_WM_001-mesh-vertices">
          <input semantic="POSITION" source="#EXPORT_GOOGLE_SAT_WM_001-mesh-positions"/>
        </vertices>
        <triangles material="rastMat_001-material" count="2">
          <input semantic="VERTEX" source="#EXPORT_GOOGLE_SAT_WM_001-mesh-vertices" offset="0"/>
          <input semantic="NORMAL" source="#EXPORT_GOOGLE_SAT_WM_001-mesh-normals" offset="1"/>
          <input semantic="TEXCOORD" source="#EXPORT_GOOGLE_SAT_WM_001-mesh-map-0" offset="2" set="0"/>
          <p>2 0 0 0 0 1 3 0 2 2 0 3 1 0 4 0 0 5</p>
        </triangles>
      </mesh>
    </geometry>
    <geometry id="Areas_building-mesh" name="Areas:building">
      <mesh>
        <source id="Areas_building-mesh-positions">
          <float_array id="Areas_building-mesh-positions-array" count="13332">-61.94782 -412.6234 7.62939e-6 -92.93917 -416.3722 7.62939e-6 -99.36231 -417.1025 -1.52588e-5 -106.3309 -418.0032 7.62939e-6 -115.7485 -419.123 7.62939e-6 -170.1392 -425.72 7.62939e-6 -226.0328 -432.4631 -7.62939e-6 -219.2534 -488.5009 -7.62939e-6 -177.119 -483.4132 -7.62939e-6 -180.4252 -456.1246 -1.52588e-5 -172.143 -455.1265 7.62939e-6 -164.2504 -454.1528 -7.62939e-6 -160.666 -483.754 -7.62939e-6 -115.1919 -478.2525 7.62939e-6 -118.4536 -451.3777 -7.62939e-6 -110.2716 -450.3796 -7.62939e-6 -102.5683 -449.4546 -7.62939e-6 -99.47363 -475.0635 7.62939e-6 -55.04602 -469.6837 -7.62939e-6 -61.94782 -412.6234 15.00001 -92.93917 -416.3722 15.00001 -99.36231 -417.1025 15.00001 -106.3309 -418.0032 15.00001 -115.7485 -419.123 15.00001 -170.1392 -425.72 15.00001 -226.0328 -432.4631 15.00001 -219.2534 -488.5009 15.00001 -177.119 -483.4132 15.00001 -180.4252 -456.1246 15.00001 -172.143 -455.1265 15.00001 -164.2504 -454.1528 15.00001 -160.666 -483.754 15.00001 -115.1919 -478.2525 15.00001 -118.4536 -451.3777 15.00001 -110.2716 -450.3796 15.00001 -102.5683 -449.4546 15.00001 -99.47363 -475.0635 15.00001 -55.04602 -469.6837 15.00001 598.0766 2.124419 -7.62939e-6 631.7841 13.54207 -7.62939e-6 647.8253 -33.7595 -1.52588e-5 672.3823 -25.43367 -7.62939e-6 701.9599 -15.40371 -7.62939e-6 731.66 -5.325039 -1.52588e-5 754.781 2.513934 7.62939e-6 746.3319 27.4429 -1.52588e-5 778.6479 38.39804 7.62939e-6 788.4997 10.13381 7.62939e-6 799.4424 -22.92618 7.62939e-6 744.1611 -41.67147 -7.62939e-6 712.3126 -52.45607 -7.62939e-6 684.1822 -61.99909 -7.62939e-6 626.463 -81.59634 7.62939e-6 619.8062 -61.70696 -7.62939e-6 598.0766 2.124419 12.00001 619.8062 -61.70696 12.00001 626.463 -81.59634 12.00001 684.1822 -61.99909 12.00001 712.3126 -52.45607 12.00001 744.1611 -41.67147 12.00001 799.4424 -22.92618 12.00001 788.4997 10.13381 12.00001 778.6479 38.39804 12.00001 746.3319 27.4429 12.00001 754.781 2.513934 12.00001 731.66 -5.325039 12.00001 701.9599 -15.40371 12.00001 672.3823 -25.43367 12.00001 647.8253 -33.7595 12.00001 631.7841 13.54207 12.00001 533.3554 190.6032 7.62939e-6 520.6873 227.4377 -7.62939e-6 547.0255 236.4698 -7.62939e-6 559.5712 199.4405 7.62939e-6 533.3554 190.6032 20.00001 559.5712 199.4405 20.00001 547.0255 236.4698 20.00001 520.6873 227.4377 20.00001 627.5762 245.502 -7.62939e-6 624.4816 244.4308 -7.62939e-6 600.3809 236.0316 7.62939e-6 575.3229 227.3159 -7.62939e-6 568.6882 246.3784 -7.62939e-6 593.635 255.0698 7.62939e-6 591.0634 262.4465 7.62939e-6 595.8391 264.102 -7.62939e-6 595.6053 267.0478 -7.62939e-6 596.4959 270.237 -7.62939e-6 598.789 272.9638 7.62939e-6 602.7297 274.6192 7.62939e-6 605.9135 274.3271 7.62939e-6 608.5629 272.9394 -7.62939e-6 611.1566 269.4093 -7.62939e-6 615.242 270.8214 -7.62939e-6 618.0139 262.8847 -7.62939e-6 642.315 271.3569 7.62939e-6 643.9068 266.8043 -7.62939e-6 649.3837 268.7033 7.62939e-6 653.0239 258.259 -7.62939e-6 647.4134 256.3114 7.62939e-6 648.6156 252.83 -7.62939e-6 627.5762 245.502 3.000008 648.6156 252.83 3.000008 647.4134 256.3114 3.000008 653.0239 258.259 3.000008 649.3837 268.7033 3.000008 643.9068 266.8043 3.000008 642.315 271.3569 3.000008 618.0139 262.8847 3.000008 615.242 270.8214 3.000008 611.1566 269.4093 3.000008 608.5629 272.9394 3.000008 605.9135 274.3271 3.000008 602.7297 274.6192 3.000008 598.789 272.9638 3.000008 596.4959 270.237 3.000008 595.6053 267.0478 3.000008 595.8391 264.102 3.000008 591.0634 262.4465 3.000008 593.635 255.0698 3.000008 568.6882 246.3784 3.000008 575.3229 227.3159 3.000008 600.3809 236.0316 3.000008 624.4816 244.4308 3.000008 1009.335 165.7223 -7.62939e-6 1016.092 168.0108 -1.52588e-5 1012.786 177.7489 -7.62939e-6 1032.946 184.6142 7.62939e-6 1052.672 126.5023 7.62939e-6 1017.595 114.5976 -7.62939e-6 1009.914 137.2141 -7.62939e-6 1018.074 139.9895 -7.62939e-6 1009.335 165.7223 20.00001 1018.074 139.9895 20.00001 1009.914 137.2141 20.00001 1017.595 114.5976 20.00001 1052.672 126.5023 20.00001 1032.946 184.6142 20.00001 1012.786 177.7489 20.00001 1016.092 168.0108 20.00001 105.0314 -211.3019 -7.62939e-6 95.7585 -212.5435 -7.62939e-6 93.54325 -195.9653 7.62939e-6 89.1016 -196.5495 -7.62939e-6 69.85446 -199.13 -7.62939e-6 63.83207 -154.2152 7.62939e-6 32.31752 -158.4267 -7.62939e-6 27.3972 -121.667 7.62939e-6 49.72789 -118.6971 7.62939e-6 50.09524 -121.4723 -7.62939e-6 66.85997 -119.2326 -7.62939e-6 75.94363 -118.0154 -7.62939e-6 75.05307 -111.2964 7.62939e-6 72.42594 -91.62621 7.62939e-6 54.4701 -94.42581 -7.62939e-6 43.97267 -20.8082 1.52588e-5 56.78554 -18.71457 7.62939e-6 63.62056 -17.76513 -7.62939e-6 60.8487 2.465245 -7.62939e-6 70.74501 3.658133 -7.62939e-6 71.27935 -0.4317682 7.62939e-6 97.56188 3.073861 -7.62939e-6 105.0425 -53.28379 -7.62939e-6 81.35376 -56.44857 -7.62939e-6 83.65808 -73.80614 7.62939e-6 111.0093 -70.17883 -7.62939e-6 118.4343 -126.0247 -7.62939e-6 93.1091 -129.3842 7.62939e-6 94.41153 -139.1949 -7.62939e-6 96.19264 -152.5355 -7.62939e-6 122.5754 -149.0299 -7.62939e-6 129.7666 -203.025 -7.62939e-6 104.3746 -206.4088 -7.62939e-6 105.0314 -211.3019 35.00002 104.3746 -206.4088 35.00002 129.7666 -203.025 35.00002 122.5754 -149.0299 35.00002 96.19264 -152.5355 35.00002 94.41153 -139.1949 35.00002 93.1091 -129.3842 35.00002 118.4343 -126.0247 35.00002 111.0093 -70.17883 35.00002 83.65808 -73.80614 35.00002 81.35376 -56.44857 35.00002 105.0425 -53.28379 35.00002 97.56188 3.073861 35.00002 71.27935 -0.4317682 35.00002 70.74501 3.658133 35.00002 60.8487 2.465245 35.00002 63.62056 -17.76513 35.00002 56.78554 -18.71457 35.00002 43.97267 -20.8082 35.00002 54.4701 -94.42581 35.00002 72.42594 -91.62621 35.00002 75.05307 -111.2964 35.00002 75.94363 -118.0154 35.00002 66.85997 -119.2326 35.00002 50.09524 -121.4723 35.00002 49.72789 -118.6971 35.00002 27.3972 -121.667 35.00002 32.31752 -158.4267 35.00002 63.83207 -154.2152 35.00002 69.85446 -199.13 35.00002 89.1016 -196.5495 35.00002 93.54325 -195.9653 35.00002 95.7585 -212.5435 35.00002 103.2169 -217.5583 -1.52588e-5 109.8627 -220.2361 -7.62939e-6 115.9519 -223.5956 -7.62939e-6 125.2916 -230.8988 -1.52588e-5 132.6609 -239.4678 -7.62939e-6 137.0692 -246.7953 7.62939e-6 140.3642 -254.6827 -7.62939e-6 142.4682 -262.9352 -7.62939e-6 143.3698 -271.6259 -7.62939e-6 142.8132 -281.5582 7.62939e-6 141.2102 -289.2508 7.62939e-6 138.9393 -295.8236 7.62939e-6 128.2861 -288.5205 7.62939e-6 123.6218 -295.8722 -7.62939e-6 121.6848 -298.9395 7.62939e-6 133.1952 -306.6321 -7.62939e-6 128.1747 -313.2049 7.62939e-6 120.3712 -320.581 7.62939e-6 110.1855 -326.9833 7.62939e-6 97.03868 -331.6573 7.62939e-6 85.72862 -333.0449 7.62939e-6 72.90461 -331.9494 -7.62939e-6 61.91737 -328.663 7.62939e-6 50.81882 -322.6258 -1.52588e-5 43.91701 -317.0268 7.62939e-6 39.27499 -311.5739 7.62939e-6 35.77956 -307.4841 -7.62939e-6 31.44923 -300.0107 -7.62939e-6 61.60568 -255.7051 -7.62939e-6 72.41481 -239.833 -7.62939e-6 52.81144 -223.839 -7.62939e-6 60.54814 -219.6519 -7.62939e-6 68.1624 -216.8524 7.62939e-6 77.73587 -214.9292 7.62939e-6 84.91598 -214.5153 7.62939e-6 91.61742 -214.8075 -7.62939e-6 96.18151 -215.4161 7.62939e-6 103.2169 -217.5583 9.000008 96.18151 -215.4161 9.000008 91.61742 -214.8075 9.000008 84.91598 -214.5153 9.000008 77.73587 -214.9292 9.000008 68.1624 -216.8524 9.000008 60.54814 -219.6519 9.000008 52.81144 -223.839 9.000008 72.41481 -239.833 9.000008 61.60568 -255.7051 9.000008 31.44923 -300.0107 9.000008 35.77956 -307.4841 9.000008 39.27499 -311.5739 9.000008 43.91701 -317.0268 9.000008 50.81882 -322.6258 9.000008 61.91737 -328.663 9.000008 72.90461 -331.9494 9.000008 85.72862 -333.0449 9.000008 97.03868 -331.6573 9.000008 110.1855 -326.9833 9.000008 120.3712 -320.581 9.000008 128.1747 -313.2049 9.000008 133.1952 -306.6321 9.000008 121.6848 -298.9395 9.000008 123.6218 -295.8722 9.000008 128.2861 -288.5205 9.000008 138.9393 -295.8236 9.000008 141.2102 -289.2508 9.000008 142.8132 -281.5582 9.000008 143.3698 -271.6259 9.000008 142.4682 -262.9352 9.000008 140.3642 -254.6827 9.000008 137.0692 -246.7953 9.000008 132.6609 -239.4678 9.000008 125.2916 -230.8988 9.000008 115.9519 -223.5956 9.000008 109.8627 -220.2361 9.000008 35.73503 -318.0979 7.62939e-6 22.24311 -319.8263 -1.52588e-5 21.48613 -313.8865 7.62939e-6 19.03711 -294.7037 7.62939e-6 -59.50992 -304.7333 -7.62939e-6 -56.83826 -325.6445 -7.62939e-6 -69.23925 -327.2511 7.62939e-6 -82.44174 -328.9308 7.62939e-6 -85.10228 -308.1414 -7.62939e-6 -163.6493 -318.1953 7.62939e-6 -160.4322 -343.3908 -7.62939e-6 -174.4362 -345.1923 -7.62939e-6 -170.4175 -376.644 -7.62939e-6 -118.1308 -369.9495 -7.62939e-6 -121.2366 -345.6791 -7.62939e-6 -107.7001 -343.9508 7.62939e-6 -101.2993 -343.1474 7.62939e-6 -94.43086 -342.2711 -7.62939e-6 -91.18032 -367.6613 7.62939e-6 -39.01601 -360.9912 7.62939e-6 -42.40012 -334.5785 -7.62939e-6 -16.78551 -331.2922 7.62939e-6 -13.31234 -358.4351 -7.62939e-6 40.02083 -351.6189 -7.62939e-6 35.73503 -318.0979 15.00001 22.24311 -319.8263 15.00001 21.48613 -313.8865 15.00001 19.03711 -294.7037 15.00001 -59.50992 -304.7333 15.00001 -56.83826 -325.6445 15.00001 -69.23925 -327.2511 15.00001 -82.44174 -328.9308 15.00001 -85.10228 -308.1414 15.00001 -163.6493 -318.1953 15.00001 -160.4322 -343.3908 15.00001 -174.4362 -345.1923 15.00001 -170.4175 -376.644 15.00001 -118.1308 -369.9495 15.00001 -121.2366 -345.6791 15.00001 -107.7001 -343.9508 15.00001 -101.2993 -343.1474 15.00001 -94.43086 -342.2711 15.00001 -91.18032 -367.6613 15.00001 -39.01601 -360.9912 15.00001 -42.40012 -334.5785 15.00001 -16.78551 -331.2922 15.00001 -13.31234 -358.4351 15.00001 40.02083 -351.6189 15.00001 57.04158 30.29123 -7.62939e-6 58.37741 20.55334 -7.62939e-6 65.26809 26.93166 -7.62939e-6 73.69498 39.15272 7.62939e-6 78.27021 51.49554 7.62939e-6 79.83982 65.81031 7.62939e-6 77.37966 81.26931 -7.62939e-6 71.25708 94.70772 7.62939e-6 62.57416 105.3952 -7.62939e-6 52.73352 112.9908 7.62939e-6 45.40869 116.7156 -7.62939e-6 32.29526 115.8879 -7.62939e-6 30.00208 131.6391 7.62939e-6 24.01309 131.1766 -7.62939e-6 22.57707 143.4708 -7.62939e-6 2.495029 140.2573 -7.62939e-6 -3.215661 139.3078 1.52588e-5 -8.403149 138.5288 -7.62939e-6 9.40797 23.45036 -7.62939e-6 19.08163 24.83801 -7.62939e-6 46.07661 28.68448 -7.62939e-6 50.20656 29.36613 7.62939e-6 57.04158 30.29123 29.00002 58.37741 20.55334 29.00002 65.26809 26.93166 29.00002 73.69498 39.15272 29.00002 78.27021 51.49554 29.00002 79.83982 65.81031 29.00002 77.37966 81.26931 29.00002 71.25708 94.70772 29.00002 62.57416 105.3952 29.00002 52.73352 112.9908 29.00002 45.40869 116.7156 29.00002 32.29526 115.8879 29.00002 30.00208 131.6391 29.00002 24.01309 131.1766 29.00002 22.57707 143.4708 29.00002 2.495029 140.2573 29.00002 -3.215661 139.3078 29.00002 -8.403149 138.5288 29.00002 9.40797 23.45036 29.00002 19.08163 24.83801 29.00002 46.07661 28.68448 29.00002 50.20656 29.36613 29.00002 -414.3074 734.2784 -7.62939e-6 -399.6132 464.7364 7.62939e-6 -312.7507 469.4595 -7.62939e-6 -322.6692 651.2551 7.62939e-6 -292.8579 652.8864 -7.62939e-6 -295.574 702.7003 -7.62939e-6 -288.9728 703.0654 7.62939e-6 -290.9988 740.3165 -7.62939e-6 -345.0556 737.3705 -7.62939e-6 -345.8793 752.5388 7.62939e-6 -385.0081 750.3963 7.62939e-6 -384.2178 735.9097 -7.62939e-6 -414.3074 734.2784 20.00001 -399.6132 464.7364 20.00001 -312.7507 469.4595 20.00001 -322.6692 651.2551 20.00001 -292.8579 652.8864 20.00001 -295.574 702.7003 20.00001 -288.9728 703.0654 20.00001 -290.9988 740.3165 20.00001 -345.0556 737.3705 20.00001 -345.8793 752.5388 20.00001 -385.0081 750.3963 20.00001 -384.2178 735.9097 20.00001 37.30463 -414.6925 -7.62939e-6 100.2781 -390.7875 -1.52588e-5 97.3949 -383.168 -1.52588e-5 143.3253 -365.7381 -1.52588e-5 158.8878 -406.7323 7.62939e-6 138.6165 -414.4248 -1.52588e-5 132.672 -416.6887 -7.62939e-6 161.0251 -491.3733 7.62939e-6 164.643 -500.9401 7.62939e-6 138.3271 -510.9207 7.62939e-6 134.7537 -501.5243 7.62939e-6 132.4494 -495.4386 7.62939e-6 66.5594 -520.4388 -7.62939e-6 55.58329 -491.5194 -7.62939e-6 65.10111 -487.9166 -7.62939e-6 37.30463 -414.6925 6.000008 65.10111 -487.9166 6.000008 55.58329 -491.5194 6.000008 66.5594 -520.4388 6.000008 132.4494 -495.4386 6.000008 134.7537 -501.5243 6.000008 138.3271 -510.9207 6.000008 164.643 -500.9401 6.000008 161.0251 -491.3733 6.000008 132.672 -416.6887 6.000008 138.6165 -414.4248 6.000008 158.8878 -406.7323 6.000008 143.3253 -365.7381 6.000008 97.3949 -383.168 6.000008 100.2781 -390.7875 6.000008 -517.1889 508.1945 7.62939e-6 -510.5654 361.8013 7.62939e-6 -449.8851 364.5767 -7.62939e-6 -451.5104 400.633 -7.62939e-6 -481.8004 399.2453 7.62939e-6 -486.7987 509.5579 7.62939e-6 -517.1889 508.1945 20.00001 -510.5654 361.8013 20.00001 -449.8851 364.5767 20.00001 -451.5104 400.633 20.00001 -481.8004 399.2453 20.00001 -486.7987 509.5579 20.00001 -125.9899 866.728 0 -128.5614 810.4367 0 -133.3815 704.7454 7.62939e-6 -88.1413 726.1708 -7.62939e-6 -83.82211 839.264 0 -65.84401 846.9578 0 -61.25764 837.4379 0 -54.81224 839.9701 0 -49.11268 842.2344 0 -53.08679 852.3873 0 -40.34071 857.8412 0 -3.427168 773.6235 -7.62939e-6 10.78833 780.1729 0 27.1189 743.2138 7.62939e-6 107.1354 779.7103 0 158.3868 803.1081 0 209.3378 880.2653 0 187.9533 894.2409 0 139.7965 820.9791 0 41.75741 776.4478 0 35.42333 791.884 0 108.2931 824.7773 0 76.12174 898.1852 0 103.1501 910.0182 0 91.00516 937.7503 0 97.27245 940.5016 0 117.8777 893.4861 0 136.5905 901.6669 0 143.8151 885.1835 0 182.7881 902.2512 0 173.3482 923.7991 0 188.0201 930.2268 0 165.5001 981.6008 0 160.591 992.8009 0 -78.11141 887.7887 0 -125.9899 866.728 20.00001 -128.5614 810.4367 20.00001 -133.3815 704.7454 20.00001 -88.1413 726.1708 20.00001 -83.82211 839.264 20.00001 -65.84401 846.9578 20.00001 -61.25764 837.4379 20.00001 -54.81224 839.9701 20.00001 -49.11268 842.2344 20.00001 -53.08679 852.3873 20.00001 -40.34071 857.8412 20.00001 -3.427168 773.6235 20.00001 10.78833 780.1729 20.00001 27.1189 743.2138 20.00001 107.1354 779.7103 20.00001 158.3868 803.1081 20.00001 209.3378 880.2653 20.00001 187.9533 894.2409 20.00001 139.7965 820.9791 20.00001 41.75741 776.4478 20.00001 35.42333 791.884 20.00001 108.2931 824.7773 20.00001 76.12174 898.1852 20.00001 103.1501 910.0182 20.00001 91.00516 937.7503 20.00001 97.27245 940.5016 20.00001 117.8777 893.4861 20.00001 136.5905 901.6669 20.00001 143.8151 885.1835 20.00001 182.7881 902.2512 20.00001 173.3482 923.7991 20.00001 188.0201 930.2268 20.00001 165.5001 981.6008 20.00001 160.591 992.8009 20.00001 -78.11141 887.7887 20.00001 779.1155 -790.7369 -1.52588e-5 812.4334 -876.7609 -1.52588e-5 802.5261 -881.1911 -1.52588e-5 836.8681 -971.3764 -1.52588e-5 847.3432 -966.8975 -1.52588e-5 852.1633 -979.3359 -1.52588e-5 982.2624 -928.9493 -1.52588e-5 948.2766 -841.1733 -1.52588e-5 958.2619 -837.3031 -1.52588e-5 951.3935 -819.5578 -1.52588e-5 940.3172 -823.8419 -1.52588e-5 908.1348 -740.7628 -1.52588e-5 779.1155 -790.7369 19.99999 812.4334 -876.7609 19.99999 802.5261 -881.1911 19.99999 836.8681 -971.3764 19.99999 847.3432 -966.8975 19.99999 852.1633 -979.3359 19.99999 982.2624 -928.9493 19.99999 948.2766 -841.1733 19.99999 958.2619 -837.3031 19.99999 951.3935 -819.5578 19.99999 940.3172 -823.8419 19.99999 908.1348 -740.7628 19.99999 -7.278822 164.5051 7.62939e-6 18.51391 168.6681 7.62939e-6 20.08351 159.6847 7.62939e-6 22.57707 143.4708 -7.62939e-6 24.01309 131.1766 -7.62939e-6 30.00208 131.6391 7.62939e-6 32.29526 115.8879 -7.62939e-6 45.40869 116.7156 -7.62939e-6 44.90776 124.0435 -7.62939e-6 44.30663 132.759 -7.62939e-6 75.85458 135.2178 -7.62939e-6 63.0083 223.5424 7.62939e-6 42.03571 287.4737 7.62939e-6 30.75905 320.0726 7.62939e-6 11.94605 314.1809 -7.62939e-6 -27.00464 302.0081 7.62939e-6 -25.23466 279.5858 -7.62939e-6 -7.278822 164.5051 32.00001 18.51391 168.6681 32.00001 20.08351 159.6847 32.00001 22.57707 143.4708 32.00001 24.01309 131.1766 32.00001 30.00208 131.6391 32.00001 32.29526 115.8879 32.00001 45.40869 116.7156 32.00001 44.90776 124.0435 32.00001 44.30663 132.759 32.00001 75.85458 135.2178 32.00001 63.0083 223.5424 32.00001 42.03571 287.4737 32.00001 30.75905 320.0726 32.00001 11.94605 314.1809 32.00001 -27.00464 302.0081 32.00001 -25.23466 279.5858 32.00001 1071.34 216.0197 -7.62939e-6 1097.189 145.7836 7.62939e-6 1121.434 154.7183 -7.62939e-6 1122.213 152.6003 7.62939e-6 1130.351 155.5947 -7.62939e-6 1138.566 158.6379 -1.52588e-5 1137.809 160.7072 7.62939e-6 1211.636 187.8521 -3.8147e-6 1190.196 246.1593 -1.52588e-5 1168.945 238.3444 -7.62939e-6 1176.782 216.9935 -7.62939e-6 1158.848 210.4203 -7.62939e-6 1145.858 245.7454 -7.62939e-6 1121.723 236.8837 -7.62939e-6 1119.408 243.1892 7.62939e-6 1077.051 227.6081 -7.62939e-6 1080.123 219.2576 7.62939e-6 1071.34 216.0197 20.00001 1097.189 145.7836 20.00001 1121.434 154.7183 20.00001 1122.213 152.6003 20.00001 1130.351 155.5947 20.00001 1138.566 158.6379 20.00001 1137.809 160.7072 20.00001 1211.636 187.8521 20.00001 1190.196 246.1593 20.00001 1168.945 238.3444 20.00001 1176.782 216.9935 20.00001 1158.848 210.4203 20.00001 1145.858 245.7454 20.00001 1121.723 236.8837 20.00001 1119.408 243.1892 20.00001 1077.051 227.6081 20.00001 1080.123 219.2576 20.00001 514.3977 -607.0015 -7.62939e-6 519.652 -621.315 7.62939e-6 532.8545 -616.4708 1.52588e-5 527.6113 -602.1574 -7.62939e-6 514.3977 -607.0015 20.00002 519.652 -621.315 20.00002 532.8545 -616.4708 20.00002 527.6113 -602.1574 20.00002 469.7809 -541.4223 7.62939e-6 457.8586 -545.4632 7.62939e-6 473.8329 -592.4691 7.62939e-6 485.7441 -588.4281 7.62939e-6 469.7809 -541.4223 20.00001 457.8586 -545.4632 20.00001 473.8329 -592.4691 20.00001 485.7441 -588.4281 20.00001 486.7682 -596.0717 -7.62939e-6 472.575 -601.0863 7.62939e-6 477.1836 -614.1582 7.62939e-6 491.3768 -609.1437 -7.62939e-6 486.7682 -596.0717 20.00001 472.575 -601.0863 20.00001 477.1836 -614.1582 20.00001 491.3768 -609.1437 20.00001 430.1623 -600.0639 -7.62939e-6 416.7928 -604.3725 7.62939e-6 422.9599 -623.5545 -7.62939e-6 436.3294 -619.2458 -7.62939e-6 430.1623 -600.0639 20.00001 416.7928 -604.3725 20.00001 422.9599 -623.5545 20.00001 436.3294 -619.2458 20.00001 595.2602 13.56641 7.62939e-6 627.4538 24.71629 -7.62939e-6 606.5035 85.35926 -7.62939e-6 655.5953 102.3277 -7.62939e-6 643.9179 136.1186 7.62939e-6 562.6213 108.0244 -7.62939e-6 595.2602 13.56641 9.000008 627.4538 24.71629 9.000008 606.5035 85.35926 9.000008 655.5953 102.3277 9.000008 643.9179 136.1186 9.000008 562.6213 108.0244 9.000008 368.8809 138.3584 7.62939e-6 397.2228 147.4391 7.62939e-6 391.6123 165.0406 7.62939e-6 429.2383 177.0428 7.62939e-6 420.0433 205.892 -7.62939e-6 370.2279 190.0189 -7.62939e-6 374.8476 175.5334 7.62939e-6 363.8381 172.0277 -7.62939e-6 366.2649 164.3833 -1.52588e-5 361.1776 162.7765 -7.62939e-6 368.8809 138.3584 20.00001 397.2228 147.4391 20.00001 391.6123 165.0406 20.00001 429.2383 177.0428 20.00001 420.0433 205.892 20.00001 370.2279 190.0189 20.00001 374.8476 175.5334 20.00001 363.8381 172.0277 20.00001 366.2649 164.3833 20.00001 361.1776 162.7765 20.00001 409.98 317.1755 -7.62939e-6 427.3013 322.7019 7.62939e-6 411.8947 371.0284 -7.62939e-6 385.5343 362.629 -7.62939e-6 381.0704 353.9863 -7.62939e-6 374.9812 357.1269 -7.62939e-6 362.3353 332.635 7.62939e-6 370.2279 328.5449 7.62939e-6 372.4431 321.582 7.62939e-6 362.7026 318.4658 7.62939e-6 372.3652 288.1798 7.62939e-6 395.4528 295.5565 -7.62939e-6 385.7903 325.8425 7.62939e-6 393.9055 341.5455 -7.62939e-6 401.453 343.9314 -7.62939e-6 409.98 317.1755 20.00001 427.3013 322.7019 20.00001 411.8947 371.0284 20.00001 385.5343 362.629 20.00001 381.0704 353.9863 20.00001 374.9812 357.1269 20.00001 362.3353 332.635 20.00001 370.2279 328.5449 20.00001 372.4431 321.582 20.00001 362.7026 318.4658 20.00001 372.3652 288.1798 20.00001 395.4528 295.5565 20.00001 385.7903 325.8425 20.00001 393.9055 341.5455 20.00001 401.453 343.9314 20.00001 326.0897 369.4702 7.62939e-6 304.6607 312.1602 -7.62939e-6 327.8262 303.4932 7.62939e-6 349.2441 360.8031 -1.52588e-5 326.0897 369.4702 20.00001 304.6607 312.1602 20.00001 327.8262 303.4932 20.00001 349.2441 360.8031 20.00001 521.1214 275.3496 -7.62939e-6 550.5098 284.82 7.62939e-6 534.3907 334.9235 -7.62939e-6 505.0024 325.453 -1.52588e-5 521.1214 275.3496 20.00001 550.5098 284.82 20.00001 534.3907 334.9235 20.00001 505.0024 325.453 20.00001 445.8472 337.1633 7.62939e-6 475.2133 346.6582 7.62939e-6 459.2723 395.9343 7.62939e-6 429.8951 386.4637 7.62939e-6 445.8472 337.1633 20.00001 475.2133 346.6582 20.00001 459.2723 395.9343 20.00001 429.8951 386.4637 20.00001 391.4231 418.357 7.62939e-6 340.1604 384.9542 -7.62939e-6 352.9177 365.3801 7.62939e-6 404.1803 398.7828 7.62939e-6 391.4231 418.357 20.00001 340.1604 384.9542 20.00001 352.9177 365.3801 20.00001 404.1803 398.7828 20.00001 495.0059 353.475 -7.62939e-6 524.2829 363.2377 -7.62939e-6 507.9857 412.1487 7.62939e-6 478.6976 402.386 7.62939e-6 495.0059 353.475 20.00001 524.2829 363.2377 20.00001 507.9857 412.1487 20.00001 478.6976 402.386 20.00001 333.6594 193.3785 7.62939e-6 344.4462 197.5416 7.62939e-6 340.9731 206.5737 7.62939e-6 330.1862 202.435 7.62939e-6 333.6594 193.3785 20.00001 344.4462 197.5416 20.00001 340.9731 206.5737 20.00001 330.1862 202.435 20.00001 458.2482 443.4335 7.62939e-6 400.1283 424.3218 7.62939e-6 407.4197 402.1425 7.62939e-6 465.5396 421.2298 -7.62939e-6 458.2482 443.4335 20.00001 400.1283 424.3218 20.00001 407.4197 402.1425 20.00001 465.5396 421.2298 20.00001 471.9627 258.0886 7.62939e-6 501.2064 268.0216 -7.62939e-6 484.1745 318.1249 -7.62939e-6 454.942 308.2162 -7.62939e-6 471.9627 258.0886 20.00001 501.2064 268.0216 20.00001 484.1745 318.1249 20.00001 454.942 308.2162 20.00001 301.9556 155.5947 -7.62939e-6 282.7641 128.6447 -7.62939e-6 314.0894 106.369 -7.62939e-6 323.5071 119.6127 -7.62939e-6 329.83 115.1088 7.62939e-6 339.5704 128.8151 -7.62939e-6 328.9394 136.3864 -7.62939e-6 301.9556 155.5947 24.00001 282.7641 128.6447 24.00001 314.0894 106.369 24.00001 323.5071 119.6127 24.00001 329.83 115.1088 24.00001 339.5704 128.8151 24.00001 328.9394 136.3864 24.00001 606.7706 359.4884 1.52588e-5 598.3104 385.1003 -1.52588e-5 568.332 375.1915 -7.62939e-6 535.1032 364.2359 -7.62939e-6 543.5523 338.6241 -7.62939e-6 547.7379 340.0118 -7.62939e-6 577.9277 349.9692 7.62939e-6 606.7706 359.4884 20.00002 598.3104 385.1003 20.00002 568.332 375.1915 20.00002 535.1032 364.2359 20.00002 543.5523 338.6241 20.00002 547.7379 340.0118 20.00002 577.9277 349.9692 20.00002 300.1411 281.6551 1.52588e-5 313.2434 238.174 7.62939e-6 316.7611 239.2452 -7.62939e-6 320.0562 228.2898 7.62939e-6 327.6593 230.5782 7.62939e-6 337.0435 251.3449 1.52588e-5 325.5999 289.324 -7.62939e-6 300.1411 281.6551 20.00002 313.2434 238.174 20.00002 316.7611 239.2452 20.00002 320.0562 228.2898 20.00002 327.6593 230.5782 20.00002 337.0435 251.3449 20.00002 325.5999 289.324 20.00002 398.2692 264.735 7.62939e-6 343.1104 244.4064 -1.52588e-5 334.0824 227.0482 -7.62939e-6 336.665 220.0367 7.62939e-6 345.7153 223.372 -7.62939e-6 346.9064 220.1341 -7.62939e-6 406.5959 242.118 7.62939e-6 398.2692 264.735 20.00001 343.1104 244.4064 20.00001 334.0824 227.0482 20.00001 336.665 220.0367 20.00001 345.7153 223.372 20.00001 346.9064 220.1341 20.00001 406.5959 242.118 20.00001 -702.5804 449.6417 -7.62939e-6 -700.4653 422.0332 7.62939e-6 -593.0865 430.2622 -7.62939e-6 -595.2016 457.9438 7.62939e-6 -607.7362 456.9699 7.62939e-6 -608.2593 463.7382 -1.52588e-5 -624.0333 462.5209 -7.62939e-6 -623.6215 455.7526 -7.62939e-6 -641.4103 454.3892 -7.62939e-6 -641.7443 461.474 7.62939e-6 -647.6331 461.1088 -7.62939e-6 -647.2769 454.1944 7.62939e-6 -657.9301 453.5128 7.62939e-6 -658.3643 460.6218 -7.62939e-6 -663.3737 460.281 7.62939e-6 -662.895 452.8798 7.62939e-6 -675.3627 451.7598 -7.62939e-6 -676.0084 459.8184 -7.62939e-6 -691.4707 458.6255 7.62939e-6 -690.8584 450.5182 -7.62939e-6 -702.5804 449.6417 20.00001 -700.4653 422.0332 20.00001 -593.0865 430.2622 20.00001 -595.2016 457.9438 20.00001 -607.7362 456.9699 20.00001 -608.2593 463.7382 20.00001 -624.0333 462.5209 20.00001 -623.6215 455.7526 20.00001 -641.4103 454.3892 20.00001 -641.7443 461.474 20.00001 -647.6331 461.1088 20.00001 -647.2769 454.1944 20.00001 -657.9301 453.5128 20.00001 -658.3643 460.6218 20.00001 -663.3737 460.281 20.00001 -662.895 452.8798 20.00001 -675.3627 451.7598 20.00001 -676.0084 459.8184 20.00001 -691.4707 458.6255 20.00001 -690.8584 450.5182 20.00001 -697.0589 381.4971 -7.62939e-6 -694.9439 353.6698 7.62939e-6 -607.9811 360.584 -7.62939e-6 -610.1629 388.1192 -7.62939e-6 -623.0648 387.0967 7.62939e-6 -623.5769 393.5484 7.62939e-6 -640.0968 392.2337 -7.62939e-6 -639.6069 385.9768 7.62939e-6 -656.8615 384.5891 -7.62939e-6 -657.4069 391.3572 -7.62939e-6 -673.5482 390.0669 -7.62939e-6 -673.0139 383.3961 7.62939e-6 -685.5263 382.3979 -7.62939e-6 -686.0161 388.947 7.62939e-6 -691.9716 388.4844 -7.62939e-6 -691.4818 381.9353 -7.62939e-6 -697.0589 381.4971 20.00001 -694.9439 353.6698 20.00001 -607.9811 360.584 20.00001 -610.1629 388.1192 20.00001 -623.0648 387.0967 20.00001 -623.5769 393.5484 20.00001 -640.0968 392.2337 20.00001 -639.6069 385.9768 20.00001 -656.8615 384.5891 20.00001 -657.4069 391.3572 20.00001 -673.5482 390.0669 20.00001 -673.0139 383.3961 20.00001 -685.5263 382.3979 20.00001 -686.0161 388.947 20.00001 -691.9716 388.4844 20.00001 -691.4818 381.9353 20.00001 -703.2149 480.1475 -7.62939e-6 -603.7732 486.4045 7.62939e-6 -604.6415 500.1846 -7.62939e-6 -704.0832 493.9275 7.62939e-6 -703.2149 480.1475 20.00001 -603.7732 486.4045 20.00001 -604.6415 500.1846 20.00001 -704.0832 493.9275 20.00001 -921.6905 408.229 7.62939e-6 -927.9356 399.6349 -1.52588e-5 -920.4437 394.2057 7.62939e-6 -927.5125 384.4673 -7.62939e-6 -918.1394 377.6505 -7.62939e-6 -904.8145 395.9586 -7.62939e-6 -921.6905 408.229 20.00001 -927.9356 399.6349 20.00001 -920.4437 394.2057 20.00001 -927.5125 384.4673 20.00001 -918.1394 377.6505 20.00001 -904.8145 395.9586 20.00001 -932.6333 480.6831 7.62939e-6 -950.3442 456.5804 -3.05176e-6 -891.2557 413.1469 -7.62939e-6 -867.6895 445.1864 -7.62939e-6 -892.0016 463.0565 -1.52588e-5 -897.8459 455.0953 7.62939e-6 -932.6333 480.6831 20.00001 -950.3442 456.5804 20.00001 -891.2557 413.1469 20.00001 -867.6895 445.1864 20.00001 -892.0016 463.0565 20.00001 -897.8459 455.0953 20.00001 -989.2058 392.5258 7.62939e-6 -1007.418 368.7398 7.62939e-6 -952.3256 326.5486 7.62939e-6 -925.5311 361.5578 7.62939e-6 -949.4313 379.8416 7.62939e-6 -958.0029 368.6425 7.62939e-6 -989.2058 392.5258 20.00001 -1007.418 368.7398 20.00001 -952.3256 326.5486 20.00001 -925.5311 361.5578 20.00001 -949.4313 379.8416 20.00001 -958.0029 368.6425 20.00001 -834.4606 481.2188 -7.62939e-6 -834.8502 470.5551 -7.62939e-6 -837.3215 463.3973 -7.62939e-6 -843.3105 454.657 -7.62939e-6 -831.6442 446.5498 -7.62939e-6 -824.2637 457.0673 -7.62939e-6 -821.1802 467.6823 7.62939e-6 -820.5345 481.3405 -7.62939e-6 -834.4606 481.2188 20.00001 -834.8502 470.5551 20.00001 -837.3215 463.3973 20.00001 -843.3105 454.657 20.00001 -831.6442 446.5498 20.00001 -824.2637 457.0673 20.00001 -821.1802 467.6823 20.00001 -820.5345 481.3405 20.00001 -200.3625 -745.6799 -7.62939e-6 -201.253 -764.8614 -7.62939e-6 -158.7624 -766.8088 -7.62939e-6 -158.562 -762.4759 -7.62939e-6 -149.3559 -762.9141 -7.62939e-6 -150.3466 -784.335 -7.62939e-6 -155.8458 -784.0916 -7.62939e-6 -156.6584 -801.6908 -7.62939e-6 -138.1126 -802.5428 -7.62939e-6 -135.6302 -748.674 -7.62939e-6 -200.3625 -745.6799 19.99999 -201.253 -764.8614 19.99999 -158.7624 -766.8088 19.99999 -158.562 -762.4759 19.99999 -149.3559 -762.9141 19.99999 -150.3466 -784.335 19.99999 -155.8458 -784.0916 19.99999 -156.6584 -801.6908 19.99999 -138.1126 -802.5428 19.99999 -135.6302 -748.674 19.99999 -158.9516 61.28216 -7.62939e-6 -138.5245 62.13423 -7.62939e-6 -139.8492 94.65903 -7.62939e-6 -160.2763 93.8313 7.62939e-6 -158.9516 61.28216 20.00001 -138.5245 62.13423 20.00001 -139.8492 94.65903 20.00001 -160.2763 93.8313 20.00001 -136.9772 -738.3286 7.62939e-6 -106.9098 -740.1055 -7.62939e-6 -105.9524 -723.8936 7.62939e-6 -136.0198 -722.1166 -7.62939e-6 -136.9772 -738.3286 20.00001 -106.9098 -740.1055 20.00001 -105.9524 -723.8936 20.00001 -136.0198 -722.1166 20.00001 -95.68876 -699.7948 -7.62939e-6 -95.39933 -709.0936 -7.62939e-6 -84.46776 -708.7285 -7.62939e-6 -84.76832 -699.4541 7.62939e-6 -95.68876 -699.7948 20.00001 -95.39933 -709.0936 20.00001 -84.46776 -708.7285 20.00001 -84.76832 -699.4541 20.00001 -126.4797 -625.5992 7.62939e-6 -124.565 -637.2349 7.62939e-6 -113.088 -635.3605 -7.62939e-6 -115.0027 -623.7005 7.62939e-6 -126.4797 -625.5992 20.00001 -124.565 -637.2349 20.00001 -113.088 -635.3605 20.00001 -115.0027 -623.7005 20.00001 -50.0255 -554.3483 -7.62939e-6 -39.20525 -552.9121 -7.62939e-6 -41.81013 -533.4379 7.62939e-6 -52.63038 -534.8741 -7.62939e-6 -50.0255 -554.3483 20.00001 -39.20525 -552.9121 20.00001 -41.81013 -533.4379 20.00001 -52.63038 -534.8741 20.00001 -152.1945 -696.5573 7.62939e-6 -135.5077 -693.4902 -7.62939e-6 -142.198 -657.1958 -7.62939e-6 -158.8848 -660.2629 7.62939e-6 -152.1945 -696.5573 20.00001 -135.5077 -693.4902 20.00001 -142.198 -657.1958 20.00001 -158.8848 -660.2629 20.00001 -101.1768 -790.6396 0 -80.83875 -791.2481 0 -79.62536 -749.4285 -7.62939e-6 -99.96343 -748.8443 7.62939e-6 -100.0191 -750.7431 7.62939e-6 -106.5758 -750.5483 -7.62939e-6 -106.8652 -760.2608 0 -100.3085 -760.4555 0 -101.1768 -790.6396 20.00001 -80.83875 -791.2481 20.00001 -79.62536 -749.4285 20.00001 -99.96343 -748.8443 20.00001 -100.0191 -750.7431 20.00001 -106.5758 -750.5483 20.00001 -106.8652 -760.2608 20.00001 -100.3085 -760.4555 20.00001 -97.03573 -688.0618 7.62939e-6 -77.57708 -685.4085 7.62939e-6 -82.43061 -649.893 7.62939e-6 -101.8781 -652.5463 1.52588e-5 -101.3883 -656.1977 7.62939e-6 -106.3643 -656.8793 -7.62939e-6 -104.5609 -670.0729 7.62939e-6 -99.58495 -669.3912 7.62939e-6 -97.03573 -688.0618 20.00002 -77.57708 -685.4085 20.00002 -82.43061 -649.893 20.00002 -101.8781 -652.5463 20.00002 -101.3883 -656.1977 20.00002 -106.3643 -656.8793 20.00002 -104.5609 -670.0729 20.00002 -99.58495 -669.3912 20.00002 -181.1265 238.1253 -7.62939e-6 -179.4678 216.044 -7.62939e-6 -138.2573 218.7951 -7.62939e-6 -106.3532 225.7578 -7.62939e-6 -108.112 241.6798 7.62939e-6 -133.7712 244.6256 -7.62939e-6 -135.53 260.5475 -7.62939e-6 -168.2579 257.3096 -7.62939e-6 -167.4342 248.9591 -7.62939e-6 -166.488 239.3182 -7.62939e-6 -181.1265 238.1253 20.00001 -179.4678 216.044 20.00001 -138.2573 218.7951 20.00001 -106.3532 225.7578 20.00001 -108.112 241.6798 20.00001 -133.7712 244.6256 20.00001 -135.53 260.5475 20.00001 -168.2579 257.3096 20.00001 -167.4342 248.9591 20.00001 -166.488 239.3182 20.00001 -91.67013 -59.00473 -7.62939e-6 -49.54683 -52.69952 7.62939e-6 -40.02901 -41.72016 -7.62939e-6 -36.11057 -31.69022 -7.62939e-6 -35.92132 -20.85689 -7.62939e-6 -38.51507 -12.55539 -7.62939e-6 -44.9716 -3.64526 7.62939e-6 -55.23526 2.854759 -7.62939e-6 -66.52306 4.85102 7.62939e-6 -77.55482 2.660002 -7.62939e-6 -84.21173 -1.040384 -7.62939e-6 -91.04674 -7.929913 7.62939e-6 -96.16744 -19.76139 7.62939e-6 -95.43273 -34.66025 -7.62939e-6 -91.67013 -59.00473 24.00001 -49.54683 -52.69952 24.00001 -40.02901 -41.72016 24.00001 -36.11057 -31.69022 24.00001 -35.92132 -20.85689 24.00001 -38.51507 -12.55539 24.00001 -44.9716 -3.64526 24.00001 -55.23526 2.854759 24.00001 -66.52306 4.85102 24.00001 -77.55482 2.660002 24.00001 -84.21173 -1.040384 24.00001 -91.04674 -7.929913 24.00001 -96.16744 -19.76139 24.00001 -95.43273 -34.66025 24.00001 -89.14318 697.3926 -7.62939e-6 -90.44561 660.4096 -1.52588e-5 -104.9839 660.7991 -7.62939e-6 -104.0155 697.7822 7.62939e-6 -89.14318 697.3926 20.00001 -104.0155 697.7822 20.00001 -104.9839 660.7991 20.00001 -90.44561 660.4096 20.00001 50.20656 29.36613 7.000008 56.78554 -18.71457 7.000008 63.62056 -17.76513 -7.62939e-6 60.8487 2.465245 6.999992 58.37741 20.55334 6.999992 57.04158 30.29123 -7.62939e-6 50.20656 29.36613 14.89398 56.78554 -18.71457 16.00001 63.62056 -17.76513 16.00001 60.8487 2.465245 15.00001 58.37741 20.55334 15.00001 57.04158 30.29123 15.00001 -25.07881 734.8384 7.62939e-6 -14.01365 734.5706 -7.62939e-6 -13.39026 759.5751 7.62939e-6 -24.45542 759.843 7.62939e-6 -25.07881 734.8384 20.00001 -14.01365 734.5706 20.00001 -13.39026 759.5751 20.00001 -24.45542 759.843 20.00001 1189.038 -457.1227 -7.62939e-6 1258.023 -432.7552 -7.62939e-6 1256.609 -428.7386 -7.62939e-6 1311.033 -409.5074 -7.62939e-6 1306.202 -395.8509 -7.62939e-6 1248.327 -416.3236 -7.62939e-6 1249.485 -419.6099 -7.62939e-6 1183.962 -442.7602 -7.62939e-6 1189.038 -457.1227 19.99999 1258.023 -432.7552 19.99999 1256.609 -428.7386 19.99999 1311.033 -409.5074 19.99999 1306.202 -395.8509 19.99999 1248.327 -416.3236 19.99999 1249.485 -419.6099 19.99999 1183.962 -442.7602 19.99999 -725.2451 765.9298 -7.62939e-6 -723.8981 750.0554 7.62939e-6 -703.7047 751.7597 -7.62939e-6 -705.0405 767.6584 7.62939e-6 -725.2451 765.9298 20.00001 -723.8981 750.0554 20.00001 -703.7047 751.7597 20.00001 -705.0405 767.6584 20.00001 -585.7951 777.2999 7.62939e-6 -633.2283 772.9661 7.62939e-6 -632.1374 761.109 7.62939e-6 -584.7153 765.4428 7.62939e-6 -585.7951 777.2999 20.00001 -633.2283 772.9661 20.00001 -632.1374 761.109 20.00001 -584.7153 765.4428 20.00001 -638.7387 688.1164 7.62939e-6 -636.067 656.5871 7.62939e-6 -624.5899 657.561 -7.62939e-6 -627.2616 689.0903 7.62939e-6 -638.7387 688.1164 20.00001 -636.067 656.5871 20.00001 -624.5899 657.561 20.00001 -627.2616 689.0903 20.00001 -645.0839 731.7463 7.62939e-6 -643.7258 711.1973 7.62939e-6 -633.3174 711.8791 -7.62939e-6 -634.6644 732.4281 7.62939e-6 -645.0839 731.7463 20.00001 -643.7258 711.1973 20.00001 -633.3174 711.8791 20.00001 -634.6644 732.4281 20.00001 -719.8015 681.6157 -7.62939e-6 -716.3283 643.3911 7.62939e-6 -693.5858 645.4606 7.62939e-6 -695.1887 663.1364 7.62939e-6 -664.9099 665.8876 7.62939e-6 -666.7689 686.4365 7.62939e-6 -719.8015 681.6157 20.00001 -716.3283 643.3911 20.00001 -693.5858 645.4606 20.00001 -695.1887 663.1364 20.00001 -664.9099 665.8876 20.00001 -666.7689 686.4365 20.00001 -682.7098 615.7575 7.62939e-6 -681.6412 607.4797 7.62939e-6 -660.9691 610.1334 -7.62939e-6 -658.9988 594.8924 -7.62939e-6 -646.6757 596.4993 7.62939e-6 -649.7036 620.0182 -1.52588e-5 -682.7098 615.7575 20.00001 -681.6412 607.4797 20.00001 -660.9691 610.1334 20.00001 -658.9988 594.8924 20.00001 -646.6757 596.4993 20.00001 -649.7036 620.0182 20.00001 -597.5504 690.965 -1.52588e-5 -596.7489 681.0802 7.62939e-6 -602.1034 680.6419 7.62939e-6 -600.9902 666.8859 7.62939e-6 -572.4702 669.1988 -7.62939e-6 -574.3848 692.8397 -1.52588e-5 -597.5504 690.965 20.00001 -596.7489 681.0802 20.00001 -602.1034 680.6419 20.00001 -600.9902 666.8859 20.00001 -572.4702 669.1988 20.00001 -574.3848 692.8397 20.00001 -671.923 580.9905 -7.62939e-6 -670.8209 571.8605 7.62939e-6 -683.233 570.3754 7.62939e-6 -681.1625 553.1867 7.62939e-6 -650.2379 556.9361 -1.52588e-5 -653.4217 583.2304 -7.62939e-6 -671.923 580.9905 20.00001 -670.8209 571.8605 20.00001 -683.233 570.3754 20.00001 -681.1625 553.1867 20.00001 -650.2379 556.9361 20.00001 -653.4217 583.2304 20.00001 -711.7865 731.3811 -7.62939e-6 -710.8403 719.4754 7.62939e-6 -700.6323 720.2788 7.62939e-6 -699.9866 712.1469 1.52588e-5 -681.541 713.6077 -7.62939e-6 -683.1329 733.6454 -7.62939e-6 -711.7865 731.3811 20.00002 -710.8403 719.4754 20.00002 -700.6323 720.2788 20.00002 -699.9866 712.1469 20.00002 -681.541 713.6077 20.00002 -683.1329 733.6454 20.00002 -601.4021 741.4852 7.62939e-6 -600.0885 724.1013 7.62939e-6 -593.6542 724.5883 -7.62939e-6 -593.1644 718.2581 7.62939e-6 -578.192 719.3781 -7.62939e-6 -579.9954 743.1164 0 -601.4021 741.4852 20.00001 -600.0885 724.1013 20.00001 -593.6542 724.5883 20.00001 -593.1644 718.2581 20.00001 -578.192 719.3781 20.00001 -579.9954 743.1164 20.00001 -957.7024 -208.5267 2.54313e-6 -932.9227 -227.6854 7.62939e-6 -881.1369 -160.7394 7.62939e-6 -884.5432 -158.1103 7.62939e-6 -848.0638 -110.9556 7.62939e-6 -874.1794 -90.74981 -7.62939e-6 -908.1986 -134.7399 7.62939e-6 -913.9204 -130.3092 -7.62939e-6 -924.1284 -143.5038 -7.62939e-6 -913.6533 -151.6104 7.62939e-6 -957.7024 -208.5267 20.00001 -932.9227 -227.6854 20.00001 -881.1369 -160.7394 20.00001 -884.5432 -158.1103 20.00001 -848.0638 -110.9556 20.00001 -874.1794 -90.74981 20.00001 -908.1986 -134.7399 20.00001 -913.9204 -130.3092 20.00001 -924.1284 -143.5038 20.00001 -913.6533 -151.6104 20.00001 -791.725 -14.50296 7.62939e-6 -767.424 -33.41868 -7.62939e-6 -680.7617 77.83668 7.62939e-6 -705.0739 96.77704 -7.62939e-6 -791.725 -14.50296 20.00001 -767.424 -33.41868 20.00001 -680.7617 77.83668 20.00001 -705.0739 96.77704 20.00001 790.9598 234.4005 -7.62939e-6 734.866 215.1189 7.62939e-6 738.4282 204.7721 7.62939e-6 741.1333 205.6972 7.62939e-6 746.4877 190.1406 -7.62939e-6 764.5326 196.3486 7.62939e-6 766.5698 190.4084 7.62939e-6 786.3512 197.2251 -7.62939e-6 784.3141 203.1653 -7.62939e-6 799.8654 208.5213 7.62939e-6 794.7225 223.4937 -7.62939e-6 798.4628 224.784 7.62939e-6 795.6242 233.0371 7.62939e-6 791.8727 231.7468 7.62939e-6 790.9598 234.4005 20.00001 734.866 215.1189 20.00001 738.4282 204.7721 20.00001 741.1333 205.6972 20.00001 746.4877 190.1406 20.00001 764.5326 196.3486 20.00001 766.5698 190.4084 20.00001 786.3512 197.2251 20.00001 784.3141 203.1653 20.00001 799.8654 208.5213 20.00001 794.7225 223.4937 20.00001 798.4628 224.784 20.00001 795.6242 233.0371 20.00001 791.8727 231.7468 20.00001 846.5417 133.2459 7.62939e-6 876.5089 144.1525 7.62939e-6 871.0431 159.2221 -7.62939e-6 841.0537 148.3399 -7.62939e-6 846.5417 133.2459 20.00001 876.5089 144.1525 20.00001 871.0431 159.2221 20.00001 841.0537 148.3399 20.00001 1132.51 -309.4803 -1.52588e-5 1138.611 -328.1031 -7.62939e-6 1164.103 -319.7533 -7.62939e-6 1156.444 -296.3835 7.62939e-6 1140.826 -301.4956 -7.62939e-6 1142.384 -306.2426 -1.52588e-5 1132.51 -309.4803 20.00001 1138.611 -328.1031 20.00001 1164.103 -319.7533 20.00001 1156.444 -296.3835 20.00001 1140.826 -301.4956 20.00001 1142.384 -306.2426 20.00001 1145.59 -236.2057 -7.62939e-6 1149.431 -248.2803 -7.62939e-6 1171.383 -241.2936 1.52588e-5 1167.543 -229.219 -7.62939e-6 1145.59 -236.2057 20.00002 1149.431 -248.2803 20.00002 1171.383 -241.2936 20.00002 1167.543 -229.219 20.00002 1069.548 -90.72547 7.62939e-6 1079.578 -121.1071 -7.62939e-6 1294.959 -50.04597 0 1284.94 -19.66401 0 1069.548 -90.72547 9.000008 1079.578 -121.1071 9.000008 1294.959 -50.04597 9.000008 1284.94 -19.66401 9.000008 837.1463 227.0968 -1.52588e-5 852.3414 179.9886 -7.62939e-6 944.5697 209.7386 7.62939e-6 929.3745 256.847 -7.62939e-6 837.1463 227.0968 6.000008 852.3414 179.9886 6.000008 944.5697 209.7386 6.000008 929.3745 256.847 6.000008 904.7061 113.8672 -7.62939e-6 956.8704 132.3695 -7.62939e-6 947.6643 158.3457 -7.62939e-6 953.8203 160.5368 7.62939e-6 946.0279 182.4962 -7.62939e-6 881.1064 159.49 -7.62939e-6 894.7875 120.8786 7.62939e-6 901.3888 123.2157 -7.62939e-6 904.7061 113.8672 20.00001 956.8704 132.3695 20.00001 947.6643 158.3457 20.00001 953.8203 160.5368 20.00001 946.0279 182.4962 20.00001 881.1064 159.49 20.00001 894.7875 120.8786 20.00001 901.3888 123.2157 20.00001 1147.995 -199.5925 -1.52588e-5 1155.253 -222.208 -7.62939e-6 1195.35 -209.3301 -3.8147e-6 1187.613 -185.2295 -7.62939e-6 1194.337 -183.0629 -3.8147e-6 1182.816 -147.1797 -7.62939e-6 1175.624 -149.4924 7.62939e-6 1168.567 -127.4853 -7.62939e-6 1128.87 -140.2173 -7.62939e-6 1136.529 -164.0989 -7.62939e-6 1161.398 -156.114 7.62939e-6 1172.797 -191.632 7.62939e-6 1147.995 -199.5925 20.00001 1155.253 -222.208 20.00001 1195.35 -209.3301 20.00001 1187.613 -185.2295 20.00001 1194.337 -183.0629 20.00001 1182.816 -147.1797 20.00001 1175.624 -149.4924 20.00001 1168.567 -127.4853 20.00001 1128.87 -140.2173 20.00001 1136.529 -164.0989 20.00001 1161.398 -156.114 20.00001 1172.797 -191.632 20.00001 1029.707 660.7017 -1.52588e-5 1038.957 632.2647 7.62939e-6 1137.687 664.3781 -7.62939e-6 1128.436 692.8154 7.62939e-6 1029.707 660.7017 16.00001 1038.957 632.2647 16.00001 1137.687 664.3781 16.00001 1128.436 692.8154 16.00001 947.5641 631.3638 7.62939e-6 956.7368 602.8538 7.62939e-6 1003.402 617.8757 7.62939e-6 994.2181 646.3858 -7.62939e-6 947.5641 631.3638 20.00001 956.7368 602.8538 20.00001 1003.402 617.8757 20.00001 994.2181 646.3858 20.00001 1035.473 752.1736 7.62939e-6 1047.841 698.7073 -1.52588e-5 1071.919 704.2828 -7.62939e-6 1059.552 757.7491 -7.62939e-6 1035.473 752.1736 20.00001 1047.841 698.7073 20.00001 1071.919 704.2828 20.00001 1059.552 757.7491 20.00001 881.0062 -456.8305 -7.62939e-6 866.2007 -461.9183 -7.62939e-6 868.9837 -470.0002 -7.62939e-6 855.6921 -474.5766 7.62939e-6 864.6199 -500.5263 -7.62939e-6 872.3344 -497.8729 7.62939e-6 876.9987 -511.4076 7.62939e-6 869.2843 -514.0609 -7.62939e-6 877.6555 -538.3795 -7.62939e-6 905.7637 -528.7153 -7.62939e-6 881.0062 -456.8305 20.00001 866.2007 -461.9183 20.00001 868.9837 -470.0002 20.00001 855.6921 -474.5766 20.00001 864.6199 -500.5263 20.00001 872.3344 -497.8729 20.00001 876.9987 -511.4076 20.00001 869.2843 -514.0609 20.00001 877.6555 -538.3795 20.00001 905.7637 -528.7153 20.00001 1030.096 -421.6547 7.62939e-6 1050 -475.307 -7.62939e-6 1059.373 -471.8259 -7.62939e-6 1061.655 -477.9603 7.62939e-6 1075.793 -472.7023 -7.62939e-6 1073.511 -466.5678 -7.62939e-6 1079.244 -464.4499 -7.62939e-6 1075.014 -453.033 7.62939e-6 1070.494 -454.7127 -7.62939e-6 1064.706 -439.0601 7.62939e-6 1069.214 -437.4047 -7.62939e-6 1065.908 -428.4708 7.62939e-6 1061.811 -429.9801 7.62939e-6 1050.735 -400.1109 -7.62939e-6 1037.622 -404.9796 7.62939e-6 1042.152 -417.1755 -1.52588e-5 1030.096 -421.6547 20.00001 1050 -475.307 20.00001 1059.373 -471.8259 20.00001 1061.655 -477.9603 20.00001 1075.793 -472.7023 20.00001 1073.511 -466.5678 20.00001 1079.244 -464.4499 20.00001 1075.014 -453.033 20.00001 1070.494 -454.7127 20.00001 1064.706 -439.0601 20.00001 1069.214 -437.4047 20.00001 1065.908 -428.4708 20.00001 1061.811 -429.9801 20.00001 1050.735 -400.1109 20.00001 1037.622 -404.9796 20.00001 1042.152 -417.1755 20.00001 1053.562 -233.0167 -7.62939e-6 1060.631 -255.486 -7.62939e-6 1071.852 -251.9562 7.62939e-6 1064.784 -229.4868 -1.52588e-5 1053.562 -233.0167 20.00001 1060.631 -255.486 20.00001 1071.852 -251.9562 20.00001 1064.784 -229.4868 20.00001 935.1297 -441.7378 7.62939e-6 945.8052 -469.3916 -7.62939e-6 965.4754 -461.8209 -7.62939e-6 954.7999 -434.1428 7.62939e-6 935.1297 -441.7378 20.00001 945.8052 -469.3916 20.00001 965.4754 -461.8209 20.00001 954.7999 -434.1428 20.00001 1073.912 -390.4953 -7.62939e-6 1081.292 -411.7227 -7.62939e-6 1116.48 -399.5024 1.52588e-5 1109.1 -378.275 -7.62939e-6 1073.912 -390.4953 20.00002 1081.292 -411.7227 20.00002 1116.48 -399.5024 20.00002 1109.1 -378.275 20.00002 1031.198 516.1314 -7.62939e-6 1048.453 464.3955 7.62939e-6 1060.242 468.3153 -7.62939e-6 1042.987 520.0512 7.62939e-6 1031.198 516.1314 20.00001 1048.453 464.3955 20.00001 1060.242 468.3153 20.00001 1042.987 520.0512 20.00001 841.3876 -215.3674 -7.62939e-6 846.0296 -229.7789 -7.62939e-6 857.7849 -225.9813 -7.62939e-6 853.1541 -211.5697 7.62939e-6 841.3876 -215.3674 20.00001 846.0296 -229.7789 20.00001 857.7849 -225.9813 20.00001 853.1541 -211.5697 20.00001 1005.361 -290.4436 7.62939e-6 1008.734 -300.3028 -7.62939e-6 1032.245 -292.2694 -1.52588e-5 1028.872 -282.4102 -7.62939e-6 1005.361 -290.4436 20.00001 1008.734 -300.3028 20.00001 1032.245 -292.2694 20.00001 1028.872 -282.4102 20.00001 1031.488 -388.7913 7.62939e-6 1033.291 -393.879 7.62939e-6 1046.583 -389.1564 7.62939e-6 1044.768 -384.0687 -7.62939e-6 1031.488 -388.7913 20.00001 1033.291 -393.879 20.00001 1046.583 -389.1564 20.00001 1044.768 -384.0687 20.00001 1063.559 496.0943 7.62939e-6 1072.331 470.9447 -7.62939e-6 1132.232 491.8338 -7.62939e-6 1123.449 516.9835 -7.62939e-6 1063.559 496.0943 16.00001 1072.331 470.9447 16.00001 1132.232 491.8338 16.00001 1123.449 516.9835 16.00001 1035.785 -278.5396 -7.62939e-6 1039.002 -288.8126 -7.62939e-6 1063.036 -281.2904 7.62939e-6 1059.819 -271.0173 -7.62939e-6 1035.785 -278.5396 20.00001 1039.002 -288.8126 20.00001 1063.036 -281.2904 20.00001 1059.819 -271.0173 20.00001 809.7283 -427.3267 -7.62939e-6 815.0494 -442.4194 -7.62939e-6 840.2744 -433.5342 7.62939e-6 834.9533 -418.4414 7.62939e-6 809.7283 -427.3267 20.00001 815.0494 -442.4194 20.00001 840.2744 -433.5342 20.00001 834.9533 -418.4414 20.00001 720.0827 -516.4222 -7.62939e-6 728.1534 -538.9393 7.62939e-6 756.0391 -528.9101 7.62939e-6 747.9683 -506.4173 -7.62939e-6 720.0827 -516.4222 20.00001 728.1534 -538.9393 20.00001 756.0391 -528.9101 20.00001 747.9683 -506.4173 20.00001 774.095 -226.2491 -7.62939e-6 779.5162 -243.874 -7.62939e-6 794.088 -239.4191 -1.52588e-5 788.6778 -221.7698 -7.62939e-6 774.095 -226.2491 19.99999 779.5162 -243.874 19.99999 794.088 -239.4191 19.99999 788.6778 -221.7698 19.99999 770.2433 -422.6528 -7.62939e-6 776.3659 -420.4619 7.62939e-6 782.9003 -418.125 7.62939e-6 773.3936 -391.5664 7.62939e-6 760.7478 -396.07 7.62939e-6 770.2433 -422.6528 20.00001 776.3659 -420.4619 20.00001 782.9003 -418.125 20.00001 773.3936 -391.5664 20.00001 760.7478 -396.07 20.00001 797.2606 -358.3864 -7.62939e-6 800.9007 -369.6818 -7.62939e-6 819.9697 -363.5229 -7.62939e-6 816.3296 -352.2276 -7.62939e-6 797.2606 -358.3864 19.99999 800.9007 -369.6818 19.99999 819.9697 -363.5229 19.99999 816.3296 -352.2276 19.99999 813.2127 -161.2993 7.62939e-6 785.4273 -170.6961 7.62939e-6 792.7187 -192.2163 -7.62939e-6 820.504 -182.8195 7.62939e-6 813.2127 -161.2993 20.00001 785.4273 -170.6961 20.00001 792.7187 -192.2163 20.00001 820.504 -182.8195 20.00001 919.3446 -497.5564 7.62939e-6 926.3911 -516.7387 -7.62939e-6 937.8348 -512.5274 -7.62939e-6 930.7994 -493.3695 7.62939e-6 919.3446 -497.5564 20.00001 926.3911 -516.7387 20.00001 937.8348 -512.5274 20.00001 930.7994 -493.3695 20.00001 964.173 -311.4035 -7.62939e-6 977.7651 -306.8025 -7.62939e-6 975.2493 -299.3534 -7.62939e-6 961.6461 -303.9543 -7.62939e-6 964.173 -311.4035 19.99999 977.7651 -306.8025 19.99999 975.2493 -299.3534 19.99999 961.6461 -303.9543 19.99999 717.8563 -573.5791 -7.62939e-6 725.2145 -594.8302 -1.52588e-5 738.1276 -590.3755 -7.62939e-6 730.7694 -569.1243 7.62939e-6 717.8563 -573.5791 20.00001 725.2145 -594.8302 20.00001 738.1276 -590.3755 20.00001 730.7694 -569.1243 20.00001 970.5405 -255.4617 7.62939e-6 979.6353 -283.6274 7.62939e-6 1042.798 -263.203 7.62939e-6 1033.703 -235.0616 7.62939e-6 970.5405 -255.4617 20.00001 979.6353 -283.6274 20.00001 1042.798 -263.203 20.00001 1033.703 -235.0616 20.00001 887.6408 -391.2987 7.62939e-6 892.7838 -405.7099 -7.62939e-6 908.8361 -399.9892 7.62939e-6 903.6821 -385.578 -7.62939e-6 887.6408 -391.2987 20.00001 892.7838 -405.7099 20.00001 908.8361 -399.9892 20.00001 903.6821 -385.578 20.00001 980.4702 572.2744 7.62939e-6 989.3201 544.5924 7.62939e-6 1007.743 550.4843 -7.62939e-6 1004.927 559.2977 -7.62939e-6 1008.645 560.4907 -7.62939e-6 1002.623 579.3349 7.62939e-6 980.4702 572.2744 20.00001 989.3201 544.5924 20.00001 1007.743 550.4843 20.00001 1004.927 559.2977 20.00001 1008.645 560.4907 20.00001 1002.623 579.3349 20.00001 1014.935 -348.6734 -7.62939e-6 1022.315 -369.2923 7.62939e-6 1045.826 -360.8938 7.62939e-6 1039.481 -343.1718 7.62939e-6 1029.094 -346.872 -7.62939e-6 1028.059 -343.9995 7.62939e-6 1014.935 -348.6734 20.00001 1022.315 -369.2923 20.00001 1045.826 -360.8938 20.00001 1039.481 -343.1718 20.00001 1029.094 -346.872 20.00001 1028.059 -343.9995 20.00001 746.2428 -431.2459 -1.52588e-5 753.6679 -451.9863 -1.52588e-5 770.3435 -446.0222 -7.62939e-6 771.2452 -448.5539 7.62939e-6 784.6926 -443.7583 -7.62939e-6 776.3659 -420.4619 7.62939e-6 770.2433 -422.6528 -7.62939e-6 746.2428 -431.2459 20.00001 753.6679 -451.9863 20.00001 770.3435 -446.0222 20.00001 771.2452 -448.5539 20.00001 784.6926 -443.7583 20.00001 776.3659 -420.4619 20.00001 770.2433 -422.6528 20.00001 961.7462 -365.9085 7.62939e-6 969.3828 -388.4992 -7.62939e-6 993.0382 -380.4902 -7.62939e-6 986.5482 -361.332 -7.62939e-6 976.1065 -364.8618 7.62939e-6 974.9376 -361.4537 -7.62939e-6 961.7462 -365.9085 20.00001 969.3828 -388.4992 20.00001 993.0382 -380.4902 20.00001 986.5482 -361.332 20.00001 976.1065 -364.8618 20.00001 974.9376 -361.4537 20.00001 850.8164 -410.2377 7.62939e-6 857.6848 -428.7629 -1.52588e-5 882.8986 -419.4151 7.62939e-6 878.8688 -408.5581 -7.62939e-6 881.8522 -407.4383 7.62939e-6 877.1879 -394.8528 -7.62939e-6 858.5419 -401.7663 -7.62939e-6 860.3676 -406.6836 -7.62939e-6 850.8164 -410.2377 20.00001 857.6848 -428.7629 20.00001 882.8986 -419.4151 20.00001 878.8688 -408.5581 20.00001 881.8522 -407.4383 20.00001 877.1879 -394.8528 20.00001 858.5419 -401.7663 20.00001 860.3676 -406.6836 20.00001 813.3462 -489.2555 7.62939e-6 825.4912 -523.8711 7.62939e-6 839.5508 -518.9295 -7.62939e-6 837.7252 -513.7202 -7.62939e-6 850.783 -509.1437 -7.62939e-6 838.7604 -474.9175 -7.62939e-6 829.3651 -478.2038 7.62939e-6 831.0571 -483.048 -7.62939e-6 813.3462 -489.2555 20.00001 825.4912 -523.8711 20.00001 839.5508 -518.9295 20.00001 837.7252 -513.7202 20.00001 850.783 -509.1437 20.00001 838.7604 -474.9175 20.00001 829.3651 -478.2038 20.00001 831.0571 -483.048 20.00001 1151.835 499.4785 7.62939e-6 1132.61 554.9153 -7.62939e-6 1126.8 552.8945 -7.62939e-6 1105.571 614.1019 -7.62939e-6 1119.274 618.8983 -7.62939e-6 1140.503 557.6665 -7.62939e-6 1144.722 559.1273 -7.62939e-6 1163.936 503.6904 -7.62939e-6 1151.835 499.4785 20.00001 1163.936 503.6904 20.00001 1144.722 559.1273 20.00001 1140.503 557.6665 20.00001 1119.274 618.8983 20.00001 1105.571 614.1019 20.00001 1126.8 552.8945 20.00001 1132.61 554.9153 20.00001 903.5261 -332.2172 -7.62939e-6 908.8472 -354.9053 7.62939e-6 920.5581 -352.1545 -7.62939e-6 921.6823 -356.9745 -7.62939e-6 933.3598 -354.2481 -7.62939e-6 932.2243 -349.4281 7.62939e-6 939.8942 -347.6266 7.62939e-6 934.5842 -324.9385 -7.62939e-6 903.5261 -332.2172 20.00001 908.8472 -354.9053 20.00001 920.5581 -352.1545 20.00001 921.6823 -356.9745 20.00001 933.3598 -354.2481 20.00001 932.2243 -349.4281 20.00001 939.8942 -347.6266 20.00001 934.5842 -324.9385 20.00001 739.6416 -182.6734 -7.62939e-6 751.3858 -219.7249 7.62939e-6 770.5773 -213.6389 7.62939e-6 767.3491 -203.4632 -7.62939e-6 772.8037 -201.7348 -7.62939e-6 764.2988 -174.859 7.62939e-6 739.6416 -182.6734 20.00001 751.3858 -219.7249 20.00001 770.5773 -213.6389 20.00001 767.3491 -203.4632 20.00001 772.8037 -201.7348 20.00001 764.2988 -174.859 20.00001 1061.633 -336.5503 7.62939e-6 1067.466 -353.8829 7.62939e-6 1090.877 -345.9956 -7.62939e-6 1085.033 -328.663 -1.52588e-5 1079.277 -330.6105 7.62939e-6 1077.841 -326.3504 -7.62939e-6 1068.234 -329.5638 -7.62939e-6 1069.67 -333.8482 7.62939e-6 1061.633 -336.5503 20.00001 1067.466 -353.8829 20.00001 1090.877 -345.9956 20.00001 1085.033 -328.663 20.00001 1079.277 -330.6105 20.00001 1077.841 -326.3504 20.00001 1068.234 -329.5638 20.00001 1069.67 -333.8482 20.00001 1004.727 -417.565 -7.62939e-6 992.348 -421.9468 -1.52588e-5 997.2238 -435.7494 7.62939e-6 992.2811 -437.5021 -7.62939e-6 1002.3 -465.9105 0 1026.067 -457.5122 -7.62939e-6 1016.048 -429.1281 7.62939e-6 1009.602 -431.392 -7.62939e-6 1004.727 -417.565 20.00001 992.348 -421.9468 20.00001 997.2238 -435.7494 20.00001 992.2811 -437.5021 20.00001 1002.3 -465.9105 20.00001 1026.067 -457.5122 20.00001 1016.048 -429.1281 20.00001 1009.602 -431.392 20.00001 1051.548 -192.1676 -7.62939e-6 1033.492 -197.0607 7.62939e-6 1034.939 -202.3434 -7.62939e-6 1028.393 -204.1205 7.62939e-6 1031.31 -214.8805 -7.62939e-6 1037.855 -213.1034 7.62939e-6 1039.625 -219.6519 -1.52588e-5 1057.681 -214.7588 -1.52588e-5 1051.548 -192.1676 20.00001 1033.492 -197.0607 20.00001 1034.939 -202.3434 20.00001 1028.393 -204.1205 20.00001 1031.31 -214.8805 20.00001 1037.855 -213.1034 20.00001 1039.625 -219.6519 20.00001 1057.681 -214.7588 20.00001 676.1672 -438.5245 7.62939e-6 681.6552 -455.0048 7.62939e-6 700.3013 -448.7973 7.62939e-6 706.6242 -467.785 -7.62939e-6 718.0567 -463.9874 -7.62939e-6 700.8134 -412.2339 -7.62939e-6 678.5161 -419.6586 7.62939e-6 683.9484 -435.9442 7.62939e-6 676.1672 -438.5245 20.00001 681.6552 -455.0048 20.00001 700.3013 -448.7973 20.00001 706.6242 -467.785 20.00001 718.0567 -463.9874 20.00001 700.8134 -412.2339 20.00001 678.5161 -419.6586 20.00001 683.9484 -435.9442 20.00001 835.5433 -154.41 -7.62939e-6 841.8885 -172.595 -7.62939e-6 852.1967 -168.9921 7.62939e-6 853.8109 -173.5931 -7.62939e-6 864.5977 -169.8441 -7.62939e-6 862.9947 -165.2431 7.62939e-6 866.5458 -164.0015 -7.62939e-6 860.1895 -145.7921 7.62939e-6 835.5433 -154.41 20.00001 841.8885 -172.595 20.00001 852.1967 -168.9921 20.00001 853.8109 -173.5931 20.00001 864.5977 -169.8441 20.00001 862.9947 -165.2431 20.00001 866.5458 -164.0015 20.00001 860.1895 -145.7921 20.00001 -1066.996 -350.3774 7.62939e-6 -1041.671 -369.0975 7.62939e-6 -992.6122 -302.7371 7.62939e-6 -988.4711 -305.8044 7.62939e-6 -942.0286 -242.949 7.62939e-6 -967.3983 -224.2042 7.62939e-6 -1007.117 -277.9553 7.62939e-6 -1020.954 -267.7309 7.62939e-6 -1031.953 -282.605 7.62939e-6 -1022.212 -289.7863 7.62939e-6 -1066.996 -350.3774 20.00001 -1041.671 -369.0975 20.00001 -992.6122 -302.7371 20.00001 -988.4711 -305.8044 20.00001 -942.0286 -242.949 20.00001 -967.3983 -224.2042 20.00001 -1007.117 -277.9553 20.00001 -1020.954 -267.7309 20.00001 -1031.953 -282.605 20.00001 -1022.212 -289.7863 20.00001 -419.673 -596.6072 7.62939e-6 -428.0442 -611.2128 -7.62939e-6 -424.0479 -613.501 7.62939e-6 -426.9533 -618.5886 -7.62939e-6 -420.686 -622.1669 -7.62939e-6 -423.2575 -626.6459 -7.62939e-6 -408.5856 -635.0684 -7.62939e-6 -391.743 -605.6627 -7.62939e-6 -412.671 -593.6618 7.62939e-6 -415.6766 -598.8955 -7.62939e-6 -419.673 -596.6072 20.00001 -428.0442 -611.2128 20.00001 -424.0479 -613.501 20.00001 -426.9533 -618.5886 20.00001 -420.686 -622.1669 20.00001 -423.2575 -626.6459 20.00001 -408.5856 -635.0684 20.00001 -391.743 -605.6627 20.00001 -412.671 -593.6618 20.00001 -415.6766 -598.8955 20.00001 -537.8721 -562.1867 7.62939e-6 -550.1172 -580.9793 -7.62939e-6 -536.9259 -589.5722 1.52588e-5 -540.0428 -594.3677 -7.62939e-6 -530.5473 -600.5751 1.52588e-5 -536.7143 -610.02 7.62939e-6 -525.2818 -617.4688 -7.62939e-6 -515.9978 -603.2284 7.62939e-6 -520.0609 -600.5751 7.62939e-6 -507.8047 -581.7825 7.62939e-6 -537.8721 -562.1867 20.00002 -550.1172 -580.9793 20.00002 -536.9259 -589.5722 20.00002 -540.0428 -594.3677 20.00002 -530.5473 -600.5751 20.00002 -536.7143 -610.02 20.00002 -525.2818 -617.4688 20.00002 -515.9978 -603.2284 20.00002 -520.0609 -600.5751 20.00002 -507.8047 -581.7825 20.00002 -447.9593 -459.484 -7.62939e-6 -473.8411 -504.2507 -7.62939e-6 -488.5241 -495.7794 7.62939e-6 -495.0697 -507.0989 -1.52588e-5 -480.3867 -515.5946 -7.62939e-6 -477.292 -510.2148 7.62939e-6 -455.8964 -522.5809 -7.62939e-6 -436.1483 -488.4278 7.62939e-6 -440 -486.2126 -7.62939e-6 -428.1556 -465.7158 -7.62939e-6 -434.4674 -462.0643 7.62939e-6 -436.7383 -465.9836 7.62939e-6 -447.9593 -459.484 20.00001 -473.8411 -504.2507 20.00001 -488.5241 -495.7794 20.00001 -495.0697 -507.0989 20.00001 -480.3867 -515.5946 20.00001 -477.292 -510.2148 20.00001 -455.8964 -522.5809 20.00001 -436.1483 -488.4278 20.00001 -440 -486.2126 20.00001 -428.1556 -465.7158 20.00001 -434.4674 -462.0643 20.00001 -436.7383 -465.9836 20.00001 -540.3099 -522.4836 7.62939e-6 -550.6293 -538.0386 7.62939e-6 -532.0278 -550.3804 -7.62939e-6 -521.7084 -534.8254 7.62939e-6 -540.3099 -522.4836 20.00001 -550.6293 -538.0386 20.00001 -532.0278 -550.3804 20.00001 -521.7084 -534.8254 20.00001 -323.7268 -733.8739 0 -337.4859 -754.6378 7.62939e-6 -324.0496 -763.5469 -2.54313e-6 -310.2905 -742.7588 -1.52588e-5 -323.7268 -733.8739 20.00001 -337.4859 -754.6378 20.00001 -324.0496 -763.5469 20.00001 -310.2905 -742.7588 20.00001 -453.7368 -575.1857 7.62939e-6 -465.4142 -594.4651 7.62939e-6 -446.8016 -605.7357 7.62939e-6 -435.1242 -586.4807 7.62939e-6 -453.7368 -575.1857 20.00001 -465.4142 -594.4651 20.00001 -446.8016 -605.7357 20.00001 -435.1242 -586.4807 20.00001 -328.2686 -685.8223 -7.62939e-6 -342.8515 -707.9982 7.62939e-6 -312.6282 -727.8858 7.62939e-6 -298.0342 -705.7343 7.62939e-6 -328.2686 -685.8223 20.00001 -342.8515 -707.9982 20.00001 -312.6282 -727.8858 20.00001 -298.0342 -705.7343 20.00001 -457.1766 -623.8466 1.52588e-5 -471.5813 -647.5805 7.62939e-6 -455.6737 -657.2201 7.62939e-6 -441.269 -633.4862 -7.62939e-6 -457.1766 -623.8466 20.00002 -471.5813 -647.5805 20.00002 -455.6737 -657.2201 20.00002 -441.269 -633.4862 20.00002 -422.1777 -646.0226 7.62939e-6 -437.1724 -669.2939 -1.52588e-5 -422.5785 -678.6901 -7.62939e-6 -407.5837 -655.4188 7.62939e-6 -422.1777 -646.0226 20.00001 -437.1724 -669.2939 20.00001 -422.5785 -678.6901 20.00001 -407.5837 -655.4188 20.00001 -376.7593 -702.7891 -7.62939e-6 -385.4534 -715.9824 -7.62939e-6 -370.1025 -726.1088 -7.62939e-6 -357.5011 -706.9758 7.62939e-6 -367.2304 -700.5738 7.62939e-6 -371.1377 -706.5133 7.62939e-6 -376.7593 -702.7891 20.00001 -385.4534 -715.9824 20.00001 -370.1025 -726.1088 20.00001 -357.5011 -706.9758 20.00001 -367.2304 -700.5738 20.00001 -371.1377 -706.5133 20.00001 -371.6164 -658.632 0 -384.9747 -679.0065 7.62939e-6 -380.3104 -682.0736 7.62939e-6 -382.214 -684.9703 -7.62939e-6 -372.9745 -691.0316 7.62939e-6 -371.0709 -688.1105 7.62939e-6 -360.3175 -695.1698 7.62939e-6 -346.9703 -674.7953 7.62939e-6 -371.6164 -658.632 20.00001 -384.9747 -679.0065 20.00001 -380.3104 -682.0736 20.00001 -382.214 -684.9703 20.00001 -372.9745 -691.0316 20.00001 -371.0709 -688.1105 20.00001 -360.3175 -695.1698 20.00001 -346.9703 -674.7953 20.00001 -377.0599 -490.2779 -7.62939e-6 -386.6334 -506.2225 7.62939e-6 -370.3139 -516.0084 7.62939e-6 -378.0395 -528.8858 -7.62939e-6 -351.9351 -544.5625 -7.62939e-6 -336.7957 -519.3433 -7.62939e-6 -358.169 -506.5146 -7.62939e-6 -356.0094 -502.9119 -1.52588e-5 -377.0599 -490.2779 20.00001 -386.6334 -506.2225 20.00001 -370.3139 -516.0084 20.00001 -378.0395 -528.8858 20.00001 -351.9351 -544.5625 20.00001 -336.7957 -519.3433 20.00001 -358.169 -506.5146 20.00001 -356.0094 -502.9119 20.00001 -356.0762 -434.9461 -7.62939e-6 -363.7795 -448.1401 7.62939e-6 -358.002 -451.5238 -1.52588e-5 -373.4309 -477.9847 7.62939e-6 -346.1688 -493.8807 7.62939e-6 -327.4894 -461.8696 -7.62939e-6 -333.5117 -458.3398 7.62939e-6 -329.0478 -450.6961 7.62939e-6 -356.0762 -434.9461 20.00001 -363.7795 -448.1401 20.00001 -358.002 -451.5238 20.00001 -373.4309 -477.9847 20.00001 -346.1688 -493.8807 20.00001 -327.4894 -461.8696 20.00001 -333.5117 -458.3398 20.00001 -329.0478 -450.6961 20.00001 -495.515 -523.8468 7.62939e-6 -508.4949 -543.9053 -7.62939e-6 -494.001 -553.2772 -7.62939e-6 -496.9288 -557.8051 -7.62939e-6 -487.5334 -563.8663 -7.62939e-6 -484.6168 -559.3629 7.62939e-6 -477.715 -563.8176 -7.62939e-6 -464.724 -543.7349 -7.62939e-6 -495.515 -523.8468 20.00001 -508.4949 -543.9053 20.00001 -494.001 -553.2772 20.00001 -496.9288 -557.8051 20.00001 -487.5334 -563.8663 20.00001 -484.6168 -559.3629 20.00001 -477.715 -563.8176 20.00001 -464.724 -543.7349 20.00001 -391.2532 -537.5518 -7.62939e-6 -405.5688 -560.6044 7.62939e-6 -397.7987 -565.4243 -7.62939e-6 -400.2589 -569.3921 7.62939e-6 -390.0732 -575.7212 -7.62939e-6 -397.487 -587.6491 7.62939e-6 -372.4958 -603.1797 -7.62939e-6 -348.295 -564.2315 7.62939e-6 -391.2532 -537.5518 20.00001 -405.5688 -560.6044 20.00001 -397.7987 -565.4243 20.00001 -400.2589 -569.3921 20.00001 -390.0732 -575.7212 20.00001 -397.487 -587.6491 20.00001 -372.4958 -603.1797 20.00001 -348.295 -564.2315 20.00001 -634.1523 65.68858 7.62939e-6 -646.0635 49.01236 7.62939e-6 -633.3285 39.93176 -7.62939e-6 -635.8443 36.40177 -7.62939e-6 -625.0018 28.66014 7.62939e-6 -637.7257 10.86415 7.62939e-6 -618.8125 -2.64713 7.62939e-6 -597.5059 27.19945 7.62939e-6 -627.2505 48.42809 7.62939e-6 -621.4285 56.5836 7.62939e-6 -634.1523 65.68858 20.00001 -646.0635 49.01236 20.00001 -633.3285 39.93176 20.00001 -635.8443 36.40177 20.00001 -625.0018 28.66014 20.00001 -637.7257 10.86415 20.00001 -618.8125 -2.64713 20.00001 -597.5059 27.19945 20.00001 -627.2505 48.42809 20.00001 -621.4285 56.5836 20.00001 -528.087 11.13194 -7.62939e-6 -545.6088 -12.77449 7.62939e-6 -525.6492 -27.38123 -1.52588e-5 -508.1275 -3.474848 -7.62939e-6 -528.087 11.13194 20.00001 -545.6088 -12.77449 20.00001 -525.6492 -27.38123 20.00001 -508.1275 -3.474848 20.00001 -487.0213 -10.60782 -7.62939e-6 -497.4631 -25.92056 7.62939e-6 -480.0527 -37.80069 7.62939e-6 -469.5998 -22.46363 7.62939e-6 -487.0213 -10.60782 20.00001 -497.4631 -25.92056 20.00001 -480.0527 -37.80069 20.00001 -469.5998 -22.46363 20.00001 -363.6237 68.02569 7.62939e-6 -380.2993 44.1921 -7.62939e-6 -339.4117 15.56268 7.62939e-6 -322.736 39.39617 7.62939e-6 -363.6237 68.02569 20.00001 -380.2993 44.1921 20.00001 -339.4117 15.56268 20.00001 -322.736 39.39617 20.00001 -713.601 -83.66561 7.62939e-6 -694.0644 -98.19918 7.62939e-6 -662.8393 -56.20512 -7.62939e-6 -682.3759 -41.69581 -7.62939e-6 -713.601 -83.66561 20.00001 -694.0644 -98.19918 20.00001 -662.8393 -56.20512 20.00001 -682.3759 -41.69581 20.00001 -417.224 67.24665 -7.62939e-6 -404.6004 57.97126 1.52588e-5 -378.6184 93.27136 7.62939e-6 -405.0902 112.7474 7.62939e-6 -420.8975 91.25074 -7.62939e-6 -407.0494 81.07455 -7.62939e-6 -417.224 67.24665 20.00002 -404.6004 57.97126 20.00002 -378.6184 93.27136 20.00002 -405.0902 112.7474 20.00002 -420.8975 91.25074 20.00002 -407.0494 81.07455 20.00002 -511.0775 139.6486 7.62939e-6 -498.0976 130.3245 7.62939e-6 -477.0137 159.6604 -7.62939e-6 -514.4505 186.5375 -7.62939e-6 -525.4377 171.2487 7.62939e-6 -500.9919 153.6958 7.62939e-6 -511.0775 139.6486 20.00001 -498.0976 130.3245 20.00001 -477.0137 159.6604 20.00001 -514.4505 186.5375 20.00001 -525.4377 171.2487 20.00001 -500.9919 153.6958 20.00001 -467.9189 94.09909 7.62939e-6 -452.6681 82.94911 7.62939e-6 -422.5228 124.1652 7.62939e-6 -447.6365 142.5214 -1.52588e-5 -462.2639 122.5341 1.52588e-5 -452.401 115.3279 -1.52588e-5 -467.9189 94.09909 20.00002 -452.6681 82.94911 20.00002 -422.5228 124.1652 20.00002 -447.6365 142.5214 20.00002 -462.2639 122.5341 20.00002 -452.401 115.3279 20.00002 -589.4353 100.2827 7.62939e-6 -601.1127 85.04277 7.62939e-6 -589.1124 75.86474 -7.62939e-6 -601.5357 59.62671 7.62939e-6 -581.1642 44.04603 -7.62939e-6 -557.0747 75.49957 7.62939e-6 -589.4353 100.2827 20.00001 -601.1127 85.04277 20.00001 -589.1124 75.86474 20.00001 -601.5357 59.62671 20.00001 -581.1642 44.04603 20.00001 -557.0747 75.49957 20.00001 -491.9973 55.36636 -7.62939e-6 -511.7008 29.09834 7.62939e-6 -493.9231 15.75744 7.62939e-6 -484.6836 28.07586 -7.62939e-6 -458.8352 8.697479 7.62939e-6 -448.3712 22.64699 7.62939e-6 -491.9973 55.36636 20.00001 -511.7008 29.09834 20.00001 -493.9231 15.75744 20.00001 -484.6836 28.07586 20.00001 -458.8352 8.697479 20.00001 -448.3712 22.64699 20.00001 -563.9097 98.84636 -7.62939e-6 -546.7888 86.77127 7.62939e-6 -521.0962 123.1183 -7.62939e-6 -536.6921 134.1467 -7.62939e-6 -540.6773 128.4986 7.62939e-6 -557.0635 140.0869 7.62939e-6 -564.6555 129.3507 7.62939e-6 -549.7832 118.8336 -7.62939e-6 -563.9097 98.84636 20.00001 -546.7888 86.77127 20.00001 -521.0962 123.1183 20.00001 -536.6921 134.1467 20.00001 -540.6773 128.4986 20.00001 -557.0635 140.0869 20.00001 -564.6555 129.3507 20.00001 -549.7832 118.8336 20.00001 -662.561 18.94659 -7.62939e-6 -686.6171 -14.40558 -7.62939e-6 -666.9025 -28.62281 -7.62939e-6 -672.6243 -36.55912 7.62939e-6 -653.8781 -50.07032 7.62939e-6 -636.1226 -25.45801 -7.62939e-6 -641.5439 -21.56288 7.62939e-6 -629.5214 -4.886836 -7.62939e-6 -662.561 18.94659 20.00001 -686.6171 -14.40558 20.00001 -666.9025 -28.62281 20.00001 -672.6243 -36.55912 20.00001 -653.8781 -50.07032 20.00001 -636.1226 -25.45801 20.00001 -641.5439 -21.56288 20.00001 -629.5214 -4.886836 20.00001 880.0377 770.3366 0 883.7669 751.1997 7.62939e-6 894.3423 753.2448 -7.62939e-6 890.613 772.3818 -7.62939e-6 880.0377 770.3366 20.00001 883.7669 751.1997 20.00001 894.3423 753.2448 20.00001 890.613 772.3818 20.00001 574.1541 780.879 -7.62939e-6 575.6791 768.0966 -7.62939e-6 616.6002 772.9661 -7.62939e-6 615.0639 785.7484 -7.62939e-6 574.1541 780.879 19.99999 575.6791 768.0966 19.99999 616.6002 772.9661 19.99999 615.0639 785.7484 19.99999 586.4326 704.8184 7.62939e-6 588.1691 694.3492 -7.62939e-6 596.0061 695.6641 7.62939e-6 597.7092 685.3652 7.62939e-6 620.385 689.139 -7.62939e-6 616.9453 709.8826 -7.62939e-6 586.4326 704.8184 20.00001 588.1691 694.3492 20.00001 596.0061 695.6641 20.00001 597.7092 685.3652 20.00001 620.385 689.139 20.00001 616.9453 709.8826 20.00001 794.3551 522.8023 -7.62939e-6 798.1511 497.4821 -7.62939e-6 831.7807 502.5461 -7.62939e-6 827.9848 527.8177 -7.62939e-6 794.3551 522.8023 19.99999 798.1511 497.4821 19.99999 831.7807 502.5461 19.99999 827.9848 527.8177 19.99999 591.2193 760.5734 7.62939e-6 574.2208 758.6012 -7.62939e-6 578.5734 721.2041 7.62939e-6 588.4475 722.3727 7.62939e-6 585.7758 745.3077 -7.62939e-6 592.9002 746.1354 7.62939e-6 591.2193 760.5734 20.00001 574.2208 758.6012 20.00001 578.5734 721.2041 20.00001 588.4475 722.3727 20.00001 585.7758 745.3077 20.00001 592.9002 746.1354 20.00001 639.7101 696.2971 7.62939e-6 665.0018 701.3368 7.62939e-6 661.8738 717.0163 7.62939e-6 665.7143 717.7711 -7.62939e-6 656.241 765.1751 7.62939e-6 627.0975 759.3317 7.62939e-6 639.7101 696.2971 20.00001 665.0018 701.3368 20.00001 661.8738 717.0163 20.00001 665.7143 717.7711 20.00001 656.241 765.1751 20.00001 627.0975 759.3317 20.00001 838.304 340.7421 7.62939e-6 843.7587 321.9472 7.62939e-6 902.9251 339.111 -7.62939e-6 897.4592 357.906 -7.62939e-6 891.4479 356.1774 7.62939e-6 888.1752 367.4252 7.62939e-6 872.4235 362.8725 7.62939e-6 875.6962 351.6004 -7.62939e-6 863.6403 348.0946 7.62939e-6 860.3676 359.3667 7.62939e-6 844.9609 354.8871 7.62939e-6 848.2226 343.6393 7.62939e-6 838.304 340.7421 20.00001 843.7587 321.9472 20.00001 902.9251 339.111 20.00001 897.4592 357.906 20.00001 891.4479 356.1774 20.00001 888.1752 367.4252 20.00001 872.4235 362.8725 20.00001 875.6962 351.6004 20.00001 863.6403 348.0946 20.00001 860.3676 359.3667 20.00001 844.9609 354.8871 20.00001 848.2226 343.6393 20.00001 657.4766 453.0745 7.62939e-6 713.5483 472.5028 1.52588e-5 720.4056 452.6607 7.62939e-6 714.6615 450.6886 -7.62939e-6 716.5762 445.1377 -7.62939e-6 700.4014 439.5381 7.62939e-6 698.4868 445.0646 7.62939e-6 684.5162 440.2441 -7.62939e-6 686.4309 434.7175 7.62939e-6 673.5512 430.2622 7.62939e-6 671.6365 435.7888 7.62939e-6 664.3339 433.2568 7.62939e-6 657.4766 453.0745 20.00002 664.3339 433.2568 20.00002 671.6365 435.7888 20.00002 673.5512 430.2622 20.00002 686.4309 434.7175 20.00002 684.5162 440.2441 20.00002 698.4868 445.0646 20.00002 700.4014 439.5381 20.00002 716.5762 445.1377 20.00002 714.6615 450.6886 20.00002 720.4056 452.6607 20.00002 713.5483 472.5028 20.00002 1033.937 582.3539 7.62939e-6 1044.991 548.4879 -1.52588e-5 1107.285 568.7929 -7.62939e-6 1096.22 602.6591 -7.62939e-6 1033.937 582.3539 16.00001 1044.991 548.4879 16.00001 1107.285 568.7929 16.00001 1096.22 602.6591 16.00001 848.1892 304.8809 -7.62939e-6 851.5399 292.9028 7.62939e-6 872.5571 298.7701 -7.62939e-6 869.1952 310.7725 -7.62939e-6 848.1892 304.8809 20.00001 851.5399 292.9028 20.00001 872.5571 298.7701 20.00001 869.1952 310.7725 20.00001 842.2559 420.256 -7.62939e-6 850.5714 396.8351 -7.62939e-6 874.7055 405.4049 -7.62939e-6 866.39 428.8014 -7.62939e-6 842.2559 420.256 19.99999 850.5714 396.8351 19.99999 874.7055 405.4049 19.99999 866.39 428.8014 19.99999 896.2013 532.6626 7.62939e-6 906.5874 500.9149 -7.62939e-6 982.2958 525.6995 7.62939e-6 971.9097 557.423 -7.62939e-6 896.2013 532.6626 20.00001 906.5874 500.9149 20.00001 982.2958 525.6995 20.00001 971.9097 557.423 20.00001 797.2717 310.8942 7.62939e-6 817.2869 248.4478 -7.62939e-6 848.4675 258.4295 -7.62939e-6 828.4523 320.876 -7.62939e-6 797.2717 310.8942 20.00001 817.2869 248.4478 20.00001 848.4675 258.4295 20.00001 828.4523 320.876 20.00001 781.8651 331.6368 -7.62939e-6 788.2103 312.1115 7.62939e-6 801.4684 316.4207 -7.62939e-6 795.1232 335.946 7.62939e-6 781.8651 331.6368 20.00001 788.2103 312.1115 20.00001 801.4684 316.4207 20.00001 795.1232 335.946 20.00001 811.554 343.4202 -7.62939e-6 815.3277 331.2473 -7.62939e-6 819.1682 332.4402 -7.62939e-6 821.2276 325.7695 7.62939e-6 833.5952 329.6161 7.62939e-6 827.7509 348.4354 7.62939e-6 811.554 343.4202 20.00001 815.3277 331.2473 20.00001 819.1682 332.4402 20.00001 821.2276 325.7695 20.00001 833.5952 329.6161 20.00001 827.7509 348.4354 20.00001 850.8943 451.4677 -7.62939e-6 862.9279 460.1106 7.62939e-6 871.0765 448.7653 -7.62939e-6 864.0077 443.7012 -7.62939e-6 858.5642 451.2729 7.62939e-6 853.5993 447.7184 7.62939e-6 850.8943 451.4677 20.00001 853.5993 447.7184 20.00001 858.5642 451.2729 20.00001 864.0077 443.7012 20.00001 871.0765 448.7653 20.00001 862.9279 460.1106 20.00001 913.8232 452.8554 7.62939e-6 922.8512 426.4399 -7.62939e-6 930.0981 423.7861 7.62939e-6 1013.187 452.1737 7.62939e-6 1004.526 477.5425 -7.62939e-6 963.4605 463.5191 7.62939e-6 958.7406 477.299 7.62939e-6 937.2225 469.9465 -7.62939e-6 939.9944 461.7905 -7.62939e-6 913.8232 452.8554 16.00001 922.8512 426.4399 16.00001 930.0981 423.7861 16.00001 1013.187 452.1737 16.00001 1004.526 477.5425 16.00001 963.4605 463.5191 16.00001 958.7406 477.299 16.00001 937.2225 469.9465 16.00001 939.9944 461.7905 16.00001 887.6854 308.2162 -7.62939e-6 893.9193 287.1329 -7.62939e-6 917.0961 293.9984 -7.62939e-6 910.8621 315.0817 -7.62939e-6 905.5855 313.5236 -7.62939e-6 904.272 317.9545 -7.62939e-6 894.5204 315.0817 -7.62939e-6 895.8339 310.6264 7.62939e-6 887.6854 308.2162 20.00001 893.9193 287.1329 20.00001 917.0961 293.9984 20.00001 910.8621 315.0817 20.00001 905.5855 313.5236 20.00001 904.272 317.9545 20.00001 894.5204 315.0817 20.00001 895.8339 310.6264 20.00001 751.2188 478.6137 -7.62939e-6 759.0781 479.3197 7.62939e-6 760.5697 462.8374 -7.62939e-6 777.2341 464.3468 -7.62939e-6 775.7313 480.8779 7.62939e-6 779.1712 481.1944 -7.62939e-6 782.9337 481.5353 -7.62939e-6 780.3956 509.4362 -7.62939e-6 766.6365 508.1945 7.62939e-6 766.1801 513.1124 1.52588e-5 748.2243 511.5056 7.62939e-6 751.2188 478.6137 20.00002 759.0781 479.3197 20.00002 760.5697 462.8374 20.00002 777.2341 464.3468 20.00002 775.7313 480.8779 20.00002 779.1712 481.1944 20.00002 782.9337 481.5353 20.00002 780.3956 509.4362 20.00002 766.6365 508.1945 20.00002 766.1801 513.1124 20.00002 748.2243 511.5056 20.00002 765.9353 641.833 0 757.5306 682.9548 -7.62939e-6 742.6472 679.9114 7.62939e-6 745.8087 664.4512 -7.62939e-6 733.1071 661.8461 7.62939e-6 729.9234 677.3551 -7.62939e-6 715.6188 674.4334 -7.62939e-6 718.7803 658.9731 7.62939e-6 705.1548 656.1976 -7.62939e-6 701.9933 671.6822 -7.62939e-6 687.7222 668.7606 -7.62939e-6 690.8948 653.276 -7.62939e-6 678.5828 650.7439 7.62939e-6 675.4102 666.2285 -7.62939e-6 660.0816 663.0877 -7.62939e-6 663.2542 647.6518 7.62939e-6 651.3207 645.1928 -7.62939e-6 648.1481 660.6774 7.62939e-6 632.5745 657.488 7.62939e-6 635.736 642.0521 -7.62939e-6 625.2942 639.9096 -1.52588e-5 622.1216 655.4185 7.62939e-6 605.2678 651.9612 7.62939e-6 608.4293 636.5253 7.62939e-6 601.1824 635.0402 7.62939e-6 606.6036 608.5022 7.62939e-6 679.4177 623.4024 -7.62939e-6 680.8538 616.3662 -1.52588e-5 713.7376 623.0859 7.62939e-6 712.1568 630.8526 7.62939e-6 765.9353 641.833 20.00001 757.5306 682.9548 20.00001 742.6472 679.9114 20.00001 745.8087 664.4512 20.00001 733.1071 661.8461 20.00001 729.9234 677.3551 20.00001 715.6188 674.4334 20.00001 718.7803 658.9731 20.00001 705.1548 656.1976 20.00001 701.9933 671.6822 20.00001 687.7222 668.7606 20.00001 690.8948 653.276 20.00001 678.5828 650.7439 20.00001 675.4102 666.2285 20.00001 660.0816 663.0877 20.00001 663.2542 647.6518 20.00001 651.3207 645.1928 20.00001 648.1481 660.6774 20.00001 632.5745 657.488 20.00001 635.736 642.0521 20.00001 625.2942 639.9096 20.00001 622.1216 655.4185 20.00001 605.2678 651.9612 20.00001 608.4293 636.5253 20.00001 601.1824 635.0402 20.00001 606.6036 608.5022 20.00001 679.4177 623.4024 20.00001 680.8538 616.3662 20.00001 713.7376 623.0859 20.00001 712.1568 630.8526 20.00001 635.1126 587.5397 7.62939e-6 639.0199 570.1563 7.62939e-6 610.3328 563.7044 -7.62939e-6 613.1604 551.1416 7.62939e-6 641.8474 557.6178 -7.62939e-6 644.2853 546.8079 -7.62939e-6 662.6196 550.9468 7.62939e-6 659.7031 563.8992 7.62939e-6 681.1209 568.7198 7.62939e-6 684.0375 555.7675 -7.62939e-6 705.9006 560.7098 -7.62939e-6 702.9841 573.6378 7.62939e-6 723.3444 578.2393 7.62939e-6 726.2611 565.2869 7.62939e-6 748.9813 570.3997 -7.62939e-6 746.0647 583.3521 -7.62939e-6 765.3341 587.6858 7.62939e-6 768.2507 574.7578 -7.62939e-6 790.47 579.7488 -7.62939e-6 781.2973 620.4808 7.62939e-6 759.0781 615.4654 -7.62939e-6 762.9964 598.1062 -7.62939e-6 743.7159 593.7481 -7.62939e-6 739.8085 611.1317 -7.62939e-6 717.0883 606.0189 7.62939e-6 721.0067 588.6353 -1.52588e-5 700.6464 584.0582 7.62939e-6 696.7279 601.4173 -7.62939e-6 674.8648 596.4993 -7.62939e-6 678.7721 579.1158 -7.62939e-6 657.3542 574.2952 -7.62939e-6 653.4469 591.6543 1.52588e-5 635.1126 587.5397 20.00002 639.0199 570.1563 20.00002 610.3328 563.7044 20.00002 613.1604 551.1416 20.00002 641.8474 557.6178 20.00002 644.2853 546.8079 20.00002 662.6196 550.9468 20.00002 659.7031 563.8992 20.00002 681.1209 568.7198 20.00002 684.0375 555.7675 20.00002 705.9006 560.7098 20.00002 702.9841 573.6378 20.00002 723.3444 578.2393 20.00002 726.2611 565.2869 20.00002 748.9813 570.3997 20.00002 746.0647 583.3521 20.00002 765.3341 587.6858 20.00002 768.2507 574.7578 20.00002 790.47 579.7488 20.00002 781.2973 620.4808 20.00002 759.0781 615.4654 20.00002 762.9964 598.1062 20.00002 743.7159 593.7481 20.00002 739.8085 611.1317 20.00002 717.0883 606.0189 20.00002 721.0067 588.6353 20.00002 700.6464 584.0582 20.00002 696.7279 601.4173 20.00002 674.8648 596.4993 20.00002 678.7721 579.1158 20.00002 657.3542 574.2952 20.00002 653.4469 591.6543 20.00002 932.2911 725.8787 -7.62939e-6 938.1799 699.3647 0 996.2664 712.2443 -7.62939e-6 990.3887 738.7826 -7.62939e-6 932.2911 725.8787 9 938.1799 699.3647 9 996.2664 712.2443 9 990.3887 738.7826 9 1022.271 66.49196 -7.62939e-6 1036.085 21.72189 -7.62939e-6 1077.83 34.60025 7.62939e-6 1064.015 79.37041 -7.62939e-6 1022.271 66.49196 20.00001 1036.085 21.72189 20.00001 1077.83 34.60025 20.00001 1064.015 79.37041 20.00001 1064.015 24.61891 7.62939e-6 1035.985 15.78178 7.62939e-6 1039.725 3.950268 -7.62939e-6 1067.745 12.76304 7.62939e-6 1064.015 24.61891 20.00001 1035.985 15.78178 20.00001 1039.725 3.950268 20.00001 1067.745 12.76304 20.00001 1115.323 93.63654 7.62939e-6 1127.434 56.26712 7.62939e-6 1164.904 68.41521 -7.62939e-6 1152.793 105.7847 -7.62939e-6 1115.323 93.63654 20.00001 1127.434 56.26712 20.00001 1164.904 68.41521 20.00001 1152.793 105.7847 20.00001 1079.589 71.50701 -7.62939e-6 1087.537 47.79512 7.62939e-6 1100.25 52.05546 7.62939e-6 1092.291 75.76736 7.62939e-6 1079.589 71.50701 20.00001 1087.537 47.79512 20.00001 1100.25 52.05546 20.00001 1092.291 75.76736 20.00001 1129.059 7.650657 7.62939e-6 1135.984 -14.64902 -7.62939e-6 1203.065 6.141287 0 1193.391 37.35121 0 1157.591 26.25001 -7.62939e-6 1160.351 17.36419 7.62939e-6 1129.059 7.650657 20.00001 1135.984 -14.64902 20.00001 1203.065 6.141287 20.00001 1193.391 37.35121 20.00001 1157.591 26.25001 20.00001 1160.351 17.36419 20.00001 1060.898 -18.27637 7.62939e-6 1067.299 -38.70144 7.62939e-6 1110.258 -25.23891 7.62939e-6 1103.857 -4.813802 7.62939e-6 1091.044 -8.830664 7.62939e-6 1089.018 -2.403684 7.62939e-6 1073.711 -7.199575 -7.62939e-6 1075.737 -13.62655 -7.62939e-6 1060.898 -18.27637 20.00001 1067.299 -38.70144 20.00001 1110.258 -25.23891 20.00001 1103.857 -4.813802 20.00001 1091.044 -8.830664 20.00001 1089.018 -2.403684 20.00001 1073.711 -7.199575 20.00001 1075.737 -13.62655 20.00001 876.3976 -139.487 7.62939e-6 883.9005 -163.2956 7.62939e-6 893.897 -160.1552 -1.52588e-5 909.6599 -210.2551 7.62939e-6 926.0461 -205.0942 7.62939e-6 923.3521 -196.5252 -7.62939e-6 934.5286 -193.0196 7.62939e-6 920.0125 -146.8876 -1.52588e-5 897.3034 -154.0448 -1.52588e-5 891.2587 -134.8129 7.62939e-6 876.3976 -139.487 20.00001 883.9005 -163.2956 20.00001 893.897 -160.1552 20.00001 909.6599 -210.2551 20.00001 926.0461 -205.0942 20.00001 923.3521 -196.5252 20.00001 934.5286 -193.0196 20.00001 920.0125 -146.8876 20.00001 897.3034 -154.0448 20.00001 891.2587 -134.8129 20.00001 733.5524 -225.3727 7.62939e-6 722.554 -191.3886 7.62939e-6 703.1176 -197.6937 7.62939e-6 709.6298 -217.8018 7.62939e-6 703.3848 -219.8223 -7.62939e-6 705.4776 -226.2978 7.62939e-6 691.7074 -230.7527 7.62939e-6 695.3142 -241.9022 -7.62939e-6 690.6499 -243.4115 7.62939e-6 694.713 -255.9485 7.62939e-6 709.0176 -251.3232 -1.52588e-5 714.6615 -268.7777 7.62939e-6 732.1052 -263.13 7.62939e-6 725.5708 -242.9733 -7.62939e-6 730.2462 -241.4396 -7.62939e-6 728.3204 -235.4998 -7.62939e-6 732.4281 -234.1608 -7.62939e-6 729.9568 -226.5169 7.62939e-6 733.5524 -225.3727 20.00001 722.554 -191.3886 20.00001 703.1176 -197.6937 20.00001 709.6298 -217.8018 20.00001 703.3848 -219.8223 20.00001 705.4776 -226.2978 20.00001 691.7074 -230.7527 20.00001 695.3142 -241.9022 20.00001 690.6499 -243.4115 20.00001 694.713 -255.9485 20.00001 709.0176 -251.3232 20.00001 714.6615 -268.7777 20.00001 732.1052 -263.13 20.00001 725.5708 -242.9733 20.00001 730.2462 -241.4396 20.00001 728.3204 -235.4998 20.00001 732.4281 -234.1608 20.00001 729.9568 -226.5169 20.00001 984.2773 -162.4679 -7.62939e-6 989.4982 -180.1173 7.62939e-6 1003.547 -175.9788 -7.62939e-6 998.3146 -158.305 -7.62939e-6 984.2773 -162.4679 20.00001 989.4982 -180.1173 20.00001 1003.547 -175.9788 20.00001 998.3146 -158.305 20.00001 997.3016 -100.9988 -7.62939e-6 1004.215 -122.7382 7.62939e-6 1037.956 -112.0024 -7.62939e-6 1031.043 -90.26293 -7.62939e-6 997.3016 -100.9988 20.00001 1004.215 -122.7382 20.00001 1037.956 -112.0024 20.00001 1031.043 -90.26293 20.00001 945.6717 -118.3319 -1.52588e-5 952.2507 -139.0001 7.62939e-6 980.1362 -130.1388 7.62939e-6 973.5572 -109.4706 -7.62939e-6 945.6717 -118.3319 20.00001 952.2507 -139.0001 20.00001 980.1362 -130.1388 20.00001 973.5572 -109.4706 20.00001 616.4888 -223.839 -7.62939e-6 623.1346 -246.138 -1.52588e-5 634.4224 -242.7786 -7.62939e-6 635.9252 -247.8421 7.62939e-6 655.395 -242.0482 -7.62939e-6 650.7418 -226.4195 -7.62939e-6 644.1517 -228.367 7.62939e-6 640.6563 -216.6333 7.62939e-6 616.4888 -223.839 20.00001 623.1346 -246.138 20.00001 634.4224 -242.7786 20.00001 635.9252 -247.8421 20.00001 655.395 -242.0482 20.00001 650.7418 -226.4195 20.00001 644.1517 -228.367 20.00001 640.6563 -216.6333 20.00001 1157.323 356.7373 7.62939e-6 1161.164 345.2218 -7.62939e-6 1170.381 348.2893 -7.62939e-6 1176.971 328.5205 -7.62939e-6 1171.55 326.719 7.62939e-6 1174.467 317.9545 7.62939e-6 1236.716 338.6971 -1.90735e-6 1222.735 380.645 -1.90735e-6 1193.725 370.9797 -1.90735e-6 1195.328 366.1835 -1.90735e-6 1174.934 359.391 -7.62939e-6 1173.966 362.2882 -7.62939e-6 1157.323 356.7373 20.00001 1161.164 345.2218 20.00001 1170.381 348.2893 20.00001 1176.971 328.5205 20.00001 1171.55 326.719 20.00001 1174.467 317.9545 20.00001 1236.716 338.6971 20.00001 1222.735 380.645 20.00001 1193.725 370.9797 20.00001 1195.328 366.1835 20.00001 1174.934 359.391 20.00001 1173.966 362.2882 20.00001 967.5905 299.1109 7.62939e-6 984.1549 252.4891 -7.62939e-6 1069.147 282.702 -1.52588e-5 1062.034 302.6898 -7.62939e-6 1017.606 286.8894 -1.52588e-5 1014.2 296.4816 -7.62939e-6 1005.261 293.3167 7.62939e-6 1008.667 283.7245 7.62939e-6 999.0048 280.2918 -7.62939e-6 993.9287 294.5583 7.62939e-6 1004.103 298.1858 -7.62939e-6 999.7173 310.5291 7.62939e-6 967.5905 299.1109 20.00001 984.1549 252.4891 20.00001 1069.147 282.702 20.00001 1062.034 302.6898 20.00001 1017.606 286.8894 20.00001 1014.2 296.4816 20.00001 1005.261 293.3167 20.00001 1008.667 283.7245 20.00001 999.0048 280.2918 20.00001 993.9287 294.5583 20.00001 1004.103 298.1858 20.00001 999.7173 310.5291 20.00001 1072.042 327.7171 7.62939e-6 1076.06 316.2503 -7.62939e-6 1085.222 319.4639 -7.62939e-6 1092.124 299.7926 7.62939e-6 1086.725 297.8937 7.62939e-6 1089.752 289.251 7.62939e-6 1107.586 295.5078 7.62939e-6 1105.894 300.3526 7.62939e-6 1122.503 306.1712 7.62939e-6 1124.195 301.3507 7.62939e-6 1148.785 309.9691 -1.52588e-5 1134.136 351.7464 -7.62939e-6 1125.219 348.6058 7.62939e-6 1123.638 353.1098 7.62939e-6 1106.595 347.1207 7.62939e-6 1109.89 337.7476 -7.62939e-6 1089.608 330.6387 -7.62939e-6 1088.595 333.5114 -7.62939e-6 1072.042 327.7171 20.00001 1076.06 316.2503 20.00001 1085.222 319.4639 20.00001 1092.124 299.7926 20.00001 1086.725 297.8937 20.00001 1089.752 289.251 20.00001 1107.586 295.5078 20.00001 1105.894 300.3526 20.00001 1122.503 306.1712 20.00001 1124.195 301.3507 20.00001 1148.785 309.9691 20.00001 1134.136 351.7464 20.00001 1125.219 348.6058 20.00001 1123.638 353.1098 20.00001 1106.595 347.1207 20.00001 1109.89 337.7476 20.00001 1089.608 330.6387 20.00001 1088.595 333.5114 20.00001 1148.028 620.0669 -7.62939e-6 1157.68 588.9519 -7.62939e-6 1172.641 593.6021 -7.62939e-6 1174.233 588.4406 7.62939e-6 1185.009 591.7761 -7.62939e-6 1187.769 582.9139 -7.62939e-6 1222.49 593.6751 -2.08074e-6 1214.953 617.9731 -2.08074e-6 1206.003 615.1976 -2.08074e-6 1198.701 638.7653 -2.08074e-6 1193.346 637.1096 -2.08074e-6 1191.465 643.1721 7.62939e-6 1180.378 639.7391 -7.62939e-6 1182.059 634.3098 7.62939e-6 1171.416 630.9986 -7.62939e-6 1172.463 627.6387 7.62939e-6 1148.028 620.0669 20.00001 1157.68 588.9519 20.00001 1172.641 593.6021 20.00001 1174.233 588.4406 20.00001 1185.009 591.7761 20.00001 1187.769 582.9139 20.00001 1222.49 593.6751 20.00001 1214.953 617.9731 20.00001 1206.003 615.1976 20.00001 1198.701 638.7653 20.00001 1193.346 637.1096 20.00001 1191.465 643.1721 20.00001 1180.378 639.7391 20.00001 1182.059 634.3098 20.00001 1171.416 630.9986 20.00001 1172.463 627.6387 20.00001 1253.259 369.4216 0 1261.674 344.394 0 1271.17 347.5833 0 1272.517 343.5663 0 1323.356 360.657 0 1323.557 384.1508 0 1298.599 458.4307 0 1293.846 456.7995 0 1291.998 460.5488 0 1289.538 463.9086 0 1286.543 466.8058 0 1283.092 469.143 0 1279.296 470.8716 0 1275.255 471.9185 0 1271.103 472.2593 0 1266.951 471.8698 0 1262.921 470.7986 0 1262.275 472.6245 0 1181.658 444.2856 7.62939e-6 1189.985 420.5968 -7.62939e-6 1270.602 448.9357 0 1295.237 374.8994 0 1280.387 369.9085 0 1277.771 377.6505 0 1253.259 369.4216 20.00001 1261.674 344.394 20.00001 1271.17 347.5833 20.00001 1272.517 343.5663 20.00001 1323.356 360.657 20.00001 1323.557 384.1508 20.00001 1298.599 458.4307 20.00001 1293.846 456.7995 20.00001 1291.998 460.5488 20.00001 1289.538 463.9086 20.00001 1286.543 466.8058 20.00001 1283.092 469.143 20.00001 1279.296 470.8716 20.00001 1275.255 471.9185 20.00001 1271.103 472.2593 20.00001 1266.951 471.8698 20.00001 1262.921 470.7986 20.00001 1262.275 472.6245 20.00001 1181.658 444.2856 20.00001 1189.985 420.5968 20.00001 1270.602 448.9357 20.00001 1295.237 374.8994 20.00001 1280.387 369.9085 20.00001 1277.771 377.6505 20.00001 1119.842 452.7337 -7.62939e-6 1124.985 438.126 -7.62939e-6 1150.756 447.2315 -7.62939e-6 1145.613 461.8148 7.62939e-6 1119.842 452.7337 20.00001 1124.985 438.126 20.00001 1150.756 447.2315 20.00001 1145.613 461.8148 20.00001 1129.527 424.7843 -7.62939e-6 1138.455 399.4158 7.62939e-6 1164.37 408.5699 7.62939e-6 1155.442 433.9385 -7.62939e-6 1129.527 424.7843 20.00001 1138.455 399.4158 20.00001 1164.37 408.5699 20.00001 1155.442 433.9385 20.00001 1006.419 381.4971 -7.62939e-6 1019.532 344.9053 -7.62939e-6 1097.923 372.9761 7.62939e-6 1084.81 409.568 7.62939e-6 1006.419 381.4971 20.00001 1019.532 344.9053 20.00001 1097.923 372.9761 20.00001 1084.81 409.568 20.00001 1093.025 443.19 -7.62939e-6 1120.221 365.3071 -7.62939e-6 1133.056 369.7867 -7.62939e-6 1105.86 447.694 -7.62939e-6 1093.025 443.19 19.99999 1120.221 365.3071 19.99999 1133.056 369.7867 19.99999 1105.86 447.694 19.99999 1143.542 383.7613 7.62939e-6 1147.828 371.5883 7.62939e-6 1174.133 380.8641 -7.62939e-6 1169.847 393.0371 -7.62939e-6 1143.542 383.7613 20.00001 1147.828 371.5883 20.00001 1174.133 380.8641 20.00001 1169.847 393.0371 20.00001 1094.428 -643.9534 -7.62939e-6 1097.879 -657.4879 -7.62939e-6 1112.105 -653.8609 -7.62939e-6 1108.666 -640.3264 -7.62939e-6 1094.428 -643.9534 19.99999 1097.879 -657.4879 19.99999 1112.105 -653.8609 19.99999 1108.666 -640.3264 19.99999 929.4302 -744.5114 -1.52588e-5 939.5825 -770.2653 -3.8147e-6 956.2916 -763.6931 -3.8147e-6 946.1503 -737.939 7.62939e-6 929.4302 -744.5114 20.00001 939.5825 -770.2653 20.00001 956.2916 -763.6931 20.00001 946.1503 -737.939 20.00001 1105.404 -662.8432 7.62939e-6 1112.573 -689.3276 7.62939e-6 1179.843 -671.1196 -7.62939e-6 1172.674 -644.635 7.62939e-6 1105.404 -662.8432 20.00001 1112.573 -689.3276 20.00001 1179.843 -671.1196 20.00001 1172.674 -644.635 20.00001 1231.852 -757.8022 -3.8147e-6 1218.293 -711.5034 -3.8147e-6 1163.791 -727.4719 -1.52588e-5 1173.42 -760.3581 -3.8147e-6 1195.328 -753.9562 -3.8147e-6 1191.899 -742.272 7.62939e-6 1206.226 -738.0851 -3.8147e-6 1213.573 -763.1575 -3.8147e-6 1231.852 -757.8022 3.000008 1218.293 -711.5034 3.000008 1163.791 -727.4719 3.000008 1173.42 -760.3581 3.000008 1195.328 -753.9562 3.000008 1191.899 -742.272 3.000008 1206.226 -738.0851 3.000008 1213.573 -763.1575 3.000008 -7.278822 164.5051 7.62939e-6 -3.215661 139.3078 1.52588e-5 22.57707 143.4708 -7.62939e-6 18.51391 168.6681 7.62939e-6 -7.278822 164.5051 40.00002 -3.215661 139.3078 40.00002 22.57707 143.4708 40.00002 18.51391 168.6681 40.00002 84.69335 30.04779 -7.62939e-6 85.66182 19.09266 7.62939e-6 97.29471 20.11514 7.62939e-6 96.33736 31.07027 -7.62939e-6 84.69335 30.04779 10.00001 85.66182 19.09266 10.00001 97.29471 20.11514 10.00001 96.33736 31.07027 10.00001 -49.54683 -52.69952 7.62939e-6 -17.75399 -47.95235 -7.62939e-6 -1.278701 -158.1346 -7.62939e-6 13.33755 -255.8512 -1.52588e-5 -8.158246 -259.0889 -1.52588e-5 -50.90493 -265.467 -1.52588e-5 -65.88854 -267.7066 7.62939e-6 -66.56758 -263.1056 7.62939e-6 -96.34555 -64.04403 -7.62939e-6 -96.98007 -59.8081 -7.62939e-6 -91.67013 -59.00473 -7.62939e-6 -49.54683 -52.69952 24.00001 -91.67013 -59.00473 24.00001 -96.98007 -59.8081 24.00001 -96.34555 -64.04403 24.00001 -66.56758 -263.1056 24.00001 -65.88854 -267.7066 24.00001 -50.90493 -265.467 24.00001 -8.158246 -259.0889 24.00001 13.33755 -255.8512 24.00001 -1.278701 -158.1346 24.00001 -17.75399 -47.95235 24.00001 22.24311 -319.8263 -1.52588e-5 35.73503 -318.0979 7.62939e-6 43.91701 -317.0268 7.62939e-6 39.27499 -311.5739 7.62939e-6 21.48613 -313.8865 7.62939e-6 22.24311 -319.8263 20.00001 35.73503 -318.0979 20.00001 43.91701 -317.0268 20.00001 39.27499 -311.5739 20.00001 21.48613 -313.8865 20.00001 -66.56758 -263.1056 7.62939e-6 -71.97771 -263.9333 7.62939e-6 -75.89616 -264.5176 -7.62939e-6 -105.6741 -65.43167 1.52588e-5 -100.8429 -64.70133 -7.62939e-6 -96.34555 -64.04403 -7.62939e-6 -66.56758 -263.1056 10.00002 -96.34555 -64.04403 10.00002 -100.8429 -64.70133 10.00002 -105.6741 -65.43167 10.00002 -75.89616 -264.5176 10.00002 -71.97771 -263.9333 10.00002 93.54325 -195.9653 7.62939e-6 89.1016 -196.5495 -7.62939e-6 90.12574 -203.9744 -7.62939e-6 91.61742 -214.8075 -7.62939e-6 96.18151 -215.4161 7.62939e-6 95.7585 -212.5435 -7.62939e-6 93.54325 -195.9653 20.00001 89.1016 -196.5495 20.00001 90.12574 -203.9744 20.00001 91.61742 -214.8075 20.00001 96.18151 -215.4161 20.00001 95.7585 -212.5435 20.00001 -39.47242 530.3497 7.62939e-6 -36.46679 484.3107 7.62939e-6 -41.83239 434.1332 7.62939e-6 -0.5217289 431.1143 7.62939e-6 -0.722104 427.3406 -7.62939e-6 38.29537 424.6139 7.62939e-6 42.6925 477.2503 -1.52588e-5 53.27898 476.7147 7.62939e-6 56.25121 512.6012 7.62939e-6 7.738177 517.0322 -7.62939e-6 6.602718 533.9043 7.62939e-6 -39.47242 530.3497 20.00001 -36.46679 484.3107 20.00001 -41.83239 434.1332 20.00001 -0.5217289 431.1143 20.00001 -0.722104 427.3406 20.00001 38.29537 424.6139 20.00001 42.6925 477.2503 20.00001 53.27898 476.7147 20.00001 56.25121 512.6012 20.00001 7.738177 517.0322 20.00001 6.602718 533.9043 20.00001 -845.0025 580.8688 -7.62939e-6 -808.2561 583.8147 -7.62939e-6 -803.6807 526.7465 -7.62939e-6 -840.4273 523.8005 -7.62939e-6 -845.0025 580.8688 19.99999 -840.4273 523.8005 19.99999 -803.6807 526.7465 19.99999 -808.2561 583.8147 19.99999 -853.14 659.6792 -7.62939e-6 -813.0538 662.893 7.62939e-6 -808.8237 610.1091 7.62939e-6 -848.9321 606.9197 7.62939e-6 -853.14 659.6792 20.00001 -848.9321 606.9197 20.00001 -808.8237 610.1091 20.00001 -813.0538 662.893 20.00001 -698.4059 223.6641 7.62939e-6 -682.6542 225.6848 7.62939e-6 -683.8453 234.9117 -7.62939e-6 -667.5593 237.0054 7.62939e-6 -668.5055 244.3091 7.62939e-6 -651.0506 246.5489 7.62939e-6 -650.0598 238.807 -7.62939e-6 -623.1094 242.2884 -7.62939e-6 -618.1557 203.774 -7.62939e-6 -694.5765 193.9385 -7.62939e-6 -698.4059 223.6641 20.00001 -694.5765 193.9385 20.00001 -618.1557 203.774 20.00001 -623.1094 242.2884 20.00001 -650.0598 238.807 20.00001 -651.0506 246.5489 20.00001 -668.5055 244.3091 20.00001 -667.5593 237.0054 20.00001 -683.8453 234.9117 20.00001 -682.6542 225.6848 20.00001 -774.0141 158.2483 7.62939e-6 -756.8264 160.6342 7.62939e-6 -757.7169 167.1343 7.62939e-6 -741.4977 169.3741 -7.62939e-6 -742.5552 177.0672 -7.62939e-6 -728.1616 179.0391 7.62939e-6 -727.0707 171.1026 -7.62939e-6 -701.6008 174.6327 7.62939e-6 -696.9254 140.8659 -7.62939e-6 -770.207 130.7383 7.62939e-6 -774.0141 158.2483 20.00001 -770.207 130.7383 20.00001 -696.9254 140.8659 20.00001 -701.6008 174.6327 20.00001 -727.0707 171.1026 20.00001 -728.1616 179.0391 20.00001 -742.5552 177.0672 20.00001 -741.4977 169.3741 20.00001 -757.7169 167.1343 20.00001 -756.8264 160.6342 20.00001 443.7655 116.4478 -7.62939e-6 397.1226 138.6018 -7.62939e-6 385.8237 114.8167 -1.52588e-5 432.4555 92.66274 -7.62939e-6 443.7655 116.4478 19.99999 397.1226 138.6018 19.99999 385.8237 114.8167 19.99999 432.4555 92.66274 19.99999 -746.34 376.7497 7.62939e-6 -772.4779 395.6178 -1.52588e-5 -780.5485 384.4186 7.62939e-6 -786.6823 388.8496 7.62939e-6 -794.3856 378.1617 -7.62939e-6 -790.4894 375.3619 7.62939e-6 -798.7047 363.9681 -7.62939e-6 -770.3294 343.5176 7.62939e-6 -746.34 376.7497 20.00001 -772.4779 395.6178 20.00001 -780.5485 384.4186 20.00001 -786.6823 388.8496 20.00001 -794.3856 378.1617 20.00001 -790.4894 375.3619 20.00001 -798.7047 363.9681 20.00001 -770.3294 343.5176 20.00001 -766.1215 337.4798 -7.62939e-6 -757.2048 348.3867 -7.62939e-6 -740.2398 334.5096 7.62939e-6 -749.1676 323.6027 -7.62939e-6 -766.1215 337.4798 20.00001 -749.1676 323.6027 20.00001 -740.2398 334.5096 20.00001 -757.2048 348.3867 20.00001 -783.2202 333.6819 -7.62939e-6 -797.8921 345.3435 -7.62939e-6 -811.2171 328.5936 -7.62939e-6 -807.9221 327.2302 -7.62939e-6 -812.4638 321.3872 -7.62939e-6 -797.3244 309.6283 7.62939e-6 -787.1164 322.7506 7.62939e-6 -789.3873 325.9642 7.62939e-6 -783.2202 333.6819 20.00001 -797.8921 345.3435 20.00001 -811.2171 328.5936 20.00001 -807.9221 327.2302 20.00001 -812.4638 321.3872 20.00001 -797.3244 309.6283 20.00001 -787.1164 322.7506 20.00001 -789.3873 325.9642 20.00001 -763.0491 301.6916 -1.52588e-5 -774.1365 309.5309 -7.62939e-6 -789.8771 287.2546 7.62939e-6 -778.7786 279.4153 -7.62939e-6 -763.0491 301.6916 20.00001 -774.1365 309.5309 20.00001 -789.8771 287.2546 20.00001 -778.7786 279.4153 20.00001 -937.0526 67.41706 7.62939e-6 -948.9638 76.78984 0 -934.4032 95.31634 7.62939e-6 -922.4921 85.96788 -1.52588e-5 -937.0526 67.41706 20.00001 -922.4921 85.96788 20.00001 -934.4032 95.31634 20.00001 -948.9638 76.78984 20.00001 -816.7051 282.4342 7.62939e-6 -835.6851 296.7251 7.62939e-6 -853.4851 273.0855 7.62939e-6 -834.5051 258.7947 7.62939e-6 -816.7051 282.4342 20.00001 -835.6851 296.7251 20.00001 -853.4851 273.0855 20.00001 -834.5051 258.7947 20.00001 -780.4595 263.3959 -1.52588e-5 -791.7695 270.9918 -7.62939e-6 -807.7439 247.1331 7.62939e-6 -796.4338 239.5617 -7.62939e-6 -780.4595 263.3959 20.00001 -791.7695 270.9918 20.00001 -807.7439 247.1331 20.00001 -796.4338 239.5617 20.00001 -833.0134 242.1667 -7.62939e-6 -844.3346 249.8842 -7.62939e-6 -850.2791 241.2415 -7.62939e-6 -867.567 253.0247 7.62939e-6 -884.0534 228.9227 7.62939e-6 -865.9306 216.5309 7.62939e-6 -857.6596 228.6306 7.62939e-6 -847.1621 221.4487 -7.62939e-6 -833.0134 242.1667 20.00001 -844.3346 249.8842 20.00001 -850.2791 241.2415 20.00001 -867.567 253.0247 20.00001 -884.0534 228.9227 20.00001 -865.9306 216.5309 20.00001 -857.6596 228.6306 20.00001 -847.1621 221.4487 20.00001 -880.4355 202.1915 -7.62939e-6 -896.9664 214.2912 -7.62939e-6 -911.6607 194.255 7.62939e-6 -895.1297 182.131 -7.62939e-6 -880.4355 202.1915 20.00001 -896.9664 214.2912 20.00001 -911.6607 194.255 20.00001 -895.1297 182.131 20.00001 -848.1641 176.3855 -7.62939e-6 -856.1679 182.2527 7.62939e-6 -868.3796 165.6249 7.62939e-6 -860.3757 159.7334 7.62939e-6 -848.1641 176.3855 20.00001 -856.1679 182.2527 20.00001 -868.3796 165.6249 20.00001 -860.3757 159.7334 20.00001 -919.8538 150.7013 7.62939e-6 -936.4515 162.8496 -1.52588e-5 -950.0436 144.2742 0 -933.457 132.126 7.62939e-6 -919.8538 150.7013 20.00001 -936.4515 162.8496 20.00001 -950.0436 144.2742 20.00001 -933.457 132.126 20.00001 -887.8494 134.5118 -7.62939e-6 -900.8849 143.7873 7.62939e-6 -916.6366 121.6333 7.62939e-6 -903.6123 112.3578 7.62939e-6 -887.8494 134.5118 20.00001 -900.8849 143.7873 20.00001 -916.6366 121.6333 20.00001 -903.6123 112.3578 20.00001 -650.5051 779.2477 -7.62939e-6 -648.2453 757.3352 -7.62939e-6 -638.9947 758.2847 -7.62939e-6 -641.2656 780.1973 -7.62939e-6 -650.5051 779.2477 19.99999 -648.2453 757.3352 19.99999 -638.9947 758.2847 19.99999 -641.2656 780.1973 19.99999 -178.9112 -230.3875 7.62939e-6 -180.1691 -230.5823 -7.62939e-6 -205.3719 -234.526 7.62939e-6 -228.9382 -238.2263 7.62939e-6 -220.9566 -289.1777 -7.62939e-6 -170.9296 -281.3634 7.62939e-6 -178.9112 -230.3875 24.00001 -180.1691 -230.5823 24.00001 -205.3719 -234.526 24.00001 -228.9382 -238.2263 24.00001 -220.9566 -289.1777 24.00001 -170.9296 -281.3634 24.00001 -375.4681 -29.59659 -7.62939e-6 -383.5387 -39.89432 7.62939e-6 -376.7371 -45.22576 -7.62939e-6 -383.7502 -54.18453 -1.52588e-5 -380.1769 -56.98414 7.62939e-6 -383.483 -61.19573 -7.62939e-6 -366.4957 -74.48778 -7.62939e-6 -351.4119 -55.23134 -7.62939e-6 -365.4938 -44.2033 -7.62939e-6 -362.1988 -39.9917 7.62939e-6 -375.4681 -29.59659 20.00001 -383.5387 -39.89432 20.00001 -376.7371 -45.22576 20.00001 -383.7502 -54.18453 20.00001 -380.1769 -56.98414 20.00001 -383.483 -61.19573 20.00001 -366.4957 -74.48778 20.00001 -351.4119 -55.23134 20.00001 -365.4938 -44.2033 20.00001 -362.1988 -39.9917 20.00001 -343.8199 -207.4069 -7.62939e-6 -369.8019 -243.2411 -7.62939e-6 -349.5751 -257.8961 -7.62939e-6 -323.5932 -222.0619 -7.62939e-6 -343.8199 -207.4069 19.99999 -369.8019 -243.2411 19.99999 -349.5751 -257.8961 19.99999 -323.5932 -222.0619 19.99999 -419.751 -29.06101 -7.62939e-6 -436.0815 -50.50852 -7.62939e-6 -419.3057 -63.28935 -7.62939e-6 -402.9751 -41.86623 -7.62939e-6 -419.751 -29.06101 19.99999 -436.0815 -50.50852 19.99999 -419.3057 -63.28935 19.99999 -402.9751 -41.86623 19.99999 -525.5935 -156.9417 7.62939e-6 -537.8275 -174.1773 -1.52588e-5 -518.2687 -188.0534 -7.62939e-6 -506.4911 -171.4508 -7.62939e-6 -525.5935 -156.9417 20.00001 -537.8275 -174.1773 20.00001 -518.2687 -188.0534 20.00001 -506.4911 -171.4508 20.00001 -397.9991 -268.2665 7.62939e-6 -412.3037 -285.7209 7.62939e-6 -387.9136 -305.7071 1.52588e-5 -367.9762 -281.3634 7.62939e-6 -378.4848 -272.7701 -7.62939e-6 -384.1176 -279.635 -7.62939e-6 -397.9991 -268.2665 20.00002 -412.3037 -285.7209 20.00002 -387.9136 -305.7071 20.00002 -367.9762 -281.3634 20.00002 -378.4848 -272.7701 20.00002 -384.1176 -279.635 20.00002 -565.6685 -56.32684 -7.62939e-6 -527.152 -84.07946 7.62939e-6 -512.6026 -63.89796 -7.62939e-6 -544.8963 -40.62466 -7.62939e-6 -551.2972 -49.51039 -7.62939e-6 -557.52 -45.00666 -7.62939e-6 -565.6685 -56.32684 20.00001 -527.152 -84.07946 20.00001 -512.6026 -63.89796 20.00001 -544.8963 -40.62466 20.00001 -551.2972 -49.51039 20.00001 -557.52 -45.00666 20.00001 -495.2033 -185.5947 -7.62939e-6 -504.7545 -198.4483 7.62939e-6 -474.7762 -220.7717 7.62939e-6 -462.1637 -203.8283 -7.62939e-6 -481.6891 -189.295 -7.62939e-6 -484.7504 -193.3848 -1.52588e-5 -495.2033 -185.5947 20.00001 -504.7545 -198.4483 20.00001 -474.7762 -220.7717 20.00001 -462.1637 -203.8283 20.00001 -481.6891 -189.295 20.00001 -484.7504 -193.3848 20.00001 -325.4633 -44.66584 -7.62939e-6 -323.07 -73.92786 -7.62939e-6 -308.6986 -72.75933 -7.62939e-6 -309.0882 -67.98783 7.62939e-6 -305.014 -67.67135 7.62939e-6 -307.0177 -43.18083 -7.62939e-6 -325.4633 -44.66584 20.00001 -323.07 -73.92786 20.00001 -308.6986 -72.75933 20.00001 -309.0882 -67.98783 20.00001 -305.014 -67.67135 20.00001 -307.0177 -43.18083 20.00001 -602.4596 -102.6785 -7.62939e-6 -615.4951 -120.1334 -7.62939e-6 -594.2665 -135.9814 7.62939e-6 -582.7449 -120.5716 -7.62939e-6 -587.7321 -116.8226 -7.62939e-6 -586.2293 -114.802 -7.62939e-6 -602.4596 -102.6785 20.00001 -615.4951 -120.1334 20.00001 -594.2665 -135.9814 20.00001 -582.7449 -120.5716 20.00001 -587.7321 -116.8226 20.00001 -586.2293 -114.802 20.00001 -630.1671 -139.9252 -7.62939e-6 -642.902 -155.6759 -7.62939e-6 -625.692 -169.6007 -7.62939e-6 -618.8236 -161.0802 -1.52588e-5 -622.0073 -158.4998 -7.62939e-6 -616.1408 -151.2452 7.62939e-6 -630.1671 -139.9252 20.00001 -642.902 -155.6759 20.00001 -625.692 -169.6007 20.00001 -618.8236 -161.0802 20.00001 -622.0073 -158.4998 20.00001 -616.1408 -151.2452 20.00001 1031.154 537.1181 -7.62939e-6 994.8749 524.4335 -7.62939e-6 998.2813 514.6706 -7.62939e-6 1034.56 527.3551 -7.62939e-6 1031.154 537.1181 19.99999 994.8749 524.4335 19.99999 998.2813 514.6706 19.99999 1034.56 527.3551 19.99999 996.4334 332.7324 7.62939e-6 981.806 374.242 -7.62939e-6 953.0299 364.0898 7.62939e-6 967.6684 322.5802 7.62939e-6 996.4334 332.7324 20.00001 981.806 374.242 20.00001 953.0299 364.0898 20.00001 967.6684 322.5802 20.00001 772.7257 780.7086 -2.54313e-6 778.0134 753.4884 -7.62939e-6 801.2235 758.0169 -7.62939e-6 818.7897 761.4255 7.62939e-6 813.5021 788.6458 -2.54313e-6 772.7257 780.7086 16.00001 778.0134 753.4884 16.00001 801.2235 758.0169 16.00001 818.7897 761.4255 16.00001 813.5021 788.6458 16.00001 912.4651 589.804 -1.52588e-5 903.5039 616.9749 -7.62939e-6 893.2847 613.6151 7.62939e-6 885.1918 638.1566 -1.52588e-5 856.861 628.8074 7.62939e-6 873.9041 577.095 -7.62939e-6 912.4651 589.804 9.000008 903.5039 616.9749 9.000008 893.2847 613.6151 9.000008 885.1918 638.1566 9.000008 856.861 628.8074 9.000008 873.9041 577.095 9.000008 919.1221 652.5455 -7.62939e-6 927.2483 625.3258 7.62939e-6 935.5973 627.8092 -7.62939e-6 927.4711 655.0533 7.62939e-6 919.1221 652.5455 20.00001 927.2483 625.3258 20.00001 935.5973 627.8092 20.00001 927.4711 655.0533 20.00001 460.9644 95.43807 -7.62939e-6 509.3772 111.2623 -7.62939e-6 500.6943 137.8228 7.62939e-6 452.2814 122.0228 -7.62939e-6 460.9644 95.43807 20.00001 509.3772 111.2623 20.00001 500.6943 137.8228 20.00001 452.2814 122.0228 20.00001 466.7196 -97.39582 -7.62939e-6 475.8478 -124.6857 -1.52588e-5 449.543 -133.4983 -7.62939e-6 431.2643 -139.6087 7.62939e-6 431.5538 -153.2171 -7.62939e-6 432.0324 -176.2709 -7.62939e-6 443.6764 -194.7967 7.62939e-6 454.5635 -212.1296 -1.52588e-5 538.5986 -183.988 7.62939e-6 514.8986 -113.1709 7.62939e-6 492.4678 -120.6689 7.62939e-6 489.3731 -111.4668 -7.62939e-6 487.2358 -105.0399 7.62939e-6 486.156 -101.8265 7.62939e-6 483.117 -92.7704 7.62939e-6 505.4699 -85.27234 7.62939e-6 489.3063 -36.99732 -7.62939e-6 476.2597 1.978352 -7.62939e-6 540.8139 23.57209 -7.62939e-6 524.3608 72.72425 7.62939e-6 416.303 36.52349 7.62939e-6 424.0397 13.42035 -7.62939e-6 415.5238 10.57202 -7.62939e-6 412.9634 18.19191 -7.62939e-6 377.6863 6.384734 -7.62939e-6 405.8389 -77.60386 -7.62939e-6 443.643 -64.94477 -7.62939e-6 445.9362 -71.76121 -7.62939e-6 441.8619 -79.33232 -7.62939e-6 441.0938 -93.23294 -7.62939e-6 440.3814 -106.2085 7.62939e-6 466.7196 -97.39582 9.000008 475.8478 -124.6857 9.000008 449.543 -133.4983 9.000008 431.2643 -139.6087 9.000008 431.5538 -153.2171 9.000008 432.0324 -176.2709 9.000008 443.6764 -194.7967 9.000008 454.5635 -212.1296 9.000008 538.5986 -183.988 9.000008 514.8986 -113.1709 9.000008 492.4678 -120.6689 9.000008 489.3731 -111.4668 9.000008 487.2358 -105.0399 9.000008 486.156 -101.8265 9.000008 483.117 -92.7704 9.000008 505.4699 -85.27234 9.000008 489.3063 -36.99732 9.000008 476.2597 1.978352 9.000008 540.8139 23.57209 9.000008 524.3608 72.72425 9.000008 416.303 36.52349 9.000008 424.0397 13.42035 9.000008 415.5238 10.57202 9.000008 412.9634 18.19191 9.000008 377.6863 6.384734 9.000008 405.8389 -77.60386 9.000008 443.643 -64.94477 9.000008 445.9362 -71.76121 9.000008 441.8619 -79.33232 9.000008 441.0938 -93.23294 9.000008 440.3814 -106.2085 9.000008 514.5981 461.8879 -1.52588e-5 504.1452 458.309 -7.62939e-6 507.1954 449.4226 7.62939e-6 517.6483 453.0015 -7.62939e-6 514.5981 461.8879 20.00001 504.1452 458.309 20.00001 507.1954 449.4226 20.00001 517.6483 453.0015 20.00001 439.0233 294.8992 -7.62939e-6 432.4555 292.6593 7.62939e-6 426.934 308.8492 7.62939e-6 433.513 311.089 7.62939e-6 439.0233 294.8992 20.00001 433.513 311.089 20.00001 426.934 308.8492 20.00001 432.4555 292.6593 20.00001 1107.285 -171.8647 -1.52588e-5 1096.131 -175.2728 -7.62939e-6 1106.228 -208.1616 -7.62939e-6 1117.382 -204.7291 -7.62939e-6 1107.285 -171.8647 19.99999 1096.131 -175.2728 19.99999 1106.228 -208.1616 19.99999 1117.382 -204.7291 19.99999 802.359 -553.1555 -7.62939e-6 817.2869 -547.7758 -7.62939e-6 823.2314 -564.2558 -7.62939e-6 808.2923 -569.6356 7.62939e-6 802.359 -553.1555 20.00001 808.2923 -569.6356 20.00001 823.2314 -564.2558 20.00001 817.2869 -547.7758 20.00001 768.6181 -498.3598 7.62939e-6 795.3458 -488.9634 -7.62939e-6 810.8749 -533.0971 -7.62939e-6 796.5036 -538.1604 7.62939e-6 789.6797 -518.7348 7.62939e-6 777.3233 -523.0922 7.62939e-6 768.6181 -498.3598 20.00001 777.3233 -523.0922 20.00001 789.6797 -518.7348 20.00001 796.5036 -538.1604 20.00001 810.8749 -533.0971 20.00001 795.3458 -488.9634 20.00001 -773.8694 627.6387 -7.62939e-6 -770.8861 589.7309 7.62939e-6 -756.8264 590.8265 7.62939e-6 -759.8097 628.7587 -7.62939e-6 -773.8694 627.6387 20.00001 -770.8861 589.7309 20.00001 -756.8264 590.8265 20.00001 -759.8097 628.7587 20.00001 -770.5855 584.9591 -7.62939e-6 -766.5891 534.1478 -7.62939e-6 -752.5183 535.2434 -7.62939e-6 -756.5258 586.0546 7.62939e-6 -770.5855 584.9591 20.00001 -766.5891 534.1478 20.00001 -752.5183 535.2434 20.00001 -756.5258 586.0546 20.00001 -777.5875 672.2422 -7.62939e-6 -774.6041 634.3341 -7.62939e-6 -760.5444 635.4297 7.62939e-6 -763.5278 673.3621 -7.62939e-6 -777.5875 672.2422 20.00001 -774.6041 634.3341 20.00001 -760.5444 635.4297 20.00001 -763.5278 673.3621 20.00001 -329.7937 299.9874 -7.62939e-6 -386.2326 295.5321 -7.62939e-6 -384.6408 275.5687 -7.62939e-6 -439.5213 271.2109 7.62939e-6 -437.9405 251.2719 -1.52588e-5 -431.3282 251.8075 7.62939e-6 -430.2261 237.8575 -7.62939e-6 -370.8372 242.5805 -7.62939e-6 -372.3845 262.057 -7.62939e-6 -333.5006 265.1488 -7.62939e-6 -334.5359 278.1737 7.62939e-6 -328.1016 278.685 -7.62939e-6 -329.7937 299.9874 20.00001 -386.2326 295.5321 20.00001 -384.6408 275.5687 20.00001 -439.5213 271.2109 20.00001 -437.9405 251.2719 20.00001 -431.3282 251.8075 20.00001 -430.2261 237.8575 20.00001 -370.8372 242.5805 20.00001 -372.3845 262.057 20.00001 -333.5006 265.1488 20.00001 -334.5359 278.1737 20.00001 -328.1016 278.685 20.00001 -789.9105 120.5621 7.62939e-6 -840.5275 50.69216 -7.62939e-6 -829.5848 42.75575 -7.62939e-6 -778.9791 112.6256 -7.62939e-6 -789.9105 120.5621 20.00001 -840.5275 50.69216 20.00001 -829.5848 42.75575 20.00001 -778.9791 112.6256 20.00001 -584.181 281.996 -7.62939e-6 -572.5703 204.1392 -7.62939e-6 -559.8131 206.0624 7.62939e-6 -571.4238 283.8949 -7.62939e-6 -584.181 281.996 20.00001 -572.5703 204.1392 20.00001 -559.8131 206.0624 20.00001 -571.4238 283.8949 20.00001 -954.6077 686.4365 0 -957.7135 726.536 0 -847.2289 735.1062 -7.62939e-6 -844.1119 695.031 7.62939e-6 -954.6077 686.4365 20.00001 -844.1119 695.031 20.00001 -847.2289 735.1062 20.00001 -957.7135 726.536 20.00001 -324.4615 141.9371 7.62939e-6 -282.0599 140.1356 -7.62939e-6 -277.3511 251.564 7.62939e-6 -319.7526 253.3656 7.62939e-6 -321.6785 207.8883 7.62939e-6 -305.0696 207.1823 -1.52588e-5 -305.7709 190.6275 -7.62939e-6 -322.3798 191.3335 -7.62939e-6 -324.4615 141.9371 20.00001 -282.0599 140.1356 20.00001 -277.3511 251.564 20.00001 -319.7526 253.3656 20.00001 -321.6785 207.8883 20.00001 -305.0696 207.1823 20.00001 -305.7709 190.6275 20.00001 -322.3798 191.3335 20.00001 897.5371 664.0859 -7.62939e-6 924.3541 673.9465 7.62939e-6 914.1126 720.5466 -7.62939e-6 903.7265 718.2581 -7.62939e-6 911.6302 682.3218 -1.52588e-5 893.1066 674.8961 7.62939e-6 897.5371 664.0859 20.00001 924.3541 673.9465 20.00001 914.1126 720.5466 20.00001 903.7265 718.2581 20.00001 911.6302 682.3218 20.00001 893.1066 674.8961 20.00001 814.0809 700.4603 7.62939e-6 817.9661 674.6282 -7.62939e-6 830.9458 676.4055 7.62939e-6 831.5469 672.5344 -7.62939e-6 863.4956 677.0142 7.62939e-6 886.7725 672.8508 -7.62939e-6 892.2941 696.1265 -7.62939e-6 886.1714 696.93 -1.52588e-5 887.1956 702.8463 -7.62939e-6 867.069 707.5209 -7.62939e-6 866.9577 700.996 -7.62939e-6 842.0221 698.3908 -7.62939e-6 841.0537 705.0619 -7.62939e-6 814.0809 700.4603 9.000008 817.9661 674.6282 9.000008 830.9458 676.4055 9.000008 831.5469 672.5344 9.000008 863.4956 677.0142 9.000008 886.7725 672.8508 9.000008 892.2941 696.1265 9.000008 886.1714 696.93 9.000008 887.1956 702.8463 9.000008 867.069 707.5209 9.000008 866.9577 700.996 9.000008 842.0221 698.3908 9.000008 841.0537 705.0619 9.000008 -462.9318 294.4366 -1.52588e-5 -403.2311 297.8206 -7.62939e-6 -402.7191 288.8371 -1.52588e-5 -462.4308 285.453 -7.62939e-6 -462.9318 294.4366 19.99999 -462.4308 285.453 19.99999 -402.7191 288.8371 19.99999 -403.2311 297.8206 19.99999 -224.1069 -163.2712 -7.62939e-6 -174.8035 -156.0653 -7.62939e-6 -167.3674 -206.92 7.62939e-6 -182.9298 -209.3788 7.62939e-6 -208.3663 -212.9086 7.62939e-6 -216.6596 -214.1258 -1.52588e-5 -224.1069 -163.2712 24.00001 -216.6596 -214.1258 24.00001 -208.3663 -212.9086 24.00001 -182.9298 -209.3788 24.00001 -167.3674 -206.92 24.00001 -174.8035 -156.0653 24.00001 -208.3663 -212.9086 7.62939e-6 -205.973 -230.1928 7.62939e-6 -205.3719 -234.526 7.62939e-6 -180.1691 -230.5823 -7.62939e-6 -180.7257 -226.3221 -7.62939e-6 -182.9298 -209.3788 7.62939e-6 -208.3663 -212.9086 20.00001 -205.973 -230.1928 20.00001 -205.3719 -234.526 20.00001 -180.1691 -230.5823 20.00001 -180.7257 -226.3221 20.00001 -182.9298 -209.3788 20.00001 788.2659 737.9792 -7.62939e-6 821.5727 744.4312 -7.62939e-6 823.6878 733.4749 -7.62939e-6 790.3811 727.023 7.62939e-6 788.2659 737.9792 20.00001 790.3811 727.023 20.00001 823.6878 733.4749 20.00001 821.5727 744.4312 20.00001 645.699 33.35867 -7.62939e-6 654.5935 36.40177 7.62939e-6 656.2744 31.45978 -7.62939e-6 647.38 28.41669 -7.62939e-6 645.699 33.35867 20.00001 647.38 28.41669 20.00001 656.2744 31.45978 20.00001 654.5935 36.40177 20.00001 727.5745 89.2788 -7.62939e-6 742.6472 94.51296 -7.62939e-6 745.7085 85.67574 -7.62939e-6 730.6358 80.46593 -7.62939e-6 727.5745 89.2788 19.99999 730.6358 80.46593 19.99999 745.7085 85.67574 19.99999 742.6472 94.51296 19.99999 -726.6031 -228.5374 -7.62939e-6 -714.3914 -237.1308 -7.62939e-6 -713.0111 -235.1589 7.62939e-6 -706.2539 -239.906 7.62939e-6 -707.8569 -242.1943 7.62939e-6 -699.853 -247.8177 7.62939e-6 -707.0888 -258.1152 -7.62939e-6 -702.3021 -261.4989 7.62939e-6 -717.8757 -283.6517 -7.62939e-6 -732.9706 -273.0622 -7.62939e-6 -725.4454 -262.351 -7.62939e-6 -731.0114 -258.456 7.62939e-6 -727.4046 -253.3194 -7.62939e-6 -736.0319 -247.2578 -1.52588e-5 -729.9427 -238.5914 7.62939e-6 -732.4363 -236.8387 -7.62939e-6 -726.6031 -228.5374 20.00001 -732.4363 -236.8387 20.00001 -729.9427 -238.5914 20.00001 -736.0319 -247.2578 20.00001 -727.4046 -253.3194 20.00001 -731.0114 -258.456 20.00001 -725.4454 -262.351 20.00001 -732.9706 -273.0622 20.00001 -717.8757 -283.6517 20.00001 -702.3021 -261.4989 20.00001 -707.0888 -258.1152 20.00001 -699.853 -247.8177 20.00001 -707.8569 -242.1943 20.00001 -706.2539 -239.906 20.00001 -713.0111 -235.1589 20.00001 -714.3914 -237.1308 20.00001 -685.4483 -264.2254 -7.62939e-6 -680.5391 -268.0231 -1.52588e-5 -676.2199 -262.4483 -7.62939e-6 -660.6018 -274.5715 -7.62939e-6 -688.8101 -310.9409 -1.52588e-5 -702.5581 -300.2784 7.62939e-6 -699.2185 -295.9696 7.62939e-6 -702.38 -293.5109 7.62939e-6 -698.673 -288.7395 7.62939e-6 -702.291 -285.9157 -7.62939e-6 -685.4483 -264.2254 20.00001 -702.291 -285.9157 20.00001 -698.673 -288.7395 20.00001 -702.38 -293.5109 20.00001 -699.2185 -295.9696 20.00001 -702.5581 -300.2784 20.00001 -688.8101 -310.9409 20.00001 -660.6018 -274.5715 20.00001 -676.2199 -262.4483 20.00001 -680.5391 -268.0231 20.00001 -635.4992 -288.0336 7.62939e-6 -620.5268 -298.8665 7.62939e-6 -635.0317 -318.9013 7.62939e-6 -638.9724 -316.0288 7.62939e-6 -641.7332 -319.8507 7.62939e-6 -648.2565 -315.128 -1.52588e-5 -645.2397 -310.9653 7.62939e-6 -649.7481 -307.6789 -7.62939e-6 -635.4992 -288.0336 20.00001 -649.7481 -307.6789 20.00001 -645.2397 -310.9653 20.00001 -648.2565 -315.128 20.00001 -641.7332 -319.8507 20.00001 -638.9724 -316.0288 20.00001 -635.0317 -318.9013 20.00001 -620.5268 -298.8665 20.00001 -637.6143 -325.9853 -7.62939e-6 -623.2431 -336.5017 -7.62939e-6 -635.0429 -352.6414 -7.62939e-6 -649.4142 -342.125 -7.62939e-6 -637.6143 -325.9853 19.99999 -649.4142 -342.125 19.99999 -635.0429 -352.6414 19.99999 -623.2431 -336.5017 19.99999 -599.6878 -329.1499 -7.62939e-6 -594.6784 -332.6554 7.62939e-6 -592.0401 -328.9065 7.62939e-6 -574.9414 -340.9078 -7.62939e-6 -585.7061 -356.2442 -7.62939e-6 -581.3089 -359.3115 -1.52588e-5 -594.9122 -378.7131 -7.62939e-6 -611.4097 -367.1257 -7.62939e-6 -603.3168 -355.6113 7.62939e-6 -613.3355 -348.576 -7.62939e-6 -599.6878 -329.1499 20.00001 -613.3355 -348.576 20.00001 -603.3168 -355.6113 20.00001 -611.4097 -367.1257 20.00001 -594.9122 -378.7131 20.00001 -581.3089 -359.3115 20.00001 -585.7061 -356.2442 20.00001 -574.9414 -340.9078 20.00001 -592.0401 -328.9065 20.00001 -594.6784 -332.6554 20.00001 -559.4791 -360.6504 -7.62939e-6 -556.7296 -362.5248 -7.62939e-6 -555.16 -360.2122 7.62939e-6 -549.0374 -364.3992 7.62939e-6 -547.6682 -362.3787 -7.62939e-6 -532.7736 -372.5056 7.62939e-6 -537.2598 -379.1026 -7.62939e-6 -533.8757 -381.3909 -7.62939e-6 -555.082 -412.5503 7.62939e-6 -568.6074 -403.3486 7.62939e-6 -560.1582 -390.9335 7.62939e-6 -570.3106 -384.02 -7.62939e-6 -563.0191 -373.3089 -7.62939e-6 -566.4812 -370.9476 -7.62939e-6 -559.4791 -360.6504 20.00001 -566.4812 -370.9476 20.00001 -563.0191 -373.3089 20.00001 -570.3106 -384.02 20.00001 -560.1582 -390.9335 20.00001 -568.6074 -403.3486 20.00001 -555.082 -412.5503 20.00001 -533.8757 -381.3909 20.00001 -537.2598 -379.1026 20.00001 -532.7736 -372.5056 20.00001 -547.6682 -362.3787 20.00001 -549.0374 -364.3992 20.00001 -555.16 -360.2122 20.00001 -556.7296 -362.5248 20.00001 -659.856 -411.9174 7.62939e-6 -653.0098 -416.6887 -7.62939e-6 -644.0709 -403.8841 -1.52588e-5 -625.5473 -416.8104 -7.62939e-6 -635.7775 -431.4894 1.52588e-5 -631.3248 -434.5809 -7.62939e-6 -645.262 -454.5423 -1.52588e-5 -675.0845 -433.7289 7.62939e-6 -659.856 -411.9174 20.00002 -675.0845 -433.7289 20.00002 -645.262 -454.5423 20.00002 -631.3248 -434.5809 20.00002 -635.7775 -431.4894 20.00002 -625.5473 -416.8104 20.00002 -644.0709 -403.8841 20.00002 -653.0098 -416.6887 20.00002 -696.1683 -373.0655 -7.62939e-6 -691.6711 -376.3032 7.62939e-6 -688.9215 -372.4812 7.62939e-6 -665.7893 -389.1078 -7.62939e-6 -678.9695 -407.4626 7.62939e-6 -686.3166 -402.1801 -7.62939e-6 -688.6432 -405.4178 7.62939e-6 -700.0534 -397.2141 -7.62939e-6 -706.6771 -406.4402 -7.62939e-6 -715.5491 -400.0622 7.62939e-6 -696.1683 -373.0655 20.00001 -715.5491 -400.0622 20.00001 -706.6771 -406.4402 20.00001 -700.0534 -397.2141 20.00001 -688.6432 -405.4178 20.00001 -686.3166 -402.1801 20.00001 -678.9695 -407.4626 20.00001 -665.7893 -389.1078 20.00001 -688.9215 -372.4812 20.00001 -691.6711 -376.3032 20.00001 -738.8371 -331.2191 -7.62939e-6 -722.0947 -343.3908 1.52588e-5 -723.8201 -345.9713 7.62939e-6 -717.4304 -350.3287 7.62939e-6 -720.8813 -355.7087 7.62939e-6 -713.9683 -360.626 7.62939e-6 -716.8181 -364.6427 7.62939e-6 -713.0889 -367.2718 -1.52588e-5 -720.6253 -377.8855 -7.62939e-6 -723.4194 -375.9137 -7.62939e-6 -726.8925 -380.831 7.62939e-6 -730.132 -378.5428 7.62939e-6 -741.2973 -377.569 -7.62939e-6 -761.5463 -363.1821 7.62939e-6 -738.8371 -331.2191 20.00002 -761.5463 -363.1821 20.00002 -741.2973 -377.569 20.00002 -730.132 -378.5428 20.00002 -726.8925 -380.831 20.00002 -723.4194 -375.9137 20.00002 -720.6253 -377.8855 20.00002 -713.0889 -367.2718 20.00002 -716.8181 -364.6427 20.00002 -713.9683 -360.626 20.00002 -720.8813 -355.7087 20.00002 -717.4304 -350.3287 20.00002 -723.8201 -345.9713 20.00002 -722.0947 -343.3908 20.00002 -782.3519 -301.7877 7.62939e-6 -760.1103 -317.0512 -7.62939e-6 -762.359 -320.3132 -7.62939e-6 -756.0026 -324.6707 -7.62939e-6 -770.5298 -345.8496 7.62939e-6 -786.749 -334.7246 -7.62939e-6 -791.2797 -341.3217 7.62939e-6 -803.6585 -332.8258 -7.62939e-6 -782.3519 -301.7877 20.00001 -803.6585 -332.8258 20.00001 -791.2797 -341.3217 20.00001 -786.749 -334.7246 20.00001 -770.5298 -345.8496 20.00001 -756.0026 -324.6707 20.00001 -762.359 -320.3132 20.00001 -760.1103 -317.0512 20.00001 486.156 -101.8265 7.62939e-6 528.6132 -88.33972 7.62939e-6 529.5372 -91.21236 -1.52588e-5 531.7191 -98.1018 7.62939e-6 489.3731 -111.4668 -7.62939e-6 486.156 -101.8265 20.00001 489.3731 -111.4668 20.00001 531.7191 -98.1018 20.00001 529.5372 -91.21236 20.00001 528.6132 -88.33972 20.00001 1162.967 562.3167 7.62939e-6 1194.393 573.0292 0 1198.011 562.3897 0 1166.585 551.7015 -7.62939e-6 1162.967 562.3167 20.00001 1166.585 551.7015 20.00001 1198.011 562.3897 20.00001 1194.393 573.0292 20.00001 533.3554 190.6032 7.62939e-6 559.5712 199.4405 7.62939e-6 584.9854 124.1408 -7.62939e-6 558.7919 115.3036 -7.62939e-6 533.3554 190.6032 6.000008 558.7919 115.3036 6.000008 584.9854 124.1408 6.000008 559.5712 199.4405 6.000008 -107.7001 -343.9508 7.62939e-6 -101.2993 -343.1474 7.62939e-6 -92.93917 -416.3722 7.62939e-6 -99.36231 -417.1025 -1.52588e-5 -107.7001 -343.9508 20.00001 -99.36231 -417.1025 20.00001 -92.93917 -416.3722 20.00001 -101.2993 -343.1474 20.00001 684.5384 765.9785 7.62939e-6 702.0935 776.1799 -1.08991e-6 725.3815 736.1044 -7.62939e-6 722.6097 734.4975 -7.62939e-6 725.3927 729.7255 7.62939e-6 721.541 727.4855 7.62939e-6 727.6413 716.9676 -7.62939e-6 716.6986 710.613 -7.62939e-6 684.5384 765.9785 6.000008 716.6986 710.613 6.000008 727.6413 716.9676 6.000008 721.541 727.4855 6.000008 725.3927 729.7255 6.000008 722.6097 734.4975 6.000008 725.3815 736.1044 6.000008 702.0935 776.1799 6.000008 914.4354 -727.4232 7.62939e-6 927.56 -722.3357 7.62939e-6 925.0887 -715.9337 7.62939e-6 911.9531 -721.0213 -7.62939e-6 914.4354 -727.4232 20.00001 927.56 -722.3357 20.00001 925.0887 -715.9337 20.00001 911.9531 -721.0213 20.00001 -417.3687 -758.3134 0 -413.8844 -752.2522 7.62939e-6 -430.0369 -742.9536 -7.62939e-6 -441.7811 -763.3765 0 -430.7827 -769.7055 0 -434.6566 -776.4482 0 -422.9903 -783.1423 0 -429.6918 -794.8264 0 -402.3183 -810.5513 0 -385.8096 -781.8278 0 -393.435 -777.4462 0 -391.1084 -773.4055 0 -417.3687 -758.3134 20.00001 -413.8844 -752.2522 20.00001 -430.0369 -742.9536 20.00001 -441.7811 -763.3765 20.00001 -430.7827 -769.7055 20.00001 -434.6566 -776.4482 20.00001 -422.9903 -783.1423 20.00001 -429.6918 -794.8264 20.00001 -402.3183 -810.5513 20.00001 -385.8096 -781.8278 20.00001 -393.435 -777.4462 20.00001 -391.1084 -773.4055 20.00001 -554.8817 -775.1094 -2.54313e-6 -535.7236 -787.7186 -2.54313e-6 -530.7031 -780.0995 -2.54313e-6 -526.3282 -782.9962 -2.54313e-6 -521.1964 -775.2068 -2.54313e-6 -525.5712 -772.3101 -2.54313e-6 -517.8902 -760.6502 -2.54313e-6 -532.6734 -750.9134 -7.62939e-6 -531.1595 -748.6253 7.62939e-6 -540.1207 -742.7344 -7.62939e-6 -555.0709 -765.4213 -2.54313e-6 -550.4846 -768.4397 -2.54313e-6 -554.8817 -775.1094 20.00001 -535.7236 -787.7186 20.00001 -530.7031 -780.0995 20.00001 -526.3282 -782.9962 20.00001 -521.1964 -775.2068 20.00001 -525.5712 -772.3101 20.00001 -517.8902 -760.6502 20.00001 -532.6734 -750.9134 20.00001 -531.1595 -748.6253 20.00001 -540.1207 -742.7344 20.00001 -555.0709 -765.4213 20.00001 -550.4846 -768.4397 20.00001 -605.8771 -746.9213 7.62939e-6 -595.1014 -731.0989 -7.62939e-6 -596.4373 -730.1739 -7.62939e-6 -589.2126 -719.5851 1.52588e-5 -609.4839 -705.7587 -7.62939e-6 -613.3689 -711.4791 -7.62939e-6 -621.2281 -706.1238 7.62939e-6 -635.3434 -726.8147 7.62939e-6 -605.8771 -746.9213 20.00002 -595.1014 -731.0989 20.00002 -596.4373 -730.1739 20.00002 -589.2126 -719.5851 20.00002 -609.4839 -705.7587 20.00002 -613.3689 -711.4791 20.00002 -621.2281 -706.1238 20.00002 -635.3434 -726.8147 20.00002 -735.1859 -748.674 -7.62939e-6 -762.9489 -731.1476 -7.62939e-6 -767.257 -737.9877 -7.62939e-6 -778.3667 -730.9772 -7.62939e-6 -790.3558 -749.9884 7.62939e-6 -781.3945 -755.6601 -4.57764e-6 -786.6489 -763.9851 -4.57764e-6 -756.7484 -782.8502 -4.57764e-6 -735.1859 -748.674 20.00001 -762.9489 -731.1476 20.00001 -767.257 -737.9877 20.00001 -778.3667 -730.9772 20.00001 -790.3558 -749.9884 20.00001 -781.3945 -755.6601 20.00001 -786.6489 -763.9851 20.00001 -756.7484 -782.8502 20.00001 -693.4188 -703.9573 -1.52588e-5 -722.9185 -686.1145 7.62939e-6 -728.4176 -695.1942 1.52588e-5 -743.5014 -686.0658 -7.62939e-6 -753.9432 -703.3245 -7.62939e-6 -740.3956 -711.5278 -7.62939e-6 -747.0081 -722.4575 7.62939e-6 -715.9832 -741.2496 -7.62939e-6 -693.4188 -703.9573 20.00002 -722.9185 -686.1145 20.00002 -728.4176 -695.1942 20.00002 -743.5014 -686.0658 20.00002 -753.9432 -703.3245 20.00002 -740.3956 -711.5278 20.00002 -747.0081 -722.4575 20.00002 -715.9832 -741.2496 20.00002 -691.1145 -658.6563 -7.62939e-6 -684.0679 -662.5997 -7.62939e-6 -676.4314 -648.968 -7.62939e-6 -699.4746 -636.0421 7.62939e-6 -704.0609 -644.2212 7.62939e-6 -710.6511 -640.5212 -7.62939e-6 -726.0576 -668.0281 -7.62939e-6 -703.4598 -680.6861 -7.62939e-6 -691.1145 -658.6563 20.00001 -684.0679 -662.5997 20.00001 -676.4314 -648.968 20.00001 -699.4746 -636.0421 20.00001 -704.0609 -644.2212 20.00001 -710.6511 -640.5212 20.00001 -726.0576 -668.0281 20.00001 -703.4598 -680.6861 20.00001 -644.6719 -689.3276 -7.62939e-6 -627.6735 -700.8416 7.62939e-6 -617.1427 -685.2625 -7.62939e-6 -634.1411 -673.7729 -7.62939e-6 -644.6719 -689.3276 20.00001 -627.6735 -700.8416 20.00001 -617.1427 -685.2625 20.00001 -634.1411 -673.7729 20.00001 -857.4035 -657.78 -7.62939e-6 -810.0482 -685.3842 1.52588e-5 -801.9998 -671.5578 7.62939e-6 -819.1541 -661.5531 -1.52588e-5 -815.0019 -654.4207 7.62939e-6 -795.8327 -665.5939 -7.62939e-6 -787.2611 -650.8911 -7.62939e-6 -835.8411 -622.5808 1.52588e-5 -840.3271 -630.2487 -7.62939e-6 -845.548 -627.2058 7.62939e-6 -857.5037 -647.7265 7.62939e-6 -853.0398 -650.3068 -1.52588e-5 -857.4035 -657.78 20.00002 -810.0482 -685.3842 20.00002 -801.9998 -671.5578 20.00002 -819.1541 -661.5531 20.00002 -815.0019 -654.4207 20.00002 -795.8327 -665.5939 20.00002 -787.2611 -650.8911 20.00002 -835.8411 -622.5808 20.00002 -840.3271 -630.2487 20.00002 -845.548 -627.2058 20.00002 -857.5037 -647.7265 20.00002 -853.0398 -650.3068 20.00002 -844.7243 -726.8147 7.62939e-6 -838.3457 -716.3963 7.62939e-6 -853.5631 -707.0975 7.62939e-6 -847.908 -697.8474 -7.62939e-6 -832.0561 -707.56 -7.62939e-6 -823.6069 -693.7579 -7.62939e-6 -870.1051 -665.3261 -7.62939e-6 -875.3593 -673.8946 7.62939e-6 -878.3984 -672.0446 1.52588e-5 -888.7733 -688.9868 -7.62939e-6 -885.9458 -690.7152 -7.62939e-6 -890.7882 -698.6508 -7.62939e-6 -844.7243 -726.8147 20.00002 -838.3457 -716.3963 20.00002 -853.5631 -707.0975 20.00002 -847.908 -697.8474 20.00002 -832.0561 -707.56 20.00002 -823.6069 -693.7579 20.00002 -870.1051 -665.3261 20.00002 -875.3593 -673.8946 20.00002 -878.3984 -672.0446 20.00002 -888.7733 -688.9868 20.00002 -885.9458 -690.7152 20.00002 -890.7882 -698.6508 20.00002 -852.1715 -733.7522 -7.62939e-6 -901.0631 -712.7449 -7.62939e-6 -903.3451 -718.0272 -7.62939e-6 -908.989 -715.593 -7.62939e-6 -916.3583 -732.7299 -1.52588e-5 -915.1004 -733.2897 -7.62939e-6 -921.1673 -747.3838 -7.62939e-6 -872.5207 -768.2937 -7.62939e-6 -868.6802 -759.3601 -7.62939e-6 -881.9272 -753.6641 -7.62939e-6 -876.9957 -742.1989 -1.52588e-5 -859.1067 -749.8911 7.62939e-6 -852.1715 -733.7522 20.00001 -901.0631 -712.7449 20.00001 -903.3451 -718.0272 20.00001 -908.989 -715.593 20.00001 -916.3583 -732.7299 20.00001 -915.1004 -733.2897 20.00001 -921.1673 -747.3838 20.00001 -872.5207 -768.2937 20.00001 -868.6802 -759.3601 20.00001 -881.9272 -753.6641 20.00001 -876.9957 -742.1989 20.00001 -859.1067 -749.8911 20.00001 -899.0593 -555.0299 -7.62939e-6 -916.7702 -540.2782 -7.62939e-6 -923.1599 -547.9462 -7.62939e-6 -905.4379 -562.6979 7.62939e-6 -899.0593 -555.0299 20.00001 -916.7702 -540.2782 20.00001 -923.1599 -547.9462 20.00001 -905.4379 -562.6979 20.00001 -946.9378 -557.8781 7.62939e-6 -936.1621 -540.2782 -7.62939e-6 -942.8858 -536.1643 7.62939e-6 -935.8392 -524.6501 7.62939e-6 -954.9417 -512.9412 3.8147e-6 -967.3093 -533.1458 3.8147e-6 -960.6968 -537.1867 3.8147e-6 -966.1516 -546.0961 3.8147e-6 -946.9378 -557.8781 20.00001 -936.1621 -540.2782 20.00001 -942.8858 -536.1643 20.00001 -935.8392 -524.6501 20.00001 -954.9417 -512.9412 20.00001 -967.3093 -533.1458 20.00001 -960.6968 -537.1867 20.00001 -966.1516 -546.0961 20.00001 -932.1768 -512.6004 -1.52588e-5 -918.7294 -489.3042 7.62939e-6 -937.0971 -478.6906 7.62939e-6 -947.5055 -496.7288 -1.52588e-5 -940.1139 -500.9888 -7.62939e-6 -943.1529 -506.2469 -7.62939e-6 -932.1768 -512.6004 20.00001 -918.7294 -489.3042 20.00001 -937.0971 -478.6906 20.00001 -947.5055 -496.7288 20.00001 -940.1139 -500.9888 20.00001 -943.1529 -506.2469 20.00001 -904.1688 -532.4641 -7.62939e-6 -890.7994 -517.6394 -7.62939e-6 -902.666 -506.9528 -7.62939e-6 -916.0244 -521.7777 -7.62939e-6 -904.1688 -532.4641 19.99999 -890.7994 -517.6394 19.99999 -902.666 -506.9528 19.99999 -916.0244 -521.7777 19.99999 -808.1113 -624.7229 -7.62939e-6 -785.5579 -589.9617 -7.62939e-6 -818.0187 -568.9053 -7.62939e-6 -840.5831 -603.6666 -7.62939e-6 -808.1113 -624.7229 19.99999 -785.5579 -589.9617 19.99999 -818.0187 -568.9053 19.99999 -840.5831 -603.6666 19.99999 -768.014 -605.4679 -7.62939e-6 -781.2721 -619.611 -7.62939e-6 -769.194 -630.9302 7.62939e-6 -755.9358 -616.7872 7.62939e-6 -768.014 -605.4679 20.00001 -781.2721 -619.611 20.00001 -769.194 -630.9302 20.00001 -755.9358 -616.7872 20.00001 -745.327 -577.9121 7.62939e-6 -731.4789 -586.6998 7.62939e-6 -717.9871 -565.3999 7.62939e-6 -768.0362 -533.6569 -7.62939e-6 -784.3 -559.3142 7.62939e-6 -773.4353 -566.2033 -7.62939e-6 -778.2331 -573.7738 -7.62939e-6 -752.8856 -589.84 -7.62939e-6 -745.327 -577.9121 20.00001 -731.4789 -586.6998 20.00001 -717.9871 -565.3999 20.00001 -768.0362 -533.6569 20.00001 -784.3 -559.3142 20.00001 -773.4353 -566.2033 20.00001 -778.2331 -573.7738 20.00001 -752.8856 -589.84 20.00001 -692.9624 -494.0754 7.62939e-6 -719.4564 -482.5368 -7.62939e-6 -722.5065 -489.5719 7.62939e-6 -727.2822 -487.5028 -1.52588e-5 -735.6979 -506.8311 -7.62939e-6 -733.9391 -507.5857 1.52588e-5 -737.1005 -514.8886 7.62939e-6 -739.4828 -513.8419 -7.62939e-6 -744.2918 -524.8935 -7.62939e-6 -712.4099 -538.7689 7.62939e-6 -692.9624 -494.0754 20.00002 -719.4564 -482.5368 20.00002 -722.5065 -489.5719 20.00002 -727.2822 -487.5028 20.00002 -735.6979 -506.8311 20.00002 -733.9391 -507.5857 20.00002 -737.1005 -514.8886 20.00002 -739.4828 -513.8419 20.00002 -744.2918 -524.8935 20.00002 -712.4099 -538.7689 20.00002 -811.3061 -428.057 -7.62939e-6 -794.6304 -407.6087 7.62939e-6 -797.3244 -405.4178 -7.62939e-6 -788.3186 -394.3903 -7.62939e-6 -816.9389 -371.045 7.62939e-6 -828.7165 -385.505 -7.62939e-6 -820.3675 -392.2967 -7.62939e-6 -834.2602 -409.337 7.62939e-6 -811.3061 -428.057 20.00001 -794.6304 -407.6087 20.00001 -797.3244 -405.4178 20.00001 -788.3186 -394.3903 20.00001 -816.9389 -371.045 20.00001 -828.7165 -385.505 20.00001 -820.3675 -392.2967 20.00001 -834.2602 -409.337 20.00001 -817.8851 -352.3006 -7.62939e-6 -824.8871 -344.8271 7.62939e-6 -831.6553 -351.1564 7.62939e-6 -824.6533 -358.6299 -7.62939e-6 -817.8851 -352.3006 20.00001 -824.8871 -344.8271 20.00001 -831.6553 -351.1564 20.00001 -824.6533 -358.6299 20.00001 -934.9711 -361.5267 -7.62939e-6 -950.6893 -351.4242 -7.62939e-6 -952.4481 -354.1507 -7.62939e-6 -962.0661 -347.9674 -7.62939e-6 -964.0253 -351.0347 -7.62939e-6 -974.7899 -344.0968 -7.62939e-6 -984.3078 -358.8733 -7.62939e-6 -948.218 -382.1212 -7.62939e-6 -934.9711 -361.5267 19.99999 -950.6893 -351.4242 19.99999 -952.4481 -354.1507 19.99999 -962.0661 -347.9674 19.99999 -964.0253 -351.0347 19.99999 -974.7899 -344.0968 19.99999 -984.3078 -358.8733 19.99999 -948.218 -382.1212 19.99999 -901.1743 -322.6745 7.62939e-6 -915.1227 -311.4522 7.62939e-6 -920.8779 -318.5848 -7.62939e-6 -928.6702 -312.3285 -7.62939e-6 -934.0692 -319.023 -7.62939e-6 -930.4403 -321.9442 -7.62939e-6 -936.2066 -329.1012 7.62939e-6 -918.0949 -343.683 -7.62939e-6 -901.1743 -322.6745 20.00001 -915.1227 -311.4522 20.00001 -920.8779 -318.5848 20.00001 -928.6702 -312.3285 20.00001 -934.0692 -319.023 20.00001 -930.4403 -321.9442 20.00001 -936.2066 -329.1012 20.00001 -918.0949 -343.683 20.00001 -962.311 -305.4393 0 -945.4349 -316.9781 0 -935.8392 -302.9562 7.62939e-6 -939.702 -300.3028 -7.62939e-6 -925.9207 -280.1706 7.62939e-6 -938.9339 -271.2851 -7.62939e-6 -962.311 -305.4393 20.00001 -945.4349 -316.9781 20.00001 -935.8392 -302.9562 20.00001 -939.702 -300.3028 20.00001 -925.9207 -280.1706 20.00001 -938.9339 -271.2851 20.00001 -878.3651 -261.9615 7.62939e-6 -882.8178 -258.3099 7.62939e-6 -891.4561 -268.8021 7.62939e-6 -870.9845 -285.6479 -7.62939e-6 -854.4313 -265.54 -7.62939e-6 -870.4501 -252.3457 7.62939e-6 -878.3651 -261.9615 20.00001 -882.8178 -258.3099 20.00001 -891.4561 -268.8021 20.00001 -870.9845 -285.6479 20.00001 -854.4313 -265.54 20.00001 -870.4501 -252.3457 20.00001 -843.9784 -221.1856 -7.62939e-6 -850.7578 -215.197 7.62939e-6 -861.3554 -227.1985 7.62939e-6 -839.0581 -246.8927 -7.62939e-6 -819.4213 -224.6667 -7.62939e-6 -834.9392 -210.9611 7.62939e-6 -843.9784 -221.1856 20.00001 -850.7578 -215.197 20.00001 -861.3554 -227.1985 20.00001 -839.0581 -246.8927 20.00001 -819.4213 -224.6667 20.00001 -834.9392 -210.9611 20.00001 -898.9257 -213.712 7.62939e-6 -880.1127 -229.2434 7.62939e-6 -870.439 -217.534 -7.62939e-6 -873.4558 -215.0509 7.62939e-6 -854.832 -192.5084 -1.52588e-5 -870.6282 -179.46 -1.52588e-5 -898.9257 -213.712 20.00001 -880.1127 -229.2434 20.00001 -870.439 -217.534 20.00001 -873.4558 -215.0509 20.00001 -854.832 -192.5084 20.00001 -870.6282 -179.46 20.00001 -919.8426 -246.0406 -7.62939e-6 -910.3804 -256.0459 -7.62939e-6 -895.241 -241.7318 -1.52588e-5 -904.7032 -231.7265 1.52588e-5 -919.8426 -246.0406 20.00002 -910.3804 -256.0459 20.00002 -895.241 -241.7318 20.00002 -904.7032 -231.7265 20.00002 -798.983 -198.2049 -7.62939e-6 -783.0198 -178.8271 -7.62939e-6 -800.7976 -164.1719 -7.62939e-6 -816.7608 -183.5498 -7.62939e-6 -798.983 -198.2049 19.99999 -783.0198 -178.8271 19.99999 -800.7976 -164.1719 19.99999 -816.7608 -183.5498 19.99999 512.3605 -18.81195 7.62939e-6 519.819 -16.45052 7.62939e-6 516.6464 -6.371858 7.62939e-6 509.188 -8.708941 7.62939e-6 512.3605 -18.81195 20.00001 519.819 -16.45052 20.00001 516.6464 -6.371858 20.00001 509.188 -8.708941 20.00001 828.8641 793.71 -1.52588e-5 834.6862 768.1453 -1.52588e-5 872.1007 776.6425 -1.52588e-5 866.2786 802.2316 -1.52588e-5 828.8641 793.71 5.999985 834.6862 768.1453 5.999985 872.1007 776.6425 5.999985 866.2786 802.2316 5.999985 636.9827 544.6654 -7.62939e-6 620.9527 541.2326 -7.62939e-6 623.7914 527.9394 7.62939e-6 639.8325 531.3479 7.62939e-6 636.9827 544.6654 20.00001 620.9527 541.2326 20.00001 623.7914 527.9394 20.00001 639.8325 531.3479 20.00001 681.6775 553.8684 -7.62939e-6 665.6475 550.4356 -7.62939e-6 668.4862 537.1424 -1.52588e-5 684.5162 540.5752 7.62939e-6 681.6775 553.8684 20.00001 665.6475 550.4356 20.00001 668.4862 537.1424 20.00001 684.5162 540.5752 20.00001 723.4 563.0227 7.62939e-6 707.3589 559.5899 7.62939e-6 710.2087 546.2966 -7.62939e-6 726.2387 549.7295 0 723.4 563.0227 20.00001 707.3589 559.5899 20.00001 710.2087 546.2966 20.00001 726.2387 549.7295 20.00001 765.6235 572.3474 7.62939e-6 749.5935 568.9389 -7.62939e-6 752.4433 555.6213 -7.62939e-6 768.4733 559.0542 -7.62939e-6 765.6235 572.3474 20.00001 749.5935 568.9389 20.00001 752.4433 555.6213 20.00001 768.4733 559.0542 20.00001 -155.0332 -129.8467 7.62939e-6 -193.7501 -134.9103 1.52588e-5 -200.2066 -85.41841 -1.52588e-5 -161.4786 -80.35478 7.62939e-6 -155.0332 -129.8467 24.00002 -161.4786 -80.35478 24.00002 -200.2066 -85.41841 24.00002 -193.7501 -134.9103 24.00002</float_array>
          <technique_common>
            <accessor source="#Areas_building-mesh-positions-array" count="4444" stride="3">
              <param name="X" type="float"/>
              <param name="Y" type="float"/>
              <param name="Z" type="float"/>
            </accessor>
          </technique_common>
        </source>
        <source id="Areas_building-mesh-normals">
          <float_array id="Areas_building-mesh-normals-array" count="15063">0 0 1 -0.1200877 0.9927633 0 -0.1129686 0.9935986 0 -0.1281887 0.9917498 0 -0.1180746 0.9930048 0 -0.1204065 0.9927247 0 -0.1197733 0.9928013 0 -0.9927614 -0.1201037 0 0.1198788 -0.9927886 0 0.9927402 0.1202782 0 0.119647 -0.9928166 0 0.1224394 -0.992476 0 -0.9927484 -0.1202116 0 0.1201058 -0.9927611 0 0.9927155 0.1204825 0 0.1210907 -0.9926415 0 0.1192202 -0.9928679 0 -0.9927775 -0.1199703 0 0.120213 -0.9927482 0 0.9927641 0.120081 0 0 0 1 -0.9466509 -0.322261 0 -0.9482961 -0.3173869 0 0.321502 -0.946909 0 0.3212601 -0.946991 0 0.3207331 -0.9471697 0 0.3211284 -0.9470357 0 0.9493471 0.3142296 0 0.9442822 0.3291371 0 -0.3210542 0.9470609 0 -0.9470809 -0.3209951 0 -0.3210893 0.947049 0 -0.3213505 0.9469603 0 -0.3211443 0.9470303 0 -0.3210882 0.9470494 0 0.9470245 0.3211615 0 -0.3208229 0.9471392 0 0 0 1 0.3194365 -0.9476077 0 0.9471176 0.3208868 0 -0.3243831 0.9459258 0 -0.945637 -0.3252243 0 0 0 1 0.3289179 -0.9443586 0 0.9452341 0.3263934 0 0.3279402 -0.9446985 0 0.9442868 0.3291237 0 -0.327597 0.9448176 0 0.9439582 0.3300651 0 -0.3292011 0.94426 0 0.9440822 0.3297101 0 -0.3266693 0.9451388 0 0.8058511 0.5921183 0 0.4639846 0.8858434 0 0.09136533 0.9958176 0 -0.3872947 0.921956 0 -0.7653484 0.6436162 0 -0.9631488 0.2689695 0 -0.9968629 -0.07914793 0 -0.3275335 0.9448397 0 -0.9442694 -0.3291738 0 -0.3290013 0.9443295 0 -0.9444308 -0.3287105 0 0.3285171 -0.944498 0 0.3290925 -0.9442978 0 0.3271092 -0.9449865 0 -0.946886 -0.3215698 0 -0.322009 0.9467366 0 -0.946882 -0.3215814 0 0.3213819 -0.9469497 0 0.946932 0.3214343 0 -0.3223593 0.9466175 0 -0.9469236 -0.3214589 0 -0.3207874 0.9471513 0 0.991111 0.1330382 0 0.1320942 -0.9912372 0 0.9912475 0.1320168 0 -0.1317169 0.9912874 0 0.991205 0.1323352 0 0.9913029 0.1316011 0 0.1315026 -0.9913159 0 0.9912769 0.1317955 0 -0.1314687 0.9913203 0 0.9913028 0.1316016 0 0.1324221 -0.9911934 0 0.9913055 0.1315807 0 -0.1322115 0.9912216 0 0.9915733 0.1295474 0 -0.1196724 0.9928135 0 -0.9907437 -0.1357464 0 -0.1375873 0.9904897 0 -0.1612618 0.9869117 0 -0.989986 -0.1411661 0 0.1540545 -0.9880624 0 -0.9911985 -0.1323843 0 -0.9913303 -0.1313942 0 -0.1328122 0.9911412 0 -0.1324195 0.9911938 0 0.9913526 0.1312258 0 -0.1318359 0.9912716 0 -0.9911606 -0.1326677 0 0.1324592 -0.9911885 0 -0.9911301 -0.1328956 0 0.1328824 -0.9911319 0 0.130404 -0.991461 0 -0.9911901 -0.132447 0 0.1327104 -0.9911549 0 -2.2772e-7 0 1 0.2912852 0.9566363 0 0.1321748 0.9912265 0 0.04356199 0.9990507 0 -0.05755108 0.9983426 0 -0.1969538 0.9804128 0 -0.3450803 0.9385733 0 -0.4759662 0.8794636 0 -0.6321692 -0.7748305 0 -0.8265358 0.5628842 0 -0.8266779 0.5626755 0 -0.8652446 -0.5013501 0 -0.7601833 -0.6497088 0 -0.7614544 -0.6482185 0 -0.6300015 -0.7765941 0 -0.4778437 -0.878445 0 -0.2865644 -0.958061 0 -0.08511489 -0.9963712 0 0.1217745 -0.9925579 0 0.3349816 -0.9422247 0 0.5321618 -0.8466427 0 0.6869269 -0.7267267 0 0.7946934 -0.6070111 0 0.5556499 0.8314164 0 0.8455185 -0.5339463 0 0.84439 -0.5357289 0 -0.5654236 -0.8248007 0 0.9451762 -0.3265609 0 0.9789702 -0.2040034 0 0.9984336 -0.05595034 0 0.9946617 0.1031903 0 0.9690026 0.2470505 0 0.9227203 0.3854703 0 0.856885 0.5155078 0 0.7581853 0.6520393 0 0.6159878 0.7877558 0 0.4830708 0.8755813 0 0.3737342 0.9275359 0 0 0 1 -0.1270675 0.9918941 0 0.9919769 0.1264199 0 0.9919489 0.1266397 0 -0.1266607 0.9919462 0 -0.9919371 -0.1267321 0 -0.1284802 0.9917121 0 -0.1262077 0.9920038 0 0.9919103 0.1269411 0 -0.1269626 0.9919076 0 -0.9919467 -0.1266568 0 -0.1275911 0.9918269 0 -0.9919356 -0.1267436 0 0.1269981 -0.991903 0 0.9919115 0.126931 0 0.1266468 -0.9919479 0 0.1245396 -0.9922147 0 0.1265591 -0.9919591 0 -0.9919044 -0.1269867 0 0.1268345 -0.991924 0 0.9918918 0.1270855 0 0.1272543 -0.9918702 0 -0.9919125 -0.1269239 0 0.1267728 -0.9919319 0 0.9919256 0.1268219 0 -5.66156e-7 0 1 -0.9907219 -0.1359055 0 0.6792965 -0.733864 0 0.8232575 -0.5676681 0 0.937654 -0.3475702 0 0.9940421 -0.1089972 0 0.9875727 0.1571632 0 0.9100039 0.4146 0 0.7761371 0.6305642 0 0.6110181 0.7916166 0 0.4532763 0.8913701 0 -0.06299352 0.998014 0 0.9895678 0.1440686 0 -0.07699733 0.9970313 0 0.9932474 0.116016 0 -0.1580084 0.9874378 0 -0.1640143 0.986458 0 -0.1485052 0.9889116 0 -0.9882336 -0.1529526 0 0.1419927 -0.9898678 0 0.1410635 -0.9900006 0 0.1628473 -0.9866513 0 0.1341241 -0.9909646 0 0 0 1 -0.9985174 -0.05443459 0 0.0542944 -0.998525 0 0.9985151 0.05447721 0 0.05464065 -0.9985061 0 0.9985168 0.05444532 0 0.05522501 -0.998474 0 0.9985243 0.05430662 0 -0.05441713 0.9985184 0 0.9985287 0.05422616 0 -0.054672 0.9985044 0 -0.9985154 -0.05447161 0 -0.05413472 0.9985337 0 -0.9349051 -0.3548977 0 -0.3540164 0.9352392 0 -0.934926 -0.354843 0 0.3547463 -0.9349627 0 -0.9352056 -0.3541052 0 -0.9346919 -0.355459 0 0.3546136 -0.935013 0 0.9353507 0.3537217 0 0.9348961 0.3549218 0 0.3559013 -0.9345235 0 0.3547909 -0.9349457 0 0.9348993 0.3549132 0 -0.3547976 0.9349432 0 -0.9352791 -0.3539108 0 -0.3548945 0.9349065 0 0 0 1 -0.998978 -0.04519855 0 0.04569017 -0.9989557 0 0.9989858 0.04502803 0 -0.04576659 0.9989523 0 0.998975 0.04526424 0 -0.04481798 0.9989953 0 -0.9989583 0.0456345 0 -0.9989617 0.04555821 0 0.4280185 -0.90377 0 0.9992715 -0.03816354 0 0.3934369 -0.9193517 0 -0.9009011 -0.4340246 0 0.3656658 -0.9307463 0 0.3692051 -0.9293479 0 0.931204 0.3644986 0 0.3933898 -0.9193718 0 -0.9158844 -0.4014421 0 0.418446 -0.9082418 0 -0.9146882 -0.4041603 0 0.4149836 -0.909829 0 0.415299 -0.909685 0 0.8344739 -0.5510475 0 0.5470706 0.8370865 0 -0.8356358 0.549284 0 -0.4135574 0.9104781 0 0.9251424 0.3796206 0 0.4114239 -0.9114442 0 0.9159033 0.401399 0 0.4010493 -0.9160566 0 0.91601 0.4011554 0 0.4019646 -0.9156552 0 -0.9158998 -0.4014071 0 0.4005694 -0.9162665 0 -0.9158895 -0.4014306 0 0.4011544 -0.9160106 0 0.9159594 0.4012711 0 0.4012784 -0.9159562 0 0.9158698 0.4014756 0 0.9158855 0.4014396 0 -0.4026845 0.9153389 0 -0.4026448 0.9153564 0 -0.9325015 -0.3611662 0 -0.4082136 0.9128865 0 -0.9345371 -0.3558657 0 0.393146 -0.9194761 0 -0.9324357 -0.3613361 0 0.3611538 -0.9325063 0 0.9325398 0.3610674 0 0.3613954 -0.9324127 0 0.9325817 0.3609591 0 -0.3607328 0.9326692 0 0.9324821 0.3612163 0 -0.36119 0.9324923 0 0 0 1 0.1593397 -0.9872238 0 -0.9850769 -0.1721148 0 -0.9883799 -0.1520045 0 -0.9932475 -0.1160158 0 0.07699733 -0.9970313 0 -0.9895678 -0.1440686 0 0.06299352 -0.998014 0 0.9976717 0.06820023 0 0.99763 0.06880867 0 0.07770287 -0.9969766 0 0.9895879 0.1439297 0 0.9501789 0.3117051 0 0.9450541 0.3269143 0 -0.2988601 0.954297 0 -0.2982906 0.9544751 0 -0.9968989 -0.0786935 0 -0.9880455 -0.154163 0 0 0 1 -0.9384621 -0.3453823 0 0.3457825 -0.9383147 0 -0.9385455 -0.3451556 0 0.345314 -0.9384872 0 0.3473699 -0.9377282 0 0.939099 0.3436467 0 0.3450953 -0.9385677 0 0.9385612 0.3451133 0 -0.3451453 0.9385493 0 -0.9387563 -0.3445819 0 -0.3441324 0.9389212 0 0.9385541 0.3451325 0 -0.3446735 0.9387227 0 0.9387309 0.3446512 0 -0.3452356 0.9385161 0 -0.9385117 -0.3452476 0 -0.3459029 0.9382704 0 -0.9387472 -0.3446067 0 0.3444621 -0.9388003 0 0.9389809 0.3439694 0 -0.344195 0.9388982 0 0 0 1 -0.3209999 0.9470793 0 -0.9468206 -0.3217624 0 0.321271 -0.9469874 0 0.9468875 0.3215652 0 -0.3331312 0.9428806 0 -0.943104 -0.3324982 0 0.3331251 -0.9428827 0 0.9431028 0.3325014 0 -0.3067369 0.9517943 0 -0.9520072 -0.3060759 0 0.3067448 -0.9517918 0 0.9520058 0.3060801 0 0 0 1 0.3272661 -0.9449322 0 0.9451856 0.326534 0 0.3266827 -0.9451341 0 0.9451543 0.3266245 0 -0.3266232 0.9451547 0 -0.9451656 -0.3265914 0 3.14012e-7 0 1 0.3051196 -0.9523141 0 0.9527697 0.303694 0 0.3039005 -0.9527038 0 0.9527752 0.3036769 0 -0.3035989 0.9528 0 -0.9527223 -0.3038429 0 -0.3034161 0.9528582 0 -0.9531251 -0.3025766 0 -0.3011819 0.9535667 0 -0.9536687 -0.3008592 0 3.75472e-7 0 1 0.3039553 -0.9526864 0 0.9527543 0.303742 0 -0.3035967 0.9528006 0 -0.8884887 0.4588984 0 0.4583841 0.8887542 0 -0.8885488 0.4587824 0 -0.4601107 -0.8878617 0 -0.9529389 -0.3031628 0 -0.3047099 0.9524453 0 -0.9526875 -0.3039516 0 0.3043522 -0.9525596 0 0.9526885 0.3039486 0 0.888381 -0.4591072 0 0.3014136 -0.9534935 0 -0.9527847 -0.3036469 0 0 0 1 -0.9366635 0.350231 0 -0.3504112 -0.936596 0 0.9367228 -0.3500719 0 0.3505623 0.9365394 0 0.3067187 -0.9518003 0 0.9519495 0.3062552 0 -0.3067214 0.9517994 0 -0.9519491 -0.3062563 0 0 0 1 0.3076474 -0.9515005 0 0.9514516 0.3077984 0 -0.3068291 0.9517647 0 -0.9514337 -0.3078539 0 -0.5459313 0.83783 0 -0.8377752 -0.5460155 0 0.5459301 -0.8378309 0 0.8377798 0.5460084 0 0.3163353 -0.9486475 0 0.9487206 0.3161159 0 -0.3162269 0.9486836 0 -0.9486567 -0.3163073 0 0.3600582 -0.9329299 0 0.9333713 0.3589122 0 -0.3582155 0.9336391 0 -0.9336935 -0.3580733 0 -0.3123775 0.9499581 0 -0.9499819 -0.312305 0 0.3120167 -0.9500766 0 0.9500838 0.3119949 0 0 0 1 0.3216164 -0.9468702 0 0.9467912 0.3218486 0 -0.321021 0.9470722 0 -0.9469034 -0.3215184 0 -2.78127e-7 0 1 -0.8145687 0.5800671 0 -0.5795227 -0.8149562 0 0.814956 -0.5795231 0 -0.5801768 -0.8144906 0 0.815132 -0.5792754 0 0.580109 0.814539 0 0.5799207 0.814673 0 0.9495371 0.3136551 0 -0.3138322 0.9494785 0 -0.3131207 0.9497134 0 -0.9496595 -0.3132842 0 0.3146997 -0.9491913 0 0.3132289 -0.9496778 0 0.3134096 -0.9496181 0 -0.9574743 -0.2885189 0 0.291307 -0.9566296 0 -0.9576217 -0.2880289 0 0.2882092 -0.9575675 0 0.9112781 -0.4117916 0 0.9574795 0.2885014 0 -0.2884268 0.957502 0 -0.3458098 0.9383047 0 -0.8871791 0.4614252 0 -0.9383677 -0.3456387 0 0.3457958 -0.9383098 0 -0.9385172 -0.3452325 0 0.3456089 -0.9383788 0 0.9384222 0.3454908 0 -0.9970782 -0.07638788 0 0.07641094 -0.9970765 0 0.9970938 0.07618379 0 -0.07746362 0.9969953 0 0.9970277 0.07704538 0 -0.07694345 0.9970355 0 -0.9981532 -0.06074702 0 -0.07641953 0.9970758 0 0.9988908 0.04708838 0 -0.06190335 0.9980822 0 -0.9986761 -0.05144053 0 -0.06385099 0.9979594 0 0.9981396 0.06097072 0 -0.06786751 0.9976944 0 -0.9979149 -0.06454491 0 -0.08947199 0.9959893 0 0.9968063 0.07985794 0 -0.0769205 0.9970372 0 -0.9971604 -0.07530814 0 -0.07456499 0.9972162 0 -0.997124 -0.07578724 0 0.07925748 -0.9968542 0 0.9968757 0.07898688 0 -0.07900619 0.9968742 0 0.9968634 0.07914173 0 -0.07933169 0.9968483 0 -0.9969472 -0.07808023 0 -0.08016598 0.9967815 0 0.9967688 0.08032494 0 -0.07968306 0.9968203 0 -0.9968081 -0.07983613 0 -0.07952398 0.996833 0 0.9972156 0.07457196 0 -0.07744944 0.9969963 0 -0.9972156 -0.07457268 0 -0.07833099 0.9969275 0 0.06279689 -0.9980264 0 0.9980207 0.06288743 0 -0.06279826 0.9980263 0 -0.9980209 -0.06288403 0 -0.8089666 0.5878548 0 -0.5867913 -0.8097382 0 -0.8092726 0.5874335 0 -0.5881744 -0.8087341 0 0.8085259 -0.5884606 0 0.5880783 0.808804 0 0 0 1 -0.8058373 0.5921372 0 -0.5922662 -0.8057424 0 0.8055607 -0.5925133 0 0.5922501 0.8057543 0 -0.8061195 0.5917528 0 0.5925242 0.8055526 0 0 0 1 -0.7939873 0.6079345 0 -0.6080113 -0.7939285 0 0.7941085 -0.6077761 0 0.6076004 0.794243 0 -0.7940956 0.607793 0 0.6078072 0.7940847 0 -1.65807e-7 0 1 -0.9993338 0.03649699 0 -0.9452477 0.3263539 0 -0.8249167 0.5652544 0 -0.570667 -0.8211817 0 0.8185659 -0.5744127 0 0.9603021 -0.278962 0 0.9988841 -0.04722893 0 -0.008738875 0.9999619 0 4.36105e-7 0 1 -0.9989241 0.04637634 0 -0.04578298 -0.9989514 0 0.9989326 -0.04619377 0 -0.04754191 -0.9988693 0 -0.9989323 0.04619848 0 0.04423028 0.9990214 0 -0.9989358 0.04612314 0 -0.04589134 -0.9989464 0 0.9989399 -0.04603344 0 0.04620474 0.9989321 0 1.83285e-7 0 1 0.04167646 -0.9991312 0 0.9991716 0.04069536 0 -0.04048788 0.9991801 0 -0.9991729 -0.04066491 0 0 0 1 -0.05899482 -0.9982583 0 0.9982608 -0.05895239 0 0.05899685 0.9982582 0 -0.9982606 0.05895519 0 -0.999516 -0.0311104 0 0.0333811 -0.9994427 0 0.9994753 0.03239208 0 -0.031183 0.9995138 0 0 0 1 -0.9867299 -0.1623703 0 0.1611816 -0.9869248 0 0.9867842 0.1620408 0 -0.1632152 0.9865905 0 -1.6009e-7 0 1 0.1315748 -0.9913063 0 0.9911724 0.1325795 0 -0.1315801 0.9913056 0 -0.9911724 -0.1325802 0 0 0 1 0.1807776 -0.9835241 0 0.9834313 0.1812809 0 -0.1807743 0.9835247 0 -0.9834316 -0.1812794 0 -0.02990686 -0.9995527 0 0.9995794 -0.0290026 0 0.02871102 0.9995878 0 -0.9995704 0.0293101 0 0.02969133 0.9995592 0 -0.9995566 0.02978122 0 -0.02968209 -0.9995594 0 -0.9995865 0.02875483 0 0.1351036 -0.9908316 0 0.990791 0.1354008 0 -0.1351796 0.9908212 0 -0.9911231 -0.1329482 0 -0.1357061 0.9907492 0 -0.9907873 -0.1354275 0 0.1357315 -0.9907457 0 -0.9908074 -0.1352807 0 -0.9971906 -0.07490748 0 0.06660854 -0.9977793 0 0.2132201 -0.9770043 0 0.993954 0.1097979 0 0.1140557 0.9934744 0 0.9939543 0.1097956 0 -0.09845286 0.9951418 0 -0.9951705 -0.09816199 0 -0.9952188 -0.09767162 0 -0.08122152 0.9966961 0 0.1480354 -0.9889822 0 0.7556085 -0.6550235 0 0.9314418 -0.3638904 0 0.9998475 -0.01746696 0 0.9544953 0.2982262 0 0.8097538 0.5867698 0 0.5350348 0.84483 0 0.1741487 0.9847195 0 -0.1948051 0.9808419 0 -0.4858529 0.8740406 0 -0.7099113 0.7042912 0 -0.9177328 0.3971982 0 -0.9987863 -0.049254 0 -0.988266 -0.1527426 0 0.02618646 0.9996572 0 -0.9996575 0.02617579 0 -0.02677929 -0.9996415 0 0.9993805 -0.03519511 0 -0.01521795 -0.002079069 0.9998821 -0.990768 -0.1355687 0 0.1375871 -0.9904897 0 0.9907437 0.1357461 0 0.9907954 0.1353678 0 0.9907219 0.1359054 0 -0.1341241 0.9909646 0 -0.02419698 -0.9997072 0 0.9996894 -0.02492338 0 0.024208 0.9997071 0 -0.9996894 0.02492314 0 -2.3767e-6 0 1 0.3330606 -0.9429054 0 0.9432526 0.3320763 0 0.3331701 -0.9428668 0 0.9427493 0.3335024 0 -0.3334894 0.9427539 0 -0.943141 -0.3323932 0 -0.3331329 0.9428799 0 -0.9428448 -0.3332322 0 -1.8865e-7 0 1 -0.9964189 -0.08455377 0 0.08410227 -0.9964571 0 0.9964898 0.08371478 0 -0.08524239 0.9963603 0 0 0 1 -0.09098762 0.9958521 0 -0.9957942 -0.09161883 0 0.0910086 -0.9958502 0 0.9958783 0.09069973 0 -0.9964294 -0.08443075 0 0.08455443 -0.9964189 0 0.9964289 0.08443695 0 -0.08454972 0.9964193 0 -2.21748e-7 0 1 -0.9978235 -0.0659424 0 0.06536638 -0.9978613 0 0.9978587 0.06540882 0 -0.06529802 0.9978659 0 0 0 1 -0.9958975 -0.09048879 0 0.09062087 -0.9958855 0 0.9959133 0.09031414 0 0.09048813 -0.9958976 0 0.9959325 0.09010314 0 -0.09052932 0.9958938 0 -0.9917711 -0.128024 0 0.1273256 -0.9918611 0 -0.9917479 -0.1282041 0 0.1293002 -0.9916055 0 0.9918142 0.1276895 0 -0.128025 0.9917711 0 -0.9967283 -0.08082479 0 -0.08158242 0.9966666 0 -0.9967417 -0.08065956 0 0.08083301 -0.9967277 0 0.9967366 0.08072251 0 -0.08065915 0.9967418 0 0 0 1 -0.9927912 -0.1198574 0 -0.1188025 0.992918 0 -0.9928231 -0.1195932 0 0.1203614 -0.9927302 0 0.9927492 0.1202047 0 -0.1201907 0.9927509 0 -1.64106e-7 0 1 -0.9968562 -0.07923203 0 0.07846087 -0.9969173 0 -0.9968624 -0.07915455 0 0.07894581 -0.9968789 0 0.9968592 0.07919526 0 -0.07877707 0.9968923 0 1.70657e-7 0 1 -0.9971573 -0.07534784 0 0.07547211 -0.9971479 0 -0.9970206 -0.07713603 0 0.07459574 -0.9972139 0 0.997127 0.0757482 0 -0.07598125 0.9971094 0 -0.6116598 -0.7911209 0 0.790972 -0.6118524 0 0.6110113 0.791622 0 0.7909475 -0.6118841 0 0.6119311 0.7909111 0 -0.7910521 0.6117489 0 0.6122621 0.7906549 0 -0.7909318 0.6119044 0 -0.6120282 -0.7908361 0 -0.7908254 0.612042 0 -0.6142417 -0.7891179 0 0.7889039 -0.6145167 0 0.6145631 0.7888678 0 -0.7890081 0.6143829 0 -2.12173e-7 0 1 -0.3250706 0.9456897 0 -0.945535 -0.3255207 0 0.3235853 -0.946199 0 -0.9455586 -0.325452 0 0.3253174 -0.9456049 0 -0.9459183 -0.3244051 0 0.3257992 -0.9454391 0 0.9459231 0.3243909 0 0.3256375 -0.9454947 0 0.9457594 0.3248678 0 0.3261138 -0.9453305 0 0.945631 0.3252413 0 -0.3252449 0.9456298 0 0.9455975 0.3253389 0 0.3420066 -0.9396977 0 0.9400751 0.3409677 0 -0.3411051 0.9400253 0 -0.9398064 -0.3417077 0 -0.9503031 -0.3113264 0 0.3112736 -0.9503204 0 0.9502688 0.3114311 0 -0.3110826 0.9503829 0 -0.9501273 -0.3118624 0 -0.3115786 0.9502205 0 0 0 1 -0.9529466 -0.3031386 0 0.3032797 -0.9529017 0 0.9529656 0.3030788 0 -0.3032668 0.9529057 0 -0.9495891 -0.3134975 0 0.3133195 -0.9496478 0 0.9496955 0.3131752 0 -0.3133065 0.9496521 0 -0.9517158 -0.3069806 0 0.3069931 -0.9517118 0 0.9517152 0.3069825 0 -0.3069954 0.9517111 0 0 0 1 0.334287 -0.9424713 0 0.942555 0.3340514 0 0.3353178 -0.9421051 0 0.9424249 0.334418 0 -0.3340166 0.9425673 0 -0.9425799 -0.333981 0 0.333736 -0.9426666 0 -0.9424287 -0.3344075 0 -0.9521667 -0.305579 0 0.3057859 -0.9521004 0 0.9521419 0.3056566 0 0.3066896 -0.9518097 0 0.9521285 0.3056982 0 -0.3061202 0.9519929 0 0.9522408 0.3053482 0 -0.3054056 0.9522224 0 -0.9522265 -0.3053929 0 0.3057028 -0.952127 0 -0.9521666 -0.3055799 0 -0.3056059 0.9521581 0 0 0 1 -0.9509557 -0.3093274 0 0.3093139 -0.95096 0 0.9509471 0.309354 0 -0.3093194 0.9509583 0 -0.9519437 -0.3062732 0 0.3064228 -0.9518955 0 0.9518342 0.3066133 0 -0.3064927 0.9518731 0 -0.9742724 -0.2253738 0 0.2255899 -0.9742224 0 0.9742761 0.2253577 0 -0.2255812 0.9742245 0 -1.97782e-7 0 1 -0.3249936 0.9457163 0 -0.945505 -0.3256075 0 -0.3255525 0.945524 0 -0.9456017 -0.3253268 0 0.3252487 -0.9456286 0 -0.9454351 -0.3258109 0 -0.3252433 0.9456305 0 -0.9455459 -0.3254887 0 0.3251417 -0.9456654 0 0.9454964 0.3256326 0 -0.9375641 -0.3478127 0 0.3481624 -0.9374343 0 -0.9372487 -0.3486615 0 0.348579 -0.9372795 0 0.9372511 0.3486554 0 0.3465412 -0.9380348 0 0.9377059 0.3474302 0 -0.3483328 0.937371 0 0.9379315 0.3468206 0 0.3446975 -0.9387139 0 0.9378378 0.3470739 0 -0.3456628 0.9383588 0 0.9376142 0.3476774 0 -0.3480679 0.9374694 0 -0.937422 -0.3481956 0 -0.3482677 0.9373952 0 -0.9539045 -0.3001106 0 0.3000781 -0.9539147 0 0.9539155 0.3000757 0 -0.3000603 0.9539203 0 -1.46476e-7 0 1 -0.9328992 -0.3601375 0 0.3591945 -0.9332628 0 0.9330046 0.3598644 0 -0.3602005 0.9328749 0 0 0 1 -0.9445461 -0.328379 0 0.3280653 -0.9446551 0 0.9445431 0.3283876 0 -0.3280662 0.9446548 0 0 0 1 -0.9486308 -0.3163855 0 0.3155128 -0.9489214 0 0.9486296 0.3163887 0 -0.3155112 0.9489219 0 -0.9518414 -0.306591 0 0.3074124 -0.9515764 0 0.9520601 0.3059112 0 -0.3071528 0.9516602 0 0 0 1 -0.9461585 -0.3237039 0 0.3233325 -0.9462855 0 0.946165 0.3236848 0 -0.3233349 0.9462847 0 -0.9425677 -0.3340154 0 0.3347948 -0.9422912 0 0.9418573 0.3360133 0 -0.3350597 0.9421969 0 0 0 1 -0.9442147 -0.3293308 0 0.3292791 -0.9442327 0 0.9440857 0.3297005 0 -0.329335 0.9442132 0 0 0 1 -0.9543033 -0.2988398 0 0.2986936 -0.9543492 0 0.9543078 0.2988256 0 -0.2986969 0.954348 0 1.42607e-7 0 1 -0.9431012 -0.332506 0 0.3322335 -0.9431972 0 0.9431074 0.3324882 0 -0.3322321 0.9431977 0 -0.941359 -0.3374069 0 0.3384299 -0.9409916 0 0.9412422 0.3377325 0 -0.3377051 0.941252 0 -1.6273e-7 0 1 -0.9558088 -0.2939891 0 0.2923625 -0.9563076 0 0.9560877 0.2930809 0 -0.2936241 0.955921 0 0 0 1 0.3369217 -0.9415327 0 0.3367387 -0.9415982 0 0.9415014 0.3370093 0 -0.3354935 0.9420426 0 -0.9417236 -0.3363879 0 -0.9517958 -0.3067323 0 0.3073463 -0.9515978 0 0.9517948 0.3067353 0 -0.3073422 0.9515991 0 -0.3203673 0.9472934 0 -0.9471143 -0.3208965 0 0.320368 -0.9472932 0 0.9471137 0.3208982 0 0 0 1 -0.9386687 -0.3448204 0 0.3453579 -0.9384711 0 0.9387056 0.3447198 0 -0.3433054 0.9392239 0 -1.35081e-7 0 1 0.3206365 -0.9472024 0 0.9474248 0.3199785 0 -0.3203935 0.9472846 0 -0.9469965 -0.321244 0 0 0 1 -0.9449589 -0.3271893 0 0.3261169 -0.9453295 0 0.9449585 0.3271902 0 -0.3261219 0.9453278 0 -0.9516195 -0.3072789 0 0.3076747 -0.9514917 0 0.9515401 0.3075249 0 -0.3073453 0.9515981 0 1.7566e-7 0 1 -0.9418265 -0.3360995 0 0.335694 -0.9419712 0 0.9415955 0.3367463 0 -0.3358976 0.9418986 0 -0.9525085 -0.3045123 0 0.3046128 -0.9524764 0 0.9525578 0.304358 0 0.3055293 -0.9521827 0 0.9525429 0.3044047 0 -0.3036655 0.9527787 0 -2.20548e-7 0 1 -0.9415077 -0.3369916 0 0.3363981 -0.9417199 0 0.9414753 0.3370819 0 -0.3355755 0.9420134 0 0.9407987 0.3389659 0 -0.3354943 0.9420423 0 -1.81893e-7 0 1 -0.9414844 -0.3370567 0 0.3367629 -0.9415896 0 -0.9420503 -0.3354718 0 0.3358977 -0.9418985 0 0.9416574 0.3365731 0 -0.3369213 0.9415329 0 -0.3370827 0.941475 0 -0.9473366 -0.3202396 0 0.3206888 -0.9471846 0 0.94713 0.3208503 0 -0.3202389 0.9473369 0 0.9459132 0.32442 0 -0.3199555 0.9474326 0 -0.9376305 -0.3476336 0 0.3476215 -0.937635 0 0.9375029 0.3479776 0 0.3514007 -0.9362252 0 0.937673 0.347519 0 -0.3476486 0.937625 0 -0.9374776 -0.3480457 0 -0.348756 0.9372135 0 -0.9436077 -0.3310658 0 0.3315923 -0.9434228 0 0.9437265 0.3307269 0 0.3307521 -0.9437178 0 0.9434841 0.3314179 0 -0.3301678 0.9439223 0 -0.9440644 -0.3297614 0 -0.3307603 0.9437148 0 0 0 1 0.3287215 -0.944427 0 0.9448577 0.3274813 0 -0.3271673 0.9449665 0 0.9448263 0.3275718 0 -0.3303686 0.943852 0 -0.9447869 -0.3276855 0 0.3285245 -0.9444955 0 -0.9447989 -0.3276511 0 -2.18554e-7 0 1 -0.9735824 -0.2283362 0 0.2286741 -0.9735031 0 -0.9738613 -0.2271432 0 0.2273567 -0.9738116 0 0.9733526 0.2293136 0 0.2286576 -0.9735069 0 0.973688 0.2278859 0 -0.2281765 0.9736198 0 -0.9532596 -0.3021526 0 0.3022853 -0.9532175 0 0.9531827 0.3023952 0 0.3020678 -0.9532865 0 0.9534015 0.301705 0 -0.3021125 0.9532724 0 -0.9477694 -0.3189563 0 0.319275 -0.9476621 0 0.9475877 0.319496 0 -0.3204897 0.9472521 0 0.9476112 0.3194262 0 -0.3172082 0.9483559 0 -0.9481776 -0.317741 0 -0.3186873 0.94786 0 -0.3336774 0.9426873 0 -0.9428989 -0.3330792 0 -0.3342092 0.9424989 0 -0.9430691 -0.3325968 0 0.3331718 -0.9428662 0 0.9429798 0.3328503 0 -0.3313701 0.9435009 0 0.9430999 0.3325095 0 -0.2615582 0.9651878 0 -0.9644796 -0.2641576 0 -0.2619924 0.96507 0 -0.9651671 -0.2616345 0 0.2620288 -0.9650601 0 -0.9653628 -0.2609117 0 0.2615644 -0.9651861 0 0.9650694 0.2619947 0 0 0 1 -0.9487775 -0.3159453 0 0.3158686 -0.948803 0 -0.9487792 -0.3159401 0 0.3152416 -0.9490116 0 0.9487264 0.3160987 0 -0.3159328 0.9487817 0 -0.9486187 -0.3164216 0 -0.3147535 0.9491735 0 -0.9441727 -0.329451 0 0.3299455 -0.944 0 -0.9436166 -0.3310405 0 0.3282883 -0.9445776 0 0.9443199 0.3290289 0 0.3300545 -0.943962 0 0.9441336 0.329563 0 -0.3300685 0.9439571 0 0 0 1 -0.5944249 -0.8041511 0 0.8041195 -0.5944678 0 -0.5952116 -0.803569 0 0.8042725 -0.5942608 0 0.5942533 0.804278 0 -0.8042501 0.5942912 0 0.5942826 0.8042564 0 -0.8040441 0.5945698 0 -0.5933964 -0.8049104 0 -0.8041796 0.5943863 0 -0.8675984 0.4972656 0 -0.4968953 -0.8678106 0 -0.8683721 0.4959133 0 -0.4958261 -0.8684219 0 -0.8672362 0.497897 0 -0.4978576 -0.8672589 0 0.8677431 -0.4970131 0 0.4974496 0.8674929 0 -0.8671758 0.4980024 0 0.4968962 0.8678101 0 -0.8378328 0.5459269 0 -0.5458167 -0.8379047 0 -0.8384618 0.5449606 0 -0.5471795 -0.8370154 0 -0.8373159 0.5467196 0 -0.5459035 -0.8378481 0 0.8376957 -0.5461375 0 0.5467621 0.8372881 0 0.8376066 -0.546274 0 0.546006 0.8377813 0 -0.8657259 0.5005185 0 0.4997382 0.8661766 0 -0.865683 0.5005927 0 -0.5008177 -0.8655529 0 0.866814 -0.4986317 0 -0.5004044 -0.8657919 0 0.8656978 -0.5005672 0 0.4985554 0.8668578 0 0.8658316 -0.5003356 0 0.5007572 0.8655879 0 -0.8652501 0.5013406 0 0.5012215 0.8653191 0 -0.8333008 0.5528199 0 -0.552863 -0.8332723 0 0.8332986 -0.5528233 0 0.5528656 0.8332704 0 1.51993e-7 0 1 -0.8335933 0.5523788 0 -0.5526176 -0.8334349 0 0.8338915 -0.5519285 0 0.5515738 0.8341261 0 -0.8553386 0.5180696 0 -0.5179726 -0.8553974 0 0.8550447 -0.5185543 0 0.5187949 0.8548988 0 -0.8355298 0.5494453 0 -0.549691 -0.8353682 0 0.8350603 -0.5501585 0 0.5500193 0.835152 0 0 0 1 -0.8548688 0.5188444 0 -0.5182449 -0.8552323 0 0.8548705 -0.5188415 0 0.5182499 0.8552293 0 -0.8406099 0.5416411 0 -0.5413407 -0.8408034 0 0.8406065 -0.5416464 0 0.5413403 0.8408037 0 -0.834999 0.5502516 0 -0.5506452 -0.8347395 0 0.8351383 -0.5500401 0 0.549682 0.835374 0 -0.8354333 0.5495918 0 0.5522868 0.8336543 0 -0.8362829 0.5482981 0 -0.549431 -0.8355391 0 -0.8356869 0.5492062 0 -0.5485171 -0.8361393 0 0.8377996 -0.545978 0 -0.5487866 -0.8359625 0 0.8364913 -0.5479803 0 0.5484011 0.8362154 0 -0.8573333 0.5147619 0 -0.5142728 -0.8576267 0 -0.8575185 0.5144532 0 -0.5148349 -0.8572894 0 0.8573753 -0.514692 0 0.5146347 0.8574096 0 0.857705 -0.5141423 0 0.5146065 0.8574265 0 -0.8635861 0.5042014 0 -0.5053814 -0.8628961 0 -0.8638744 0.5037074 0 -0.5037079 -0.863874 0 0.8637053 -0.5039974 0 0.5056658 0.8627294 0 0.8635311 -0.5042956 0 0.5034757 0.8640094 0 -0.8395535 0.5432772 0 -0.5429868 -0.8397414 0 -0.839738 0.542992 0 -0.542106 -0.8403102 0 0.8393437 -0.543601 0 -0.5422935 -0.8401892 0 0.8396386 -0.5431455 0 0.5425681 0.840012 0 0 0 1 -0.849523 0.5275516 0 -0.5271317 -0.8497837 0 -0.8498935 0.5269547 0 -0.5277807 -0.8493807 0 -0.8493121 0.527891 0 -0.5278242 -0.8493537 0 0.8493848 -0.5277741 0 0.527592 0.849498 0 -0.8137439 0.5812236 0 -0.5805695 -0.8142108 0 -0.8143553 0.5803669 0 -0.5810894 -0.8138398 0 -0.8134631 0.5816166 0 -0.5812913 -0.8136956 0 0.8138928 -0.5810152 0 0.5809206 0.8139602 0 0.813889 -0.5810205 0 0.5819405 0.8132314 0 0 0 1 -0.8065614 0.5911505 0 -0.5905668 -0.8069888 0 0.8065609 -0.5911511 0 0.590567 0.8069887 0 -0.8261951 0.5633841 0 -0.5636425 -0.8260189 0 0.8263341 -0.5631803 0 0.5626077 0.8267241 0 -0.8193598 0.5732796 0 -0.5735707 -0.8191562 0 0.8193581 -0.5732822 0 0.5735722 0.8191551 0 -0.5968704 -0.8023377 0 0.8024736 -0.5966877 0 0.5962288 0.8028146 0 -0.8023081 0.5969102 0 0 0 1 -0.5921136 -0.8058545 0 0.8053677 -0.5927758 0 0.5926171 0.8054844 0 -0.805635 0.5924122 0 -0.592153 -0.8058257 0 -0.8054531 0.5926598 0 -2.11317e-7 0 1 -0.5834247 -0.8121673 0 0.8120319 -0.5836132 0 0.5831983 0.81233 0 -0.8120561 0.5835794 0 -0.5832523 -0.8122912 0 -0.812311 0.5832246 0 0 0 1 -0.5901957 -0.8072603 0 0.80715 -0.5903465 0 0.5900977 0.8073319 0 -0.806981 0.5905775 0 -0.5899469 -0.8074421 0 -0.8073081 0.5901302 0 -0.79377 0.6082181 0 -0.6075054 -0.7943156 0 -0.7942183 0.6076326 0 -0.6075094 -0.7943125 0 0.7939091 -0.6080365 0 0.6080203 0.7939215 0 0 0 1 -0.7999637 0.6000484 0 -0.6002188 -0.7998359 0 0.7999815 -0.6000248 0 -0.5998414 -0.800119 0 0.7999497 -0.6000672 0 0.5999976 0.8000018 0 -0.5763592 -0.8171966 0 0.816587 -0.5772224 0 0.5773683 0.8164839 0 -0.8170801 0.5765244 0 0.5773997 0.8164616 0 -0.8164876 0.577363 0 -0.5773788 -0.8164765 0 -0.8166248 0.577169 0 -1.91986e-7 0 1 -0.8110443 0.5849848 0 -0.5849195 -0.8110914 0 -0.8111646 0.5848181 0 -0.5847021 -0.8112481 0 0.8109904 -0.5850595 0 0.5834891 0.812121 0 0.8111723 -0.5848073 0 0.5850293 0.8110123 0 0 0 1 -0.9815382 -0.1912668 0 0.1898602 -0.9818111 0 0.9815365 0.1912751 0 -0.1898714 0.981809 0 0 0 1 -0.9929584 -0.1184639 0 0.118164 -0.9929942 0 0.9928543 0.1193331 0 -0.1181914 0.9929909 0 -0.9865199 -0.1636416 0 0.1654657 -0.9862155 0 -0.9866022 -0.1631448 0 0.1641688 -0.9864323 0 0.9865295 0.1635841 0 -0.1637304 0.9865052 0 0 0 1 -0.9889475 -0.1482664 0 0.1489024 -0.9888519 0 0.9889068 0.1485378 0 -0.1475042 0.9890615 0 2.65847e-7 0 1 -0.1152468 0.993337 0 -0.9932946 -0.1156116 0 0.1175335 -0.9930689 0 0.9932834 0.1157074 0 0.1154 -0.9933192 0 0.9932907 0.1156448 0 0 0 1 0.1954224 -0.9807193 0 0.9806764 0.1956367 0 0.1928433 -0.9812296 0 0.9806108 0.1959657 0 -0.1965901 0.9804857 0 -0.9805637 -0.196201 0 1.94038e-7 0 1 -0.9603722 -0.2787209 0 0.2786078 -0.9604051 0 0.9602202 0.279244 0 -0.2763594 0.9610544 0 0.9601823 0.2793743 0 -0.2776633 0.9606785 0 -0.960343 -0.2788215 0 -0.2792298 0.9602243 0 0.9603437 0.278819 0 -0.2791964 0.9602341 0 -0.9604325 -0.2785131 0 -0.2803813 0.9598888 0 -0.9450253 -0.3269973 0 0.3275933 -0.9448189 0 -0.9448969 -0.3273681 0 0.3269121 -0.9450548 0 0.944898 0.3273652 0 0.3261753 -0.9453094 0 -0.9449051 -0.3273448 0 0.3271427 -0.9449751 0 0.9453446 0.3260731 0 0.3247162 -0.9458116 0 0.9451495 0.3266384 0 -0.3273937 0.944888 0 -0.9506418 -0.3102906 0 0.3099072 -0.9507669 0 0.9505509 0.3105691 0 -0.3099579 0.9507504 0 -1.68697e-7 0 1 -0.9630325 -0.2693852 0 0.2688844 -0.9631726 0 0.9629383 0.2697219 0 -0.2700512 0.9628461 0 -0.9423646 -0.3345876 0 0.3346197 -0.9423533 0 0.9422546 0.3348976 0 -0.3337727 0.9426536 0 0 0 1 -0.950433 -0.3109297 0 0.3111219 -0.95037 0 0.9503635 0.3111417 0 -0.3108474 0.9504599 0 0 0 1 -0.9522815 -0.3052213 0 0.3048855 -0.952389 0 0.9522818 0.3052203 0 -0.3048859 0.9523889 0 -0.9510414 -0.3090635 0 0.309108 -0.951027 0 0.9510402 0.3090673 0 -0.3091064 0.9510276 0 -0.9551547 -0.2961077 0 0.2966363 -0.9549906 0 -0.9555026 -0.2949827 0 0.296989 -0.954881 0 0.9550115 0.2965689 0 -0.2957854 0.9552544 0 2.51128e-7 0 1 -0.8109615 -0.5850995 0 0.5821258 -0.8130987 0 -0.8119415 -0.5837388 0 0.5823787 -0.8129177 0 0.8122125 0.5833616 0 -0.5833609 0.8122131 0 0 0 1 -0.9462612 -0.3234037 0 -0.3438675 -0.9390182 0 0.3233042 -0.9462952 0 0.9463676 0.3230922 0 -0.3231644 0.9463428 0 0.9460451 0.3240355 0 -0.3233332 0.9462853 0 -0.9468064 -0.3218039 0 -0.3230985 0.9463654 0 -0.9589581 -0.2835481 0 0.2840236 -0.9588173 0 0.9589582 0.2835477 0 -0.2831994 0.959061 0 0.9587735 0.2841716 0 -0.2825917 0.9592404 0 -0.9591849 -0.2827796 0 -0.2836352 0.9589323 0 -1.30117e-7 0 1 0.089473 -0.9959893 0 -0.9959295 -0.09013533 0 0.0902068 -0.9959231 0 0.9958932 0.09053593 0 0.09161764 -0.9957942 0 0.09023022 -0.995921 0 0.995888 0.09059363 0 -0.08987998 0.9959527 0 0.9957205 0.09241622 0 -0.08912992 0.99602 0 -0.9958813 -0.0906673 0 1.4474e-7 0 1 0.9797462 0.2002432 0 -0.200336 0.9797273 0 -0.9797257 -0.2003442 0 -0.2009202 0.9796077 0 0.979573 0.201089 0 -0.2001158 0.9797722 0 -0.9797251 -0.2003464 0 -0.199601 0.9798773 0 0.9797868 0.2000447 0 -0.200564 0.9796806 0 -0.9796496 -0.2007156 0 -0.2014454 0.9794998 0 0.9796489 0.200719 0 -0.2007257 0.9796475 0 -0.9795251 -0.2013226 0 -0.2018154 0.9794236 0 0.9796484 0.2007216 0 -0.2006266 0.9796679 0 -0.979663 -0.2006503 0 -0.2009921 0.9795929 0 0.9797114 0.2004138 0 -0.2009477 0.979602 0 -0.9796641 -0.2006447 0 -0.2007585 0.9796409 0 -0.9797658 -0.2001472 0 0.200479 -0.979698 0 -0.9798029 -0.199966 0 0.2002087 -0.9797534 0 0.9799098 0.1994411 0 0.200051 -0.9797856 0 2.50791e-7 0 1 -0.9756582 -0.2192968 0 -0.2194247 0.9756295 0 -0.9755932 -0.2195862 0 0.2202112 -0.9754523 0 -0.9755004 -0.2199976 0 0.2202063 -0.9754533 0 0.975574 0.2196709 0 0.2195816 -0.9755942 0 -0.9755734 -0.2196741 0 0.2204934 -0.9753885 0 0.9754851 0.2200655 0 0.2204434 -0.9753998 0 -0.975571 -0.2196849 0 0.2195425 -0.9756031 0 0.9755744 0.2196698 0 0.2194178 -0.975631 0 -0.9754819 -0.2200797 0 0.2191621 -0.9756885 0 0.9755691 0.2196933 0 -0.2201831 0.9754586 0 -0.9754587 -0.2201826 0 -0.2204748 0.9753928 0 0.9756566 0.2193041 0 -0.2195445 0.9756025 0 -0.9755248 -0.2198898 0 -0.2193343 0.9756498 0 0.9754574 0.2201882 0 -0.219462 0.9756211 0 -0.9756587 -0.2192952 0 -0.2195817 0.9755942 0 0.9755904 0.2195984 0 -0.2189748 0.9757306 0 -0.9762131 -0.2168137 0 0.2164729 -0.9762886 0 0.9763412 0.2162359 0 -0.216824 0.9762108 0 0 0 1 -0.9555481 -0.2948354 0 0.2947922 -0.9555615 0 0.9555419 0.2948553 0 -0.2948003 0.955559 0 -0.3006874 0.9537228 0 -0.9534959 -0.301406 0 0.3000267 -0.9539309 0 0.9539074 0.3001013 0 -0.9512877 -0.3083048 0 0.3084042 -0.9512555 0 0.951288 0.308304 0 -0.3084074 0.9512544 0 -1.36627e-7 0 1 -0.9481557 -0.3178065 0 0.3177517 -0.9481741 0 0.9480214 0.3182067 0 -0.3180006 0.9480905 0 0 0 1 -0.9550104 -0.2965725 0 0.2960366 -0.9551767 0 0.9551682 0.2960638 0 -0.2961775 0.955133 0 -0.9549945 -0.2966237 0 -0.2964612 0.955045 0 0 0 1 -0.9542384 -0.2990471 0 0.2990408 -0.9542403 0 0.954236 0.2990549 0 -0.2991415 0.9542088 0 0.9537358 0.300646 0 -0.2989838 0.9542582 0 -0.9537358 -0.3006461 0 -0.2990176 0.9542476 0 -0.953764 -0.3005569 0 0.2997061 -0.9540317 0 -0.9539002 -0.3001244 0 0.3004048 -0.9538118 0 0.9539598 0.2999348 0 0.2992803 -0.9541653 0 0.95389 0.3001567 0 -0.3005923 0.9537528 0 0.9539852 0.2998538 0 -0.3000288 0.9539301 0 0 0 1 0.951416 0.3079085 0 -0.308565 0.9512033 0 -0.9513524 -0.3081049 0 -0.3078287 0.9514419 0 -0.951541 -0.3075222 0 -0.3078104 0.9514478 0 -0.9514555 -0.3077865 0 -0.3078728 0.9514276 0 -0.9512888 -0.3083012 0 0.307661 -0.9514961 0 -0.951494 -0.3076673 0 0.3080232 -0.9513789 0 0.951263 0.3083807 0 0.3116962 -0.9501819 0 0.9512528 0.3084122 0 0.3099296 -0.9507595 0 0.9515081 0.3076241 0 0.3032372 -0.9529151 0 0 0 1 -0.9589247 -0.2836609 0 0.2825703 -0.9592466 0 0.9588611 0.2838759 0 -0.28432 0.9587295 0 -0.9529716 -0.3030599 0 0.3032045 -0.9529256 0 0.9529792 0.3030357 0 -0.3032015 0.9529265 0 0 0 1 -0.9528905 -0.3033148 0 0.3028525 -0.9530375 0 0.9528887 0.30332 0 -0.3028514 0.9530379 0 2.06799e-7 0 1 -0.9583429 -0.2856205 0 0.2852507 -0.9584529 0 -0.9586673 -0.2845299 0 0.2852214 -0.9584618 0 0.9584232 0.2853507 0 -0.2834031 0.959001 0 0.958382 0.2854891 0 -0.2857276 0.958311 0 -0.9486216 -0.3164131 0 0.315772 -0.9488351 0 -0.9486771 -0.3162465 0 -0.315349 0.9489759 0 -0.9488299 -0.3157876 0 0.3161306 -0.9487157 0 0.9486955 0.3161913 0 -0.3160904 0.9487292 0 -0.9484342 -0.3169741 0 -0.3159964 0.9487605 0 0.9484622 0.3168904 0 -0.3163897 0.9486294 0 -0.9422934 -0.3347885 0 0.3349453 -0.9422377 0 0.9421207 0.335274 0 -0.33508 0.9421898 0 0.9423545 0.3346166 0 -0.3337601 0.9426581 0 -0.9423543 -0.3346168 0 -0.3347704 0.9422998 0 0.942139 0.3352225 0 0.335825 -0.9419244 0 0.9422867 0.3348072 0 -0.3348864 0.9422585 0 -0.9437476 -0.3306668 0 0.3309795 -0.943638 0 -0.9435981 -0.3310933 0 -0.3317879 0.943354 0 -0.94379 -0.3305457 0 0.3310518 -0.9436127 0 0.9440827 0.3297091 0 0.3306268 -0.9437617 0 -0.9435645 -0.3311887 0 0.3307582 -0.9437156 0 0.9436685 0.3308926 0 -0.332195 0.9432108 0 0.9435667 0.3311827 0 -0.331537 0.9434422 0 -0.9434056 -0.3316411 0 -0.3307724 0.9437105 0 0.9430729 0.3325859 0 -0.330389 0.9438449 0 0 0 1 -0.9551026 -0.2962751 0 0.2968126 -0.9549357 0 -0.9555894 -0.2947018 0 0.2956873 -0.9552848 0 -0.9547701 -0.297345 0 0.2960426 -0.9551748 0 0.9551069 0.2962615 0 -0.2961975 0.9551268 0 0.9552037 0.2959496 0 -0.2953968 0.9553747 0 0.9550825 0.29634 0 -0.2957817 0.9552556 0 -0.9552674 -0.2957435 0 -0.2970668 0.9548567 0 -0.9547306 -0.2974718 0 -0.2959897 0.9551911 0 -0.9478564 -0.3186981 0 0.3183807 -0.9479629 0 -0.9481104 -0.3179416 0 0.3186483 -0.947873 0 0.9999634 -0.0085541 0 0.9479225 0.3185012 0 -0.3246008 0.9458512 0 0.89694 0.4421525 0 0.8068509 0.5907552 0 0.6953055 0.7187142 0 0.560743 0.82799 0 0.4143912 0.9100989 0 0.2507905 0.9680414 0 0.08180433 0.9966484 0 -0.09339588 0.9956291 0 -0.2568813 0.966443 0 0.9427212 0.3335817 0 -0.3316327 0.9434086 0 -0.9434103 -0.3316279 0 0.3316322 -0.9434088 0 -0.9488517 -0.3157222 0 -0.3185807 0.9478958 0 0.9473778 0.3201178 0 -0.3182522 0.9480061 0 -0.9432474 -0.3320912 0 0.3331388 -0.9428778 0 0.9430693 0.3325963 0 -0.3323457 0.9431577 0 -0.9432872 -0.3319778 0 0.3330682 -0.9429028 0 0.9432875 0.3319771 0 -0.3330669 0.9429032 0 -0.9413798 -0.3373488 0 0.3371248 -0.94146 0 0.9413785 0.3373525 0 -0.337126 0.9414596 0 -0.944096 -0.3296709 0 0.3295211 -0.9441483 0 0.9441282 0.3295787 0 -0.3311226 0.9435878 0 -0.9432435 -0.3321022 0 0.3325528 -0.9430847 0 0.9432432 0.3321027 0 -0.3325561 0.9430835 0 -0.9689973 -0.2470716 0 0.2470499 -0.9690029 0 0.9692049 0.2462562 0 -0.2468597 0.9690513 0 -0.9303264 -0.3667327 0 0.3660329 -0.930602 0 0.9304617 0.3663893 0 -0.3658316 0.9306812 0 -0.9652623 -0.2612828 0 0.2612689 -0.9652662 0 0.9652628 0.261281 0 -0.2612718 0.9652653 0 0 0 1 0.9596928 0.2810513 0 -0.2811697 0.9596582 0 -0.9597092 -0.2809954 0 0.2804884 -0.9598575 0 0.9595319 0.2816002 0 0.2805049 -0.9598526 0 -0.9596491 -0.2812003 0 0.2811558 -0.9596622 0 -0.9872468 -0.1591973 0 0.9872468 0.1591974 0 -0.1593397 0.9872239 0 0 0 1 -0.9961152 -0.08806079 0 0.08755809 -0.9961594 0 0.9962034 0.08705645 0 -0.08747506 0.9961668 0 -0.1480354 0.9889821 0 -0.1495928 0.9887478 0 -0.9889661 -0.1481421 0 -0.9889955 -0.1479455 0 -0.9892839 -0.1460047 0 0.1478273 -0.9890132 0 0.1475735 -0.9890511 0 0.1489402 -0.9888463 0 0.9889975 0.1479322 0 0.9890049 0.1478835 0 -0.1476785 0.9890355 0 0.1270675 -0.9918942 0 0.1298029 -0.9915399 0 0.7614535 0.6482196 0 -0.128919 0.9916552 0 -0.9919769 -0.1264193 0 0 0 1 0.9889955 0.1479455 0 -0.1446173 0.9894877 0 -0.1494734 0.9887658 0 -0.9889982 -0.1479278 0 0.1474819 -0.9890648 0 0.1512308 -0.9884986 0 5.93575e-7 0 1 -0.1304041 0.991461 0 -0.9906207 -0.1366401 0 -0.9906529 -0.1364077 0 -0.1321746 -0.9912265 0 0.9893316 0.1456813 0 0.9911901 0.1324468 0 0 0 1 -0.9978758 -0.06514573 0 -0.9943314 0.1063262 0 -0.07288336 -0.9973406 0 -0.9985933 0.05302292 0 -0.06971365 -0.9975671 0 0.9965289 -0.08324778 0 -0.05052661 -0.9987228 0 0.9965878 -0.08254039 0 0.09095704 0.9958549 0 0.9977433 0.067146 0 -0.07691991 0.9970374 0 0 0 1 -0.9968017 -0.07991409 0 0.07991385 -0.9968017 0 0.9968014 0.0799176 0 -0.07991242 0.996802 0 0 0 1 -0.9968347 -0.07950204 0 0.07926905 -0.9968533 0 0.9968042 0.07988339 0 -0.07991594 0.9968016 0 -0.9918037 -0.1277716 0 0.1276492 -0.9918194 0 0.9918301 0.1275663 0 -0.1281136 0.9917596 0 0.9919097 0.1269463 0 -0.1272754 0.9918675 0 -0.9917126 -0.128476 0 -0.1275094 0.9918374 0 -0.9917718 -0.1280186 0 -0.1272417 0.9918718 0 -0.9905594 -0.1370842 0 0.1369 -0.9905849 0 0.9905501 0.1371526 0 -0.1372857 0.9905316 0 0.9906865 0.1361634 0 -0.1357302 0.9907459 0 -0.9906855 -0.1361703 0 -0.1367976 0.9905991 0 -0.9907453 -0.1357343 0 -0.1374965 0.9905024 0 0 0 1 0.4290351 0.9032879 0 -0.9032634 0.4290866 0 -0.4291183 -0.9032483 0 0.9030987 -0.4294334 0 2.4456e-7 0 1 0.5853005 0.8108165 0 -0.8112884 0.5846462 0 0.585581 0.8106139 0 -0.81125 0.5846994 0 -0.583566 -0.8120658 0 -0.8111408 0.5848509 0 -0.5846871 -0.811259 0 0.8108127 -0.5853058 0 -0.6333969 -0.7738271 0 0.7738215 -0.6334038 0 0.6331473 0.7740314 0 -0.7742019 0.6329389 0 1.95106e-7 0 1 0.6222236 0.7828396 0 -0.7825716 0.6225606 0 -0.3823394 -0.924022 0 -0.7895325 0.6137089 0 -0.6134161 -0.78976 0 0.7893002 -0.6140076 0 0.8166735 0.5771002 0 0.781216 -0.6242609 0 0 0 1 0.5773138 0.8165224 0 -0.8166903 0.5770762 0 -0.5769333 -0.8167912 0 0.8168794 -0.5768085 0 0.7866259 -0.6174298 0 0.6173955 0.786653 0 -0.7862344 0.6179284 0 -0.6183941 -0.7858683 0 0 0 1 0.6015031 0.7988706 0 -0.7988585 0.6015191 0 -0.6014998 -0.798873 0 0.798857 -0.601521 0 0 0 1 0.5575354 0.8301532 0 -0.830946 0.5563531 0 -0.5562894 -0.8309887 0 0.8306831 -0.5567455 0 0.5632601 0.8262796 0 -0.8239231 0.5667017 0 0.563202 0.8263193 0 -0.8253762 0.5645833 0 -0.5644344 -0.825478 0 0.8255504 -0.5643283 0 -0.5646488 -0.8253313 0 0.825802 -0.5639603 0 0.5906314 0.8069415 0 -0.8063836 0.5913929 0 -0.5914025 -0.8063766 0 0.8067252 -0.5909269 0 0 0 1 0.591202 0.8065235 0 -0.8059889 0.5919306 0 -0.5927999 -0.8053498 0 0.8063982 -0.5913732 0 0.5906217 0.8069486 0 -0.8070216 0.5905219 0 -0.5908812 -0.8067587 0 0.8067893 -0.5908395 0 0.5797638 0.8147845 0 -0.8149936 0.5794701 0 -0.5800982 -0.8145467 0 0.8147969 -0.5797465 0 1.86442e-7 0 1 -0.9947245 -0.1025828 0 0.1021017 -0.9947741 0 0.9946729 0.1030823 0 -0.1022365 0.9947602 0 0 0 1 -0.1530312 0.9882214 0 -0.1545984 0.9879774 0 -0.1551148 0.9878965 0 -0.9879515 -0.1547638 0 0.1543301 -0.9880194 0 0.9879629 0.1546913 0 -0.787078 0.6168536 0 -0.6169144 -0.7870302 0 -0.7874253 0.6164101 0 -0.6167352 -0.7871708 0 -0.7865863 0.6174805 0 -0.6162396 -0.7875588 0 0.7872368 -0.616651 0 0.616565 0.7873041 0 0.7875975 -0.6161901 0 0.6166923 0.7872043 0 0 0 1 -0.8095869 0.5870001 0 -0.5867217 -0.8097887 0 0.8095874 -0.5869993 0 0.5867217 0.8097887 0 -0.7956193 0.605797 0 -0.6060217 -0.7954483 0 0.795286 -0.6062345 0 0.6067482 0.7948942 0 -1.20445e-7 0 1 -0.8154557 0.5788197 0 -0.5786255 -0.8155935 0 0.81562 -0.5785881 0 0.6048521 0.7963379 0 -0.7734412 0.633868 0 -0.6338207 -0.7734802 0 0.7736493 -0.6336142 0 0.6330339 0.7741241 0 -0.7730737 0.6343162 0 0.6336023 0.7736591 0 -0.5845947 -0.8113256 0 0.8111753 -0.5848031 0 0.5846657 0.8112744 0 -0.811398 0.5844942 0 0.5862987 0.810095 0 -0.8116058 0.5842057 0 -1.22713e-7 0 1 -0.8026607 0.5964359 0 -0.5972512 -0.8020542 0 0.8021567 -0.5971137 0 0.597084 0.8021788 0 -0.8005625 0.5992493 0 0.5975629 0.8018221 0 -0.996672 -0.08151668 0 0.08104175 -0.9967107 0 0.9966831 0.08138048 0 0.07744693 -0.9969966 0 0.9966699 0.08154213 0 -0.08024781 0.996775 0 -1.27108e-7 0 1 -0.8012244 0.5983641 0 -0.5982224 -0.8013302 0 0.8008913 -0.5988098 0 0.6008816 0.7993381 0 0.8024163 -0.5967646 0 0.5984449 0.801164 0 3.40221e-7 0 1 -0.7776219 0.6287323 0 -0.6290031 -0.7774028 0 0.778544 -0.6275902 0 0.6296709 0.7768621 0 0.777574 -0.6287916 0 0.6280347 0.7781855 0 0 0 1 -0.3300477 0.9439643 0 -0.9441765 -0.3294403 0 0.3300481 -0.9439641 0 0.9441954 0.3293861 0 0.9431542 0.3323558 0 -0.3327037 0.9430314 0 -0.9430757 -0.3325784 0 0.332817 -0.9429914 0 -0.9816491 -0.1906967 0 0.1914986 -0.981493 0 0.1904864 -0.9816899 0 0.9816504 0.1906898 0 -0.191066 0.9815773 0 0.9496822 0.3132149 0 -0.3123326 0.9499729 0 0.949695 0.3131764 0 -0.3133783 0.9496284 0 -0.9497497 -0.3130108 0 0.3130181 -0.9497472 0 -0.9582105 -0.2860643 0 0.2851047 -0.9584964 0 0.9582808 0.285829 0 -0.2876735 0.9577285 0 0 0 1 0.3106849 -0.950513 0 0.9504989 0.310728 0 -0.3102547 0.9506535 0 -0.9505816 -0.3104752 0 -0.9483537 -0.3172149 0 -0.317665 0.948203 0 -0.317045 0.9484105 0 -0.9997739 -0.02126467 0 -0.9997847 -0.02075666 0 -0.8466535 -0.5321447 0 -0.8468092 -0.5318967 0 0.3175469 -0.9482427 0 0.9483039 0.3173637 0 -0.3170297 0.9484157 0 0.9478369 0.3187558 0 0.9489065 0.3155575 0 0.9479176 0.3185157 0 0.9480419 0.3181456 0 0.3180254 -0.9480822 0 0.9482589 0.3174982 0 0.948283 0.3174263 0 0.3172279 -0.9483494 0 0.948283 0.3174264 0 -0.3176606 0.9482045 0 -0.9482436 -0.3175437 0 -0.3172001 0.9483587 0 0.9479166 0.3185188 0 -0.3173925 0.9482943 0 -0.9481523 -0.3178166 0 0.3175302 -0.9482482 0 -0.9478045 -0.3188523 0 -0.8805893 0.4738805 0 -0.9984768 0.05517375 0 -0.9984963 0.05482071 0 0.3173058 -0.9483234 0 -0.3239194 0.9460847 0 -0.9458345 -0.3246493 0 0.3239243 -0.9460831 0 0.9458338 0.3246514 0 0.946671 0.322202 0 -0.3222909 0.9466408 0 -0.9464725 -0.3227844 0 0.3227833 -0.946473 0 0 0 1 -0.2922106 0.9563541 0 -0.9559648 -0.2934817 0 0.2941268 -0.9557664 0 0.9559031 0.2936825 0 0 0 1 -0.9408773 -0.3387476 0 0.3388119 -0.9408541 0 0.9406725 0.3393161 0 -0.3390366 0.9407732 0 -0.943276 -0.3320096 0 0.3325665 -0.9430798 0 -0.9434812 -0.3314262 0 0.3322985 -0.9431743 0 0.9433081 0.3319186 0 -0.3316632 0.9433979 0 -0.9969174 -0.07845878 0 0.07768815 -0.9969778 0 0.9969214 0.07840901 0 -0.0794081 0.9968423 0 0 0 1 -0.9969212 -0.07841122 0 0.07763141 -0.9969822 0 0.9969042 0.07862657 0 -0.07768332 0.9969782 0 -0.9969174 -0.07845818 0 0.07768768 -0.9969778 0 0.9969214 0.07840847 0 -0.07940006 0.9968429 0 -0.07869523 0.9968988 0 -0.996836 -0.07948577 0 -0.07915586 0.9968623 0 -0.9968717 -0.07903796 0 0.08073598 -0.9967356 0 -0.9968942 -0.07875275 0 0.07927626 -0.9968527 0 0.9968591 0.07919549 0 0.07926326 -0.9968537 0 0.9968556 0.07924014 0 0.0792191 -0.9968573 0 0.99686 0.07918477 0 -1.83289e-7 0 1 -0.8098238 0.5866733 0 -0.5871084 -0.8095083 0 0.8098854 -0.5865883 0 0.5875148 0.8092135 0 -2.40538e-7 0 1 -0.9890624 -0.1474981 0 0.1490697 -0.9888267 0 0.9890556 0.1475434 0 -0.1472256 0.989103 0 0.07754737 -0.9969888 0 0.9969891 0.07754135 0 -0.07733672 0.9970051 0 -0.9970139 -0.0772224 0 1.4269e-7 0 1 -0.04244863 -0.9990987 0 0.9991083 -0.04222065 0 0.04245054 0.9990987 0 -0.9991046 0.04231125 0 -0.0424686 -0.9990979 0 -0.999104 0.04232543 0 0.04246854 0.9990978 0 -0.9991133 0.04210507 0 0.3451093 -0.9385625 0 0.9766911 0.2146501 0 -0.2151815 0.9765741 0 -0.976657 -0.214805 0 -0.3720937 0.9281952 0 -0.9253032 -0.3792281 0 -0.9888777 -0.148731 0 0.135661 -0.9907554 0 -0.9881569 -0.1534478 0 0.1388599 -0.990312 0 -0.1760691 -0.9843779 0 0.9729966 -0.2308194 0 0.1301241 0.9914978 0 0.9853473 -0.1705605 0 0.2262388 0.9740719 0 -0.9998546 0.01705968 0 -0.1039129 0.9945864 0 0.989627 0.1436614 0 -0.168173 0.9857576 0 0 0 1 -0.9984488 -0.05567926 0 0.05658304 -0.9983979 0 0.9983798 0.05690234 0 -0.05659192 0.9983974 0 -0.9894466 -0.1448978 0 0.1452128 -0.9894005 0 0.1374521 -0.9905085 0 0.1560606 -0.9877476 0 0.9894781 0.1446838 0 -0.1446178 0.9894877 0 1.39079e-7 0 1 -0.990549 -0.1371594 0 -0.990513 -0.1374194 0 0.1545984 -0.9879774 0 0.9915732 0.1295483 0 0.9916447 0.1289998 0 -0.137452 0.9905085 0 -0.9818687 -0.1895625 0 0.1901752 -0.9817503 0 0.9818724 0.1895436 0 -0.1901772 0.9817498 0 3.10951e-7 0 1 -0.9467329 -0.3220199 0 0.3237125 -0.9461555 0 0.9467445 0.3219859 0 -0.3237159 0.9461544 0 -2.05012e-7 0 1 -0.9446304 -0.3281363 0 0.3266803 -0.945135 0 0.9449071 0.3273386 0 -0.3280429 0.9446628 0 -0.818194 0.5749422 0 -0.5750197 -0.8181396 0 -0.8182258 0.5748972 0 -0.5749003 -0.8182236 0 -0.8184006 0.5746483 0 -0.5733395 -0.8193181 0 -0.8182523 0.5748594 0 -0.5743018 -0.8186437 0 0.8180739 -0.5751133 0 0.5772343 0.8165786 0 0.8182051 -0.5749266 0 0.574884 0.818235 0 0.8190253 -0.5737574 0 0.5748479 0.8182604 0 -0.8192092 0.573495 0 0.5754892 0.8178094 0 -0.7898365 0.6133175 0 -0.6152871 -0.7883031 0 -0.7896772 0.6135227 0 -0.6139013 -0.7893829 0 -0.7903931 0.6126002 0 -0.6128503 -0.7901991 0 0.7901837 -0.6128702 0 0.6131784 0.7899444 0 -0.7905086 0.612451 0 0.6118758 0.7909539 0 3.03718e-7 0 1 -0.8094916 0.5871316 0 -0.5890511 -0.8080959 0 -0.8097118 0.5868278 0 -0.5864173 -0.8100091 0 0.8106308 -0.5855576 0 -0.5890401 -0.8081038 0 0.8100015 -0.5864278 0 0.5861818 0.8101796 0 -0.8072606 0.5901952 0 -0.5905411 -0.8070076 0 0.8072624 -0.5901928 0 0.5905396 0.8070086 0 -0.818252 0.5748597 0 -0.5746803 -0.8183781 0 -0.8181345 0.5750269 0 -0.5747662 -0.8183177 0 0.8187929 -0.5740892 0 0.5721193 0.8201704 0 0.8185002 -0.5745065 0 0.574499 0.8185054 0 -0.8177895 0.5755175 0 0.5733403 0.8193174 0 0 0 1 -0.8269215 0.5623176 0 -0.5634732 -0.8261345 0 -0.826641 0.5627299 0 -0.5628588 -0.8265532 0 -0.8267143 0.562622 0 -0.5624951 -0.8268007 0 0.8267034 -0.5626382 0 0.5601642 0.8283817 0 0.8269116 -0.562332 0 0.5622537 0.8269648 0 -0.8278411 0.5609629 0 0.5644904 0.8254397 0 -0.8274255 0.5615754 0 0.5632939 0.8262567 0 0 0 1 -0.8199297 0.5724645 0 -0.5723133 -0.8200351 0 0.8199203 -0.5724779 0 0.5703149 0.8214262 0 0.8204182 -0.5717639 0 0.5722666 0.8200677 0 -0.8199643 0.5724147 0 0.5717701 0.820414 0 -0.8123452 0.5831769 0 -0.5837162 -0.8119578 0 0.8123339 -0.5831927 0 -0.5837576 -0.811928 0 0.8120823 -0.5835431 0 -0.5837671 -0.8119211 0 0.8122752 -0.5832743 0 0.5836433 0.8120102 0 -0.8117584 0.5839936 0 0.5842729 0.8115574 0 0 0 1 -0.8151975 0.5791832 0 -0.5791958 -0.8151885 0 -0.08688265 -0.9962186 0 -0.5769353 -0.8167899 0 0.8168174 -0.5768963 0 -0.5765932 -0.8170315 0 0.8153598 -0.5789546 0 0.5761929 0.8173138 0 0.8155701 -0.5786585 0 0.5796356 0.8148759 0 0.8417176 -0.5399182 0 0.5634115 0.8261765 0 0.8313129 -0.5558049 0 0.5880253 0.8088425 0 0 0 1 -0.82444 0.5659493 0 -0.565871 -0.824494 0 0.8243286 -0.5661116 0 -0.5656406 -0.8246519 0 0.8246462 -0.565649 0 0.5654208 0.8248026 0 0.8233357 -0.5675549 0 0.5658339 0.8245193 0 -0.9485772 -0.316546 0 0.300979 -0.9536308 0 0.9533335 0.3019193 0 0.9519636 0.3062113 0 -0.3027497 0.9530702 0 -0.9465343 -0.3226034 0 0.3219949 -0.9467415 0 0.9467527 0.3219621 0 -0.3226488 0.9465188 0 0 0 1 -0.9474049 -0.3200374 0 0.3196784 -0.9475261 0 0.9474898 0.3197863 0 -0.3194383 0.9476071 0 -0.9935671 -0.1132464 0 0.1129685 -0.9935986 0 0.9935456 0.1134338 0 -0.1245391 0.9922147 0 0 0 1 -0.8647036 -0.5022826 0 0.5021736 -0.8647668 0 0.8650358 0.5017103 0 0.5027236 -0.8644472 0 0.8638224 0.5037966 0 0.5015376 -0.8651359 0 0.8646168 0.5024321 0 -0.502434 0.8646156 0 0.3614247 -0.9324013 0 0.9329072 0.360117 0 -0.361169 0.9325004 0 -0.932358 -0.3615365 0 0 0 1 0.8669553 -0.498386 0 0.4989137 0.8666518 0 -0.866887 0.4985047 0 -0.4987671 -0.8667361 0 -0.8670794 0.4981701 0 -0.4976869 -0.8673568 0 -0.8674476 0.4975287 0 -0.4981167 -0.8671101 0 0.8670014 -0.4983059 0 0.4982143 0.867054 0 0.8666049 -0.498995 0 0.4982827 0.8670147 0 -1.20724e-7 0 1 -0.5497742 -0.8353133 0 0.8350167 -0.5502246 0 -0.5520675 -0.8337995 0 0.8350602 -0.5501587 0 0.5520842 0.8337885 0 0.835085 -0.550121 0 0.5500482 0.8351329 0 0.8339676 -0.5518134 0 0.549318 0.8356135 0 -0.8350012 0.5502482 0 -0.5497581 -0.8353241 0 -0.8348812 0.5504302 0 0.8265259 -0.5628986 0 0.5692554 0.8221607 0 0.8260474 -0.5636009 0 0.5634789 0.8261306 0 -0.8272503 0.5618336 0 0.5631043 0.8263859 0 -0.8260828 0.5635489 0 -0.5636414 -0.8260197 0 0.5338172 0.8456 0 -0.8461505 0.5329442 0 0.5336595 0.8456996 0 -0.8458531 0.533416 0 -0.5347921 -0.8449836 0 -0.8456454 0.5337451 0 -0.5335996 -0.8457372 0 0.8457405 -0.5335946 0 0.517542 0.8556579 0 -0.8553483 0.5180535 0 0.5177472 0.8555337 0 -0.8555935 0.5176484 0 -0.5179608 -0.8554044 0 -0.8555988 0.5176396 0 -0.5180828 -0.8553305 0 0.8555752 -0.5176787 0 0 0 1 -0.4883415 -0.8726526 0 0.8724325 -0.4887346 0 0.4892281 0.8721559 0 -0.8722311 0.489094 0 0.4895586 0.8719704 0 -0.87247 0.4886677 0 -0.4887 -0.8724519 0 0.8723621 -0.4888604 0 0 0 1 -0.5608119 -0.8279432 0 0.8284793 -0.5600197 0 0.559998 0.828494 0 -0.8280743 0.5606185 0 -4.25616e-7 0 1 -0.5036016 -0.8639361 0 0.8642413 -0.5030775 0 0.5037954 0.8638231 0 0.8642243 -0.5031067 0 -0.5035752 -0.8639515 0 0.8639078 -0.5036501 0 0.5034997 0.8639955 0 -0.8631386 0.5049672 0 0.5035269 0.8639796 0 -0.8640491 0.5034077 0 -0.5004269 -0.8657788 0 -0.8635531 0.5042581 0 0 0 1 0.8528478 -0.5221597 0 0.5214175 0.8533018 0 0.8531921 -0.5215969 0 -0.5224403 -0.852676 0 0.8528809 -0.5221057 0 0.5216665 0.8531495 0 -0.8524843 0.522753 0 0.520007 0.854162 0 -0.8528033 0.5222322 0 -0.5215897 -0.8531965 0 -0.8536227 0.5208919 0 -0.5216366 -0.8531678 0 0.3947733 0.9187787 0 -0.9179965 0.3965886 0 0.3960344 0.9182357 0 -0.9186619 0.3950447 0 -0.4066687 -0.9135758 0 -0.9185196 0.3953754 0 -0.3948993 -0.9187244 0 0.9187072 -0.3949393 0 0.3950215 0.9186719 0 0.9186261 -0.3951281 0 -0.395024 -0.9186708 0 0.9187646 -0.3948058 0 2.65386e-7 0 1 0.6399951 0.7683791 0 -0.7682377 0.6401649 0 -0.6397576 -0.7685768 0 0.7687858 -0.6395064 0 1.43291e-7 0 1 0.8528465 -0.5221619 0 0.5219126 0.8529991 0 0.8529452 -0.5220006 0 0.5225913 0.8525834 0 -0.8529006 0.5220735 0 -0.5214428 -0.8532864 0 -0.8528525 0.5221521 0 -0.5227473 -0.8524877 0 0 0 1 0.8660677 -0.4999268 0 0.5003174 0.8658421 0 -0.86615 0.4997844 0 -0.4993479 -0.8664016 0 -0.8658039 0.5003836 0 -0.5009734 -0.8654627 0 0.7426187 -0.6697145 0 0.6691955 0.7430864 0 -0.742896 0.6694068 0 -0.6695289 -0.7427861 0 0 0 1 0.8388996 -0.5442862 0 0.5442053 0.8389522 0 -0.8387807 0.5444696 0 -0.5440751 -0.8390366 0 -0.7295677 0.6839086 0 -0.68381 -0.7296602 0 0.729557 -0.68392 0 0.6838107 0.7296595 0 -0.535799 -0.8443457 0 0.8447837 -0.5351082 0 0.5355964 0.8444741 0 -0.8446092 0.5353834 0 -0.5355008 -0.8445348 0 -0.8446675 0.5352913 0 -0.5353546 -0.8446274 0 0.8446884 -0.5352584 0 -2.38595e-7 0 1 0.3992928 0.9168235 0 -0.9174824 0.3977765 0 0.397546 0.9175823 0 -0.9168601 0.3992086 0 -0.3942726 -0.9189935 0 -0.9177045 0.397264 0 0.4022594 0.9155258 0 -0.9169511 0.3989995 0 -0.3990558 -0.9169267 0 0.9169531 -0.3989953 0 0.7749753 -0.6319916 0 0.6309472 0.7758257 0 0.7745301 -0.6325373 0 0.6320791 0.774904 0 -0.7753552 0.6315256 0 -0.6310465 -0.775745 0 -0.7750555 0.6318933 0 -0.6320115 -0.7749591 0 -3.21577e-7 0 1 0.7297502 0.6837139 0 -0.6830309 0.7303895 0 -0.7297491 -0.6837151 0 0.6830348 -0.7303859 0 -1.71922e-7 0 1 0.5406808 0.8412278 0 -0.840331 0.5420739 0 0.5407785 0.8411651 0 -0.8427583 0.5382922 0 0.5417457 0.8405425 0 -0.8406917 0.5415142 0 -0.5415366 -0.8406773 0 0.8410379 -0.5409763 0 0.6268579 0.7791337 0 -0.7782456 0.62796 0 0.6260601 0.7797749 0 -0.778401 0.6277675 0 -0.6270548 -0.7789751 0 -0.7786992 0.6273975 0 -0.6271114 -0.7789296 0 0.7788053 -0.6272658 0 1.58764e-7 0 1 -0.5644198 -0.825488 0 0.8252584 -0.5647553 0 0.5661985 0.824269 0 0.825178 -0.5648729 0 0.5638934 0.8258476 0 -0.825212 0.5648232 0 0.6341148 0.773239 0 -0.7720149 0.6356045 0 -0.6354141 -0.7721716 0 0.7720494 -0.6355627 0 0.6357767 0.771873 0 -0.7720898 0.6355135 0 0.6620372 0.749471 0 -0.7495868 0.6619061 0 -0.6620004 -0.7495034 0 0.7494077 -0.662109 0 0.661987 0.7495154 0 -0.7492006 0.6623432 0 0 0 1 -0.6366453 -0.7711569 0 0.7709352 -0.6369136 0 0.6355097 0.7720929 0 0.7709321 -0.6369174 0 0.6368615 0.7709784 0 -0.7709388 0.6369094 0 2.12728e-7 0 1 -0.7265478 -0.6871159 0 0.6870253 -0.7266335 0 0.7265545 0.6871088 0 -0.6870211 0.7266375 0 0.7718305 -0.6358283 0 0.6360859 0.7716183 0 -0.7718322 0.6358262 0 -0.6360831 -0.7716206 0 0.3018385 -0.9533591 0 0.9538588 0.3002554 0 -0.2990167 0.954248 0 -0.9540659 -0.2995969 0 0 0 1 -0.9750357 -0.2220483 0 0.2214695 -0.9751673 0 0.9750803 0.2218528 0 -0.2220755 0.9750295 0 -0.2094012 0.9778299 0 -0.9779496 -0.2088412 0 0.2078455 -0.9781617 0 0.9778603 0.2092585 0 -0.97795 -0.2088397 0 0.2094001 -0.9778301 0 0.9779516 0.2088321 0 -0.2092608 0.9778599 0 -0.9777855 -0.2096082 0 0.209407 -0.9778286 0 0.9779496 0.2088413 0 -0.2079827 0.9781325 0 -0.9778637 -0.2092431 0 0.2094071 -0.9778286 0 0.977782 0.2096243 0 0.9916263 0.129141 0 -0.1296453 0.9915605 0 -0.9915978 -0.1293594 0 0.1296808 -0.9915558 0 0 0 1 0 0 1 0 0 1 0 0 1 2.52681e-7 0 1 -0.1200877 0.9927633 0 -0.1129682 0.9935987 0 -0.1281889 0.9917498 0 -0.1180744 0.9930048 0 -0.1204064 0.9927247 0 -0.1197733 0.9928014 0 -0.9927615 -0.1201031 0 0.1198786 -0.9927886 0 0.9927405 0.1202767 0 0.1196468 -0.9928166 0 0.1224396 -0.992476 0 -0.9927483 -0.1202116 0 0.1201057 -0.9927611 0 0.9927155 0.1204824 0 0.1210905 -0.9926415 0 0.1192204 -0.9928678 0 -0.9927774 -0.119971 0 0.120213 -0.9927482 0 0.9927641 0.1200811 0 0 0 1 0 0 1 0 0 1 0 0 1 0 0 1 -0.9466513 -0.32226 0 -0.9482973 -0.3173838 0 0.321501 -0.9469093 0 0.3207317 -0.9471702 0 0.3211297 -0.9470353 0 0.9493471 0.3142296 0 0.9442805 0.3291419 0 -0.3210535 0.9470611 0 -0.9470825 -0.3209902 0 -0.3210876 0.9470496 0 -0.3213503 0.9469604 0 -0.3211427 0.9470309 0 -0.3210883 0.9470493 0 0.947025 0.3211598 0 -0.3208222 0.9471395 0 0.3194376 -0.9476074 0 0.9471172 0.3208878 0 -0.3243842 0.9459254 0 -0.9456377 -0.3252222 0 0 0 1 0 0 1 0 0 1 0 0 1 0 0 1 0 0 1 0 0 1 0 0 1 0.3289179 -0.9443586 0 0.94522 0.3264343 0 0.3279376 -0.9446995 0 0.9442909 0.3291121 0 -0.3276035 0.9448154 0 0.943963 0.3300516 0 -0.3292004 0.9442601 0 0.9440792 0.3297188 0 -0.3266751 0.9451368 0 0.8058777 0.592082 0 0.4640051 0.8858326 0 0.09136533 0.9958176 0 -0.3872947 0.921956 0 -0.7653434 0.6436221 0 -0.996865 -0.07912057 0 -0.3275319 0.9448402 0 -0.9442661 -0.3291831 0 -0.3290024 0.9443292 0 -0.9444321 -0.3287069 0 0.3285176 -0.9444979 0 0.3290914 -0.9442981 0 0.3271092 -0.9449867 0 0 0 1 0 0 1 -0.322009 0.9467366 0 -0.9468845 -0.321574 0 0.3213849 -0.9469487 0 0.9469329 0.3214314 0 -0.3223618 0.9466165 0 -0.946918 -0.3214755 0 -0.3207873 0.9471513 0 -1.95089e-7 0 1 1.38713e-7 0 1 -2.24038e-7 0 1 -2.41961e-7 0 1 3.97369e-7 0 1 2.35322e-7 0 1 2.73297e-7 0 1 -1.49727e-7 0 1 -5.80127e-7 0 1 0 0 1 -4.23078e-7 0 1 -2.20285e-7 0 1 0 0 1 -3.71149e-7 0 1 8.6809e-7 0 1 0.9911113 0.1330355 0 0.1320942 -0.9912372 0 0.9912475 0.1320168 0 -0.131717 0.9912874 0 0.9912047 0.1323373 0 0.9913029 0.1316012 0 0.1315026 -0.9913159 0 0.991277 0.1317953 0 -0.1314685 0.9913204 0 0.9913029 0.1316007 0 0.9913055 0.1315809 0 -0.1322116 0.9912216 0 0.991573 0.1295493 0 -0.1196724 0.9928135 0 -0.137587 0.9904897 0 -0.1612619 0.9869117 0 -0.989986 -0.141166 0 0.1540545 -0.9880624 0 -0.9911987 -0.1323829 0 -0.9913303 -0.1313936 0 -0.1328117 0.9911413 0 -0.1324194 0.9911938 0 0.9913528 0.1312234 0 -0.1318359 0.9912716 0 -0.9911606 -0.1326678 0 0.1324592 -0.9911885 0 -0.9911301 -0.1328954 0 0.1328824 -0.9911319 0 0.1304039 -0.991461 0 -0.9911901 -0.132447 0 0.1327106 -0.9911549 0 2.42385e-7 0 1 -1.72797e-7 0 1 0 0 1 2.45817e-7 0 1 2.08568e-7 0 1 0 0 1 0 0 1 0 0 1 -1.28022e-7 0 1 1.81737e-7 0 1 1.91705e-7 0 1 0.2912851 0.9566363 0 0.1321744 0.9912265 0 0.04356199 0.9990507 0 -0.05755132 0.9983426 0 -0.1969541 0.9804128 0 -0.3450809 0.9385731 0 -0.4759661 0.8794636 0 -0.632169 -0.7748306 0 -0.8265365 0.5628832 0 -0.826678 0.5626754 0 -0.8652449 -0.5013495 0 -0.7601834 -0.6497086 0 -0.7614536 -0.6482196 0 -0.6300011 -0.7765943 0 -0.4778438 -0.8784448 0 -0.2865643 -0.958061 0 -0.08511483 -0.9963712 0 0.1217743 -0.9925578 0 0.3349816 -0.9422247 0 0.6869268 -0.7267267 0 0.7946955 -0.6070083 0 0.5556502 0.8314162 0 0.8455203 -0.5339434 0 0.844391 -0.5357275 0 -0.5654246 -0.8248001 0 0.9451786 -0.326554 0 0.9789709 -0.2040001 0 0.9984337 -0.05595016 0 0.9946621 0.1031872 0 0.9690027 0.2470506 0 0.9227201 0.3854709 0 0.8568829 0.5155111 0 0.7581875 0.6520367 0 0.6159874 0.787756 0 0.48307 0.8755818 0 0.3737348 0.9275357 0 0 0 1 0 0 1 2.1951e-7 0 1 0 0 1 0 0 1 0 0 1 0 0 1 0 0 1 0 0 1 0 0 1 1.36334e-7 0 1 -0.1270674 0.9918941 0 0.9919769 0.1264194 0 0.9919489 0.1266396 0 -0.991937 -0.126732 0 -0.1284803 0.9917122 0 -0.1262077 0.9920038 0 0.9919104 0.1269401 0 -0.1269626 0.9919076 0 -0.9919465 -0.126658 0 0.126998 -0.991903 0 0.9919115 0.1269317 0 0.1266468 -0.991948 0 0.1245393 -0.9922147 0 0.1265594 -0.9919591 0 -0.9919044 -0.1269868 0 0.1268345 -0.991924 0 0.9918918 0.1270854 0 0.1272543 -0.9918702 0 -0.9919125 -0.1269238 0 0.9919255 0.126822 0 -4.03559e-7 0 1 4.73702e-7 0 1 -7.39791e-7 0 1 -2.62519e-7 0 1 2.08424e-7 0 1 4.5987e-7 0 1 0 0 1 -1.21339e-7 0 1 0 0 1 -8.18416e-7 0 1 -0.9907218 -0.1359055 0 0.679297 -0.7338635 0 0.8232583 -0.5676672 0 0.9376544 -0.3475691 0 0.9940422 -0.108996 0 0.9875727 0.1571634 0 0.9100033 0.414601 0 0.7761374 0.6305639 0 0.6110179 0.7916168 0 0.453277 0.8913698 0 0.9895678 0.1440687 0 -0.07699728 0.9970313 0 -0.1580085 0.9874378 0 -0.1640143 0.986458 0 -0.1485052 0.9889117 0 -0.9882335 -0.1529526 0 0.1419928 -0.9898678 0 0.1628472 -0.9866513 0 0.1341242 -0.9909645 0 0 0 1 0 0 1 0 0 1 0 0 1 0 0 1 -0.9985173 -0.05443465 0 0.0542944 -0.998525 0 0.9985151 0.05447745 0 0.05464071 -0.9985061 0 0.9985168 0.05444431 0 0.05522537 -0.998474 0 0.9985243 0.05430805 0 0.998529 0.054223 0 -0.05467206 0.9985044 0 -0.9985153 -0.05447155 0 -0.05413484 0.9985337 0 0 0 1 0 0 1 0 0 1 -0.9349052 -0.3548976 0 -0.3540164 0.9352392 0 -0.9349259 -0.354843 0 -0.9352046 -0.354108 0 -0.9346912 -0.3554608 0 0.3546141 -0.9350128 0 0.9353495 0.3537252 0 0.934896 0.3549217 0 0.355902 -0.9345233 0 0.354791 -0.9349458 0 0.9348995 0.3549129 0 -0.9352793 -0.3539109 0 -0.3548945 0.9349064 0 0 0 1 -0.9989781 -0.04519855 0 0.04569017 -0.9989557 0 0.9989857 0.04503071 0 -0.04576659 0.9989523 0 0.9989752 0.04526335 0 -0.04481822 0.9989952 0 0 0 1 0 0 1 0 0 1 0 0 1 0 0 1 2.091e-7 0 1 0 0 1 0 0 1 -3.47741e-7 0 1 -1.81807e-7 0 1 0 0 1 0 0 1 0 0 1 0 0 1 0 0 1 0 0 1 0 0 1 -0.9989618 0.04555797 0 0.4280186 -0.90377 0 0.9992715 -0.03816366 0 0.3934364 -0.9193519 0 0.3656652 -0.9307466 0 0.9312043 0.3644976 0 -0.9158844 -0.4014421 0 0.418446 -0.9082418 0 -0.9146883 -0.4041603 0 0.4149836 -0.909829 0 0.8344737 -0.5510479 0 0.5470702 0.8370867 0 -0.835636 0.5492838 0 -0.4135574 0.9104781 0 0.9251426 0.37962 0 0.4114238 -0.9114443 0 0.9159033 0.4013991 0 0.4010492 -0.9160566 0 0.4019639 -0.9156555 0 -0.9158998 -0.4014069 0 0.4005699 -0.9162663 0 -0.91589 -0.4014294 0 0.4011539 -0.9160107 0 0.915959 0.4012719 0 0.4012789 -0.9159559 0 0.9158862 0.4014379 0 -0.4026845 0.9153389 0 -0.4026446 0.9153564 0 0 0 1 0 0 1 -0.4082169 0.912885 0 -0.9345375 -0.3558648 0 -0.9324358 -0.3613361 0 0.3611543 -0.9325061 0 0.9325391 0.3610692 0 0.3613955 -0.9324127 0 0.9325782 0.360968 0 -0.3607384 0.9326671 0 0.9324821 0.3612163 0 -0.36119 0.9324922 0 1.40403e-7 0 1 0 0 1 0 0 1 0 0 1 1.21735e-7 0 1 0 0 1 1.87448e-7 0 1 -0.9883799 -0.1520045 0 0.07699728 -0.9970313 0 -0.9895678 -0.1440687 0 0.06299352 -0.998014 0 0.9976718 0.06819915 0 0.9976298 0.0688095 0 0.07770287 -0.9969767 0 0.989588 0.1439296 0 0.945054 0.3269146 0 -0.29886 0.954297 0 -0.9968989 -0.07869362 0 -0.9880455 -0.154163 0 0 0 1 0 0 1 -3.95252e-7 0 1 0 0 1 0 0 1 0 0 1 -0.938462 -0.3453826 0 0.3457856 -0.9383136 0 -0.9385454 -0.3451559 0 0.3453152 -0.9384868 0 0.3473812 -0.9377241 0 0.9391561 0.3434906 0 0.3450943 -0.938568 0 0.938559 0.3451188 0 -0.3451451 0.9385493 0 -0.9387592 -0.3445743 0 -0.3441357 0.93892 0 0.9385541 0.3451325 0 -0.3446735 0.9387227 0 0.9387402 0.3446258 0 -0.3452334 0.938517 0 -0.9385045 -0.3452672 0 -0.3458919 0.9382745 0 -0.9387492 -0.3446013 0 0.3444665 -0.9387986 0 0.9389838 0.3439616 0 -0.3441995 0.9388966 0 -0.94682 -0.3217641 0 0.946888 0.3215634 0 -0.333133 0.9428799 0 -0.9431039 -0.3324981 0 0.3331238 -0.9428831 0 0.9431051 0.3324952 0 0 0 1 -0.3067346 0.9517952 0 -0.9520077 -0.3060742 0 0.3067427 -0.9517925 0 0.9520087 0.3060713 0 0 0 1 0 0 1 0.3272665 -0.9449321 0 0.9451861 0.3265325 0 0.3266827 -0.9451341 0 0.945154 0.326625 0 -0.326623 0.9451548 0 -0.9451655 -0.3265917 0 0 0 1 0 0 1 0 0 1 0 0 1 0 0 1 0.3051206 -0.9523137 0 0.952769 0.3036963 0 0.9527766 0.3036722 0 -0.3035994 0.9527999 0 -0.9527231 -0.3038401 0 -0.3034141 0.9528589 0 -0.9531238 -0.3025805 0 -0.3011791 0.9535677 0 -0.9536685 -0.3008595 0 0 0 1 0 0 1 -1.83327e-7 0 1 0 0 1 -1.49051e-7 0 1 0.3039567 -0.9526859 0 0.9527552 0.3037395 0 -0.3035962 0.9528008 0 -0.8884887 0.4588984 0 0.4583899 0.8887512 0 -0.8885472 0.4587854 0 -0.4601084 -0.8878628 0 -0.952935 -0.303175 0 -0.3047086 0.9524457 0 -0.952688 -0.3039502 0 0.304352 -0.9525597 0 0.9526892 0.303946 0 0.8883795 -0.4591101 0 0.3014155 -0.953493 0 -0.9527847 -0.3036469 0 1.61336e-7 0 1 -0.9366632 0.3502314 0 -0.3504123 -0.9365957 0 0.9367228 -0.3500722 0 0.3505632 0.9365391 0 0 0 1 0.3067184 -0.9518003 0 0.9519486 0.306258 0 -0.3067204 0.9517998 0 -0.9519496 -0.3062548 0 0.3076473 -0.9515005 0 -0.30683 0.9517644 0 -0.9514331 -0.3078556 0 -0.5459308 0.8378304 0 -0.8377759 -0.5460143 0 0.5459297 -0.837831 0 0.8377788 0.5460098 0 0 0 1 0.9487211 0.3161144 0 -0.9486564 -0.3163086 0 -1.3648e-7 0 1 0.9333731 0.3589078 0 -0.3582169 0.9336384 0 -0.9336935 -0.3580733 0 -0.3123772 0.9499582 0 -0.9499826 -0.3123031 0 0.3120175 -0.9500764 0 0.9500838 0.311995 0 0.3216175 -0.9468697 0 0.9467912 0.3218486 0 -0.9469033 -0.3215187 0 2.19171e-7 0 1 0 0 1 0 0 1 -0.8145692 0.5800663 0 -0.5795226 -0.8149562 0 0.8149582 -0.5795198 0 -0.5801716 -0.8144943 0 0.8151323 -0.5792748 0 0.5801075 0.81454 0 0.5799213 0.8146725 0 0 0 1 0.9495368 0.313656 0 -0.3138339 0.9494779 0 -0.3131224 0.9497129 0 0.314693 -0.9491935 0 0.3132287 -0.9496778 0 0.3134086 -0.9496185 0 4.79725e-7 0 1 0 0 1 0 0 1 -0.9574743 -0.2885187 0 0.2913038 -0.9566307 0 -0.9576216 -0.2880291 0 0.2882126 -0.9575666 0 0.9112765 -0.4117953 0 0.9574797 0.2885011 0 -0.288427 0.9575019 0 -1.94698e-7 0 1 -2.11722e-7 0 1 -0.3458095 0.9383048 0 -0.8871821 0.4614195 0 -0.9383697 -0.3456332 0 0.3457961 -0.9383098 0 -0.9385127 -0.345245 0 0.3456094 -0.9383785 0 0.9384228 0.345489 0 0 0 1 0 0 1 0 0 1 0 0 1 0 0 1 -2.84236e-7 0 1 -3.79055e-7 0 1 7.33095e-7 0 1 -7.47104e-7 0 1 5.14807e-7 0 1 -0.9970782 -0.07638794 0 0.07641094 -0.9970765 0 0.9970935 0.07618737 0 -0.07746422 0.9969952 0 0.9970273 0.07704907 0 -0.07694345 0.9970355 0 -0.998155 -0.06071829 0 -0.07641953 0.9970758 0 0.9988908 0.04708838 0 -0.06190323 0.9980822 0 -0.9986754 -0.05145466 0 0.9981402 0.06096094 0 -0.06786745 0.9976944 0 -0.9979158 -0.0645318 0 -0.08947163 0.9959894 0 0.9968044 0.07988196 0 -0.07691997 0.9970373 0 -0.9971602 -0.07531058 0 -0.07456558 0.9972162 0 0 0 1 0 0 1 3.88957e-7 0 1 -2.43098e-7 0 1 -3.48715e-7 0 1 -0.9971243 -0.07578378 0 0.0792576 -0.9968542 0 0.9968752 0.07899397 0 -0.07900613 0.9968742 0 0.9968646 0.07912671 0 -0.9969496 -0.07804936 0 -0.08016538 0.9967817 0 0.99677 0.0803107 0 -0.07968211 0.9968203 0 -0.996808 -0.07983618 0 -0.0795235 0.9968331 0 0.9972156 0.07457202 0 -0.07745093 0.9969962 0 -0.9972156 -0.07457268 0 -0.07832962 0.9969276 0 0.062797 -0.9980264 0 0.9980209 0.06288355 0 -0.06279814 0.9980263 0 -0.9980208 -0.06288409 0 1.5524e-7 0 1 -0.8089764 0.5878413 0 -0.5868009 -0.8097314 0 -0.8092783 0.5874254 0 -0.5881744 -0.8087342 0 0.8085259 -0.5884606 0 0.5880736 0.8088075 0 0 0 1 -0.8058366 0.592138 0 -0.5922676 -0.8057414 0 0.8055561 -0.5925197 0 0.5922518 0.8057531 0 -0.8061097 0.5917661 0 0.5925221 0.8055542 0 0 0 1 -0.6080099 -0.7939294 0 0.7941085 -0.6077761 0 -0.7941023 0.6077843 0 1.21382e-7 0 1 -1.45398e-7 0 1 0 0 1 -0.9993332 0.03651529 0 -0.9452477 0.326354 0 -0.8249167 0.5652545 0 -0.5706605 -0.8211861 0 0.8185589 -0.5744228 0 0.9603068 -0.2789459 0 0.9988844 -0.04722309 0 0 0 1 -1.73339e-7 0 1 0 0 1 -0.9989241 0.04637509 0 -0.04578292 -0.9989514 0 0.9989323 -0.04619938 0 -0.04754179 -0.9988693 0 -0.9989323 0.04620075 0 -0.9989358 0.04612451 0 -0.04589134 -0.9989464 0 0.99894 -0.04603344 0 0.0462048 0.9989321 0 0 0 1 0.0416764 -0.9991312 0 -0.04048782 0.9991801 0 -0.9991729 -0.04066425 0 1.24778e-7 0 1 -0.05899477 -0.9982583 0 0.9982609 -0.05895245 0 0.05899685 0.9982582 0 -0.9982609 0.05895221 0 0 0 1 -0.999516 -0.03111034 0 0.03338116 -0.9994427 0 0.9994753 0.03239077 0 -0.03118306 0.9995138 0 0.1611816 -0.9869248 0 0.9867841 0.1620409 0 2.84603e-7 0 1 0.9911724 0.1325793 0 -0.1315802 0.9913055 0 -0.9911724 -0.1325799 0 0.180778 -0.983524 0 0.9834315 0.1812802 0 -0.1807748 0.9835246 0 -0.9834316 -0.1812801 0 0 0 1 0 0 1 0 0 1 0.9995794 -0.0290023 0 0.02871102 0.9995878 0 -0.9995706 0.02930366 0 0.02969127 0.9995592 0 -0.9995564 0.02978378 0 -0.02968198 -0.9995594 0 0 0 1 -2.11016e-7 0 1 4.56304e-7 0 1 -3.99263e-7 0 1 0.1351035 -0.9908316 0 0.9907909 0.1354011 0 -0.1351797 0.9908211 0 -0.9911228 -0.1329504 0 -0.1357063 0.9907491 0 -0.9907873 -0.1354276 0 0.1357311 -0.9907457 0 -0.9908072 -0.1352819 0 0 0 1 0 0 1 0 0 1 -0.9971906 -0.0749064 0 0.0666086 -0.9977792 0 0.2132201 -0.9770043 0 0.9939544 0.109795 0 0.1140556 0.9934744 0 0.9939541 0.1097971 0 -0.0984528 0.9951418 0 -0.9951702 -0.09816491 0 -0.9952182 -0.09767657 0 0 0 1 6.02507e-7 0 1 1.00096e-6 0 1 1.44272e-7 0 1 -3.18089e-7 0 1 0.1480354 -0.9889821 0 0.7556083 -0.6550238 0 0.9314417 -0.3638908 0 0.9998475 -0.01746648 0 0.9544954 0.2982257 0 0.8097534 0.5867704 0 0.5350341 0.8448306 0 0.1741489 0.9847193 0 -0.1948049 0.980842 0 -0.485854 0.87404 0 -0.7099106 0.7042919 0 -0.9987863 -0.049254 0 0 0 1 0.02618646 0.9996571 0 -0.9996573 0.02617615 0 -0.02677929 -0.9996414 0 0.9993805 -0.03519511 0 -0.0152285 -0.002088963 0.9998819 0.07342398 0.03297579 0.9967555 -0.006729722 0.04844933 0.998803 0.1375869 -0.9904898 0 0.9907436 0.135747 0 0.9907955 0.1353673 0 0.9907218 0.1359055 0 -0.1341243 0.9909645 0 0 0 1 -0.02419698 -0.9997072 0 0.9996894 -0.02492338 0 0.024208 0.9997071 0 -0.9996894 0.02492326 0 0 0 1 0.3330622 -0.9429049 0 0.9427493 0.3335024 0 -0.9431586 -0.3323433 0 -0.3331347 0.9428794 0 -0.9428489 -0.3332208 0 0 0 1 -0.99642 -0.08454167 0 0.08410227 -0.9964572 0 0.9964888 0.083727 0 -0.08524227 0.9963604 0 0 0 1 -0.09098738 0.9958521 0 -0.995795 -0.09161067 0 0.09100842 -0.9958502 0 0.9958791 0.09069156 0 0 0 1 -0.9964289 -0.08443689 0 0.08455568 -0.9964188 0 0.9964291 0.08443397 0 -0.08455044 0.9964192 0 2.84149e-7 0 1 -0.9978228 -0.06595188 0 0.06536757 -0.9978613 0 0.9978586 0.06540888 0 -0.06529682 0.9978659 0 -1.50589e-7 0 1 -0.9958975 -0.09048885 0 0.09062045 -0.9958856 0 0.9959139 0.09030866 0 0.09048843 -0.9958975 0 0.9959334 0.09009379 0 -0.09052944 0.9958938 0 0 0 1 1.59793e-7 0 1 -0.9917696 -0.1280356 0 0.1273252 -0.9918611 0 -0.991747 -0.1282103 0 0.1293001 -0.9916055 0 0.9918141 0.1276905 0 -0.1280248 0.9917711 0 0 0 1 -0.9967291 -0.08081507 0 -0.08158242 0.9966666 0 -0.9967412 -0.0806666 0 0.08083325 -0.9967277 0 0.9967368 0.08072042 0 -0.0806595 0.9967418 0 -2.82016e-7 0 1 -0.9927924 -0.1198471 0 -0.1188015 0.992918 0 -0.9928223 -0.1195988 0 0.1203615 -0.9927302 0 0.9927487 0.1202083 0 -0.1201907 0.9927509 0 0 0 1 0 0 1 -0.9968569 -0.07922393 0 -0.9968624 -0.07915455 0 0.07894539 -0.996879 0 0.9968596 0.07919043 0 -0.07877677 0.9968923 0 -1.63045e-7 0 1 0 0 1 0 0 1 -0.9971573 -0.07534784 0 0.07547128 -0.997148 0 -0.9970182 -0.07716667 0 0.07459622 -0.9972139 0 0.9971266 0.07575231 0 -0.07598119 0.9971094 0 0 0 1 -0.6116628 -0.7911186 0 0.6110113 0.7916219 0 0.790946 -0.6118862 0 0.6119316 0.7909108 0 -0.7910518 0.6117492 0 0.6122472 0.7906664 0 -0.7909318 0.6119044 0 -0.6120207 -0.7908418 0 -0.7908247 0.6120429 0 0 0 1 -0.6142433 -0.7891167 0 0.788904 -0.6145166 0 0.614566 0.7888655 0 -0.7890086 0.6143822 0 0 0 1 -6.0967e-7 0 1 -2.34403e-7 0 1 0 0 1 2.37556e-7 0 1 -0.3250703 0.9456899 0 -0.9455349 -0.3255208 0 0.323575 -0.9462026 0 -0.9455592 -0.3254502 0 0.3253172 -0.945605 0 -0.945923 -0.3243911 0 0.3257988 -0.9454392 0 0.3256373 -0.9454948 0 0.9457641 0.3248544 0 0.3261212 -0.945328 0 -0.3252373 0.9456325 0 0.9456228 0.3252655 0 0 0 1 0.3420045 -0.9396983 0 0.9400782 0.340959 0 -0.9398062 -0.3417078 0 -0.9503001 -0.3113355 0 0.3112757 -0.9503197 0 0.9502711 0.3114242 0 -0.3110787 0.9503841 0 -0.9500405 -0.3121269 -2.09962e-7 -0.9500404 -0.3121269 0 -0.9500404 -0.3121269 0 -0.3115785 0.9502205 0 0 0 1 0.3032794 -0.9529017 0 0.9529731 0.3030553 0 -0.3032669 0.9529057 0 -0.9495934 -0.3134844 0 0.3133192 -0.9496479 0 0.9496914 0.3131874 0 -0.3133063 0.9496521 0 0 0 1 -0.9517152 -0.3069826 0 0.3069924 -0.951712 0 0.9517143 0.3069853 0 -0.3069954 0.951711 0 0 0 1 0 0 1 0 0 1 0.3342881 -0.9424709 0 0.9425571 0.3340451 0 0.335327 -0.9421019 0 0.9424232 0.3344225 0 -0.3340175 0.9425669 0 -0.9425783 -0.3339855 0 0.3337444 -0.9426637 0 -0.9424224 -0.334425 0 0 0 1 1.60761e-7 0 1 0 0 1 -0.9521667 -0.3055791 0 0.305785 -0.9521006 0 0.9521381 0.3056684 0 0.3066976 -0.951807 0 0.9521291 0.3056967 0 -0.3061276 0.9519905 0 0.9522387 0.3053549 0 -0.952231 -0.3053787 0 0.3057091 -0.952125 0 -0.9521651 -0.3055846 0 -0.3056069 0.9521578 0 0 0 1 -0.9509555 -0.3093277 0 0.309314 -0.95096 0 0.9509469 0.3093543 0 -0.3093194 0.9509582 0 0 0 1 -0.9519436 -0.3062732 0 0.3064217 -0.951896 0 0.9518337 0.3066147 0 -0.3064914 0.9518736 0 0 0 1 -0.974273 -0.2253714 0 0.2255916 -0.974222 0 0.9742769 0.2253543 0 -0.2255828 0.974224 0 0 0 1 1.58201e-7 0 1 0 0 1 -0.3249859 0.9457189 0 -0.9455192 -0.3255667 0 -0.3255524 0.9455241 0 -0.9456022 -0.3253252 0 0.325241 -0.9456312 0 -0.945435 -0.3258109 0 -0.3252491 0.9456284 0 -0.9455484 -0.325482 0 0.9454956 0.3256348 0 3.09109e-7 0 1 -1.54552e-7 0 1 0 0 1 4.23047e-7 0 1 1.67696e-7 0 1 -1.37042e-7 0 1 -1.66333e-7 0 1 -0.9375616 -0.3478193 0 0.3481624 -0.9374343 0 -0.9372487 -0.3486617 0 0.3485773 -0.9372801 0 0.3465308 -0.9380387 0 0.937711 0.3474164 0 -0.3483244 0.9373742 0 0.9379276 0.3468312 0 0.3447061 -0.9387108 0 0.9378511 0.3470381 0 -0.3456919 0.9383482 0 0.9376127 0.3476817 0 -0.3480677 0.9374695 0 -0.9374209 -0.3481983 0 -0.3482772 0.9373916 0 -0.9539045 -0.3001105 0 0.3000779 -0.9539148 0 0.9539213 0.3000571 0 -0.3000507 0.9539234 0 1.95232e-7 0 1 -0.9329006 -0.360134 0 0.9330068 0.3598589 0 -0.3601974 0.9328761 0 0 0 1 -0.9445461 -0.3283791 0 0.3280665 -0.9446546 0 0.9445458 0.3283799 0 -0.9486296 -0.3163889 0 0.3155114 -0.9489219 0 0.9486306 0.3163857 0 -0.3155114 0.9489219 0 0 0 1 -0.9518377 -0.3066027 0 0.307417 -0.951575 0 0.9520564 0.3059231 0 -0.3071555 0.9516594 0 0 0 1 -0.9461591 -0.3237019 0 0.3233373 -0.9462839 0 0.9461593 0.3237016 0 -0.3233322 0.9462855 0 0.3347947 -0.9422912 0 0.9418706 0.335976 0 -0.3350638 0.9421955 0 0 0 1 -0.9442136 -0.3293339 0 0.3292792 -0.9442327 0 0.9440855 0.3297005 0 -0.3293336 0.9442136 0 0 0 1 0.2986934 -0.9543492 0 0.954304 0.2988376 0 -0.2986947 0.9543488 0 -1.42607e-7 0 1 -0.9431031 -0.3325005 0 0.332231 -0.943198 0 0.9431037 0.332499 0 -0.332234 0.943197 0 -0.9413589 -0.3374071 0 0.338432 -0.9409909 0 0.9412418 0.3377336 0 -0.3377061 0.9412516 0 2.16987e-7 0 1 -0.9558073 -0.2939939 0 0.2923621 -0.9563078 0 0.9560877 0.2930811 0 -0.2936258 0.9559205 0 -2.07817e-7 0 1 6.2357e-7 0 1 0.3369166 -0.9415346 0 0.3367387 -0.9415982 0 0.9415003 0.3370124 0 -0.3354936 0.9420426 0 -0.9417236 -0.3363879 0 0 0 1 -0.9517959 -0.3067323 0 0.3073477 -0.9515974 0 0.9517973 0.3067279 0 -0.3073393 0.9516 0 -0.3203663 0.9472938 0 -0.9471138 -0.320898 0 0.3203678 -0.9472933 0 0.9471164 0.3208905 0 -0.9386742 -0.3448056 0 0.3453631 -0.9384692 0 0.9387056 0.3447201 0 -0.3433002 0.9392257 0 0.3206366 -0.9472024 0 0.9474324 0.3199563 0 -0.3203893 0.947286 0 -1.98684e-7 0 1 -0.9449566 -0.3271957 0 0.3261168 -0.9453295 0 0.9449598 0.3271865 0 -0.3261246 0.9453269 0 -0.9516177 -0.3072849 0 0.9515362 0.3075369 0 -0.3073444 0.9515984 0 -2.34016e-7 0 1 -0.9418186 -0.3361218 0 0.3357011 -0.9419687 0 0.9415917 0.3367569 0 -0.3359009 0.9418973 0 0 0 1 -0.9525066 -0.3045185 0 0.3046131 -0.9524762 0 0.9525578 0.304358 0 0.9525457 0.304396 0 -0.3036655 0.9527787 0 -0.9415104 -0.3369839 0 0.3363956 -0.9417209 0 0.9414787 0.3370727 0 -0.3355814 0.9420112 0 0.9407986 0.3389661 0 -0.335494 0.9420424 0 0 0 1 0 0 1 2.37117e-7 0 1 -0.9414858 -0.3370528 0 0.3367645 -0.941589 0 -0.9420272 -0.3355365 0 0.3358993 -0.941898 0 0.9416586 0.3365698 0 -0.3369166 0.9415346 0 -0.3370836 0.9414747 0 2.28129e-7 0 1 -1.2079e-7 0 1 -0.9473377 -0.3202365 0 0.3206865 -0.9471855 0 0.9471329 0.3208416 0 -0.320244 0.9473352 0 0.9459068 0.3244387 0 -0.3199511 0.9474341 0 0 0 1 -7.13519e-7 0 1 -0.9376304 -0.347634 0 0.3476188 -0.937636 0 0.9375076 0.3479648 0 0.3514006 -0.9362252 0 0.9376771 0.3475081 0 -0.3476518 0.9376238 0 -0.9374654 -0.3480784 0 -0.3487495 0.937216 0 0 0 1 -1.85491e-7 0 1 0 0 1 -0.9436077 -0.3310658 0 0.3315858 -0.9434251 0 0.9437265 0.3307269 0 0.3307566 -0.9437162 0 0.9434841 0.3314179 0 -0.3301675 0.9439224 0 -0.9440704 -0.3297442 0 -0.3307601 0.9437149 0 -4.97781e-7 0 1 3.24715e-7 0 1 0 0 1 0.3287211 -0.9444271 0 0.9448587 0.3274784 0 -0.3271809 0.9449617 0 0.9448273 0.3275691 0 -0.3303729 0.9438506 0 -0.944786 -0.3276882 0 0.3285048 -0.9445023 0 -0.9447997 -0.3276484 0 0 0 1 -0.9735823 -0.2283364 0 0.2286698 -0.9735041 0 0.2273604 -0.9738107 0 0.9733526 0.2293138 0 0.2286632 -0.9735057 0 0.9736884 0.2278835 0 -0.2281752 0.9736202 0 0 0 1 -0.9532581 -0.3021573 0 0.302284 -0.9532179 0 0.9531826 0.3023953 0 0.3020579 -0.9532896 0 0.9533993 0.3017114 0 -0.3021132 0.9532722 0 0 0 1 3.43214e-7 0 1 6.69581e-7 0 1 -3.33345e-7 0 1 -0.9477694 -0.3189563 0 0.3192714 -0.9476634 0 0.9475885 0.3194937 0 -0.3204991 0.9472489 0 0.9476036 0.3194489 0 -0.9481645 -0.3177801 0 -0.3186804 0.9478623 0 0 0 1 -7.72721e-7 0 1 2.22598e-7 0 1 3.08678e-7 0 1 -0.3336768 0.9426876 0 -0.9428988 -0.3330796 0 -0.334218 0.9424959 0 -0.9430691 -0.332597 0 0.9429797 0.3328506 0 -0.3313781 0.9434981 0 0.9431 0.3325096 0 1.39433e-7 0 1 1.48917e-7 0 1 -1.46447e-7 0 1 -0.2615633 0.9651864 0 -0.9644697 -0.2641935 0 -0.2619995 0.9650681 0 -0.9651625 -0.2616517 0 0.2620286 -0.9650602 0 -0.9653614 -0.2609165 0 0.2615591 -0.9651876 0 0.9650715 0.261987 0 0 0 1 1.5128e-7 0 1 -0.9487758 -0.3159504 0 0.3158671 -0.9488035 0 -0.9487762 -0.315949 0 -0.3159326 0.9487817 0 -0.948617 -0.3164268 0 -0.3147498 0.9491747 0 1.21364e-7 0 1 0 0 1 5.47564e-7 0 1 -2.74243e-7 0 1 -0.9441727 -0.329451 0 0.3299453 -0.9440001 0 -0.9436082 -0.3310644 0 0.3282936 -0.9445758 0 0.9443323 0.3289934 0 0.330042 -0.9439663 0 0.9441335 0.3295632 0 -0.3300673 0.9439575 0 0 0 1 1.91909e-7 0 1 -0.5944219 -0.8041535 0 -0.5951935 -0.8035825 0 -0.8042486 0.5942931 0 0.5942825 0.8042564 0 -0.8040441 0.5945698 0 -0.5933964 -0.8049105 0 -0.8041809 0.5943847 0 -7.87283e-7 0 1 5.9048e-7 0 1 0 0 1 0 0 1 2.50871e-7 0 1 -0.8676017 0.4972598 0 -0.4969041 -0.8678055 0 -0.8683673 0.4959217 0 -0.495826 -0.8684219 0 -0.8672363 0.497897 0 -0.4978539 -0.8672609 0 0.8677425 -0.4970141 0 0.497452 0.8674916 0 -0.8671793 0.4979962 0 0.4968958 0.8678102 0 1.51665e-7 0 1 0 0 1 2.77454e-7 0 1 -1.98274e-7 0 1 -0.8378337 0.5459257 0 -0.5458192 -0.8379031 0 -0.8384566 0.5449684 0 -0.5471751 -0.8370181 0 -0.837315 0.5467207 0 -0.545901 -0.8378499 0 0.8376981 -0.5461336 0 0.5467713 0.8372821 0 0.8376066 -0.546274 0 5.22545e-7 0 1 -1.37696e-7 0 1 -1.44931e-7 0 1 4.35234e-7 0 1 0 0 1 -0.8657259 0.5005185 0 0.4997379 0.8661767 0 -0.8656843 0.5005904 0 -0.5008175 -0.865553 0 0.8668206 -0.4986202 0 -0.5004029 -0.8657927 0 0.8656986 -0.5005657 0 0.4985471 0.8668626 0 0.5007569 0.865588 0 -0.833296 0.5528272 0 -0.5528616 -0.8332731 0 0.8333008 -0.5528199 0 0.5528616 0.8332731 0 -1.51991e-7 0 1 -0.833594 0.5523777 0 -0.5526201 -0.8334333 0 0.8338898 -0.5519312 0 0.5515749 0.8341254 0 -0.8553366 0.5180728 0 0.8550467 -0.5185512 0 0.5187948 0.8548988 0 -0.8355296 0.5494456 0 -0.5496916 -0.8353677 0 0.8350595 -0.5501598 0 0.5500204 0.8351513 0 0 0 1 -0.8548709 0.518841 0 -0.5182472 -0.8552309 0 0.8548703 -0.5188418 0 0.5182495 0.8552296 0 -0.8406096 0.5416418 0 -0.5413457 -0.8408002 0 0.8406087 -0.541643 0 0.5413416 0.8408029 0 0 0 1 -0.8350017 0.5502473 0 0.835138 -0.5500404 0 0.5496858 0.8353714 0 -0.8354365 0.5495871 0 0.5522875 0.8336537 0 1.70082e-7 0 1 -1.99431e-7 0 1 1.98027e-7 0 1 -2.26835e-7 0 1 -0.836281 0.5483011 0 -0.8356937 0.5491958 0 -0.5485209 -0.8361369 0 0.8378059 -0.5459681 0 -0.5487884 -0.8359614 0 0.8364923 -0.5479789 0 0.5484028 0.8362144 0 1.33478e-7 0 1 0 0 1 -0.8573319 0.5147641 0 -0.5142705 -0.8576281 0 -0.8575188 0.5144527 0 -0.5148356 -0.857289 0 0.8573745 -0.5146932 0 0.5146329 0.8574106 0 0.8577027 -0.514146 0 0.5146072 0.8574261 0 0 0 1 2.35916e-7 0 1 0 0 1 -0.863586 0.5042017 0 -0.5053775 -0.8628984 0 -0.8638728 0.5037102 0 -0.5037086 -0.8638737 0 0.8637053 -0.5039972 0 0.5056686 0.8627279 0 0.8635288 -0.5042998 0 0.5034757 0.8640094 0 1.39337e-7 0 1 -1.48011e-7 0 1 -0.8395535 0.543277 0 -0.5429868 -0.8397414 0 -0.8397462 0.5429791 0 -0.542102 -0.8403127 0 0.839352 -0.5435885 0 -0.5422852 -0.8401946 0 0.8396423 -0.5431398 0 0.5425678 0.8400121 0 1.22995e-7 0 1 2.7255e-7 0 1 -2.1588e-7 0 1 -0.8495244 0.5275493 0 -0.5271303 -0.8497845 0 -0.8498886 0.5269625 0 -0.5277811 -0.8493805 0 -0.8493105 0.5278939 0 -0.5278232 -0.8493543 0 0.849386 -0.5277721 0 0.5275918 0.8494981 0 0 0 1 -5.28438e-7 0 1 1.86775e-7 0 1 0 0 1 1.20031e-7 0 1 -0.8137416 0.5812268 0 -0.5805692 -0.814211 0 -0.8143445 0.5803819 0 -0.5810856 -0.8138425 0 -0.813461 0.5816195 0 -0.5812894 -0.8136969 0 0.8138927 -0.5810152 0 0.8138936 -0.581014 0 0.5819346 0.8132357 0 0 0 1 -0.8065596 0.5911529 0 -0.5905656 -0.8069898 0 0.8065608 -0.5911512 0 0.5905708 0.8069859 0 -0.826195 0.5633844 0 -0.5636403 -0.8260204 0 0.8263316 -0.5631839 0 0.5626085 0.8267235 0 -0.8193599 0.5732795 0 -0.5735718 -0.8191554 0 0.8193573 -0.5732833 0 0.5735718 0.8191554 0 0 0 1 -0.5968705 -0.8023377 0 0.8024739 -0.5966874 0 0.5962308 0.8028131 0 -0.8023079 0.5969105 0 2.26954e-7 0 1 0 0 1 -0.5921133 -0.8058548 0 0.8053665 -0.5927773 0 0.5926178 0.8054838 0 -0.8056332 0.5924147 0 -0.592157 -0.8058226 0 -0.8054544 0.5926579 0 -0.5834189 -0.8121715 0 0.8120325 -0.5836123 0 0.5831981 0.81233 0 -0.812056 0.5835797 0 -0.5832522 -0.8122912 0 -0.8123136 0.5832209 0 -1.22861e-7 0 1 0 0 1 0.5900985 0.8073313 0 -0.8069825 0.5905755 0 -0.5899513 -0.8074389 0 -0.8073112 0.5901259 0 -0.7937724 0.6082149 0 -0.607506 -0.7943151 0 -0.7942157 0.6076359 0 -0.6075132 -0.7943096 0 0.7939101 -0.6080352 0 0.6080191 0.7939224 0 0 0 1 -0.7999635 0.6000487 0 -0.6002209 -0.7998343 0 0.7999771 -0.6000306 0 -0.5998426 -0.800118 0 0.7999497 -0.6000672 0 0.5999979 0.8000017 0 0 0 1 0 0 1 -0.5763545 -0.8171999 0 0.8165892 -0.5772193 0 0.5773636 0.8164873 0 -0.8170864 0.5765152 0 0.5774021 0.8164601 0 -0.8164807 0.5773729 0 -0.5773828 -0.8164737 0 -1.45754e-7 0 1 1.22127e-7 0 1 0 0 1 3.7659e-7 0 1 -0.5849196 -0.8110914 0 -0.8111643 0.5848184 0 -0.5847041 -0.8112468 0 0.8109933 -0.5850555 0 0.5834957 0.8121163 0 0.8111696 -0.5848109 0 0.5850304 0.8110114 0 -0.9815363 -0.1912765 0 0.1898603 -0.9818111 0 -0.1898713 0.981809 0 -0.9929584 -0.1184639 0 0.1181635 -0.9929943 0 0.9928552 0.1193256 0 -0.1181916 0.9929909 0 0 0 1 0 0 1 0 0 1 -0.9865226 -0.1636254 0 0.1654655 -0.9862157 0 -0.9866006 -0.1631539 0 0.1641684 -0.9864324 0 0.9865287 0.1635886 0 -0.1637303 0.9865052 0 0 0 1 -0.9889487 -0.1482589 0 0.1489028 -0.9888519 0 0.9889068 0.1485378 0 -0.1475037 0.9890615 0 -0.1152468 0.9933369 0 -0.9932951 -0.1156065 0 0.1175335 -0.9930689 0 0.9932829 0.1157109 0 0.115403 -0.9933187 0 0.9932914 0.1156381 0 -1.48026e-7 0 1 6.45178e-7 0 1 0.9806741 0.1956484 0 0.192832 -0.9812319 0 0.9806108 0.1959658 0 -0.1965907 0.9804856 0 -0.9805634 -0.1962025 0 -2.49266e-7 0 1 0 0 1 -0.9603722 -0.2787209 0 0.2786086 -0.9604048 0 0.9602202 0.279244 0 -0.2763592 0.9610545 0 0.9601824 0.2793743 0 -0.2776633 0.9606785 0 -0.9603437 -0.278819 0 -0.2792297 0.9602245 0 0.9603437 0.278819 0 -0.2791932 0.9602351 0 -0.9604325 -0.2785131 0 0 0 1 -2.35354e-7 0 1 -1.91426e-7 0 1 0 0 1 4.78716e-7 0 1 0 0 1 -0.9450267 -0.3269932 0 -0.9448969 -0.3273681 0 0.3269121 -0.9450548 0 0.9448964 0.3273698 0 0.326175 -0.9453095 0 -0.9448999 -0.3273597 0 0.327144 -0.9449745 0 0.9453395 0.3260879 0 0.3247209 -0.94581 0 0.9451509 0.3266344 0 -0.3273944 0.9448879 0 -0.9506393 -0.3102984 0 0.309906 -0.9507673 0 0.9505488 0.3105753 0 -0.3099588 0.95075 0 -0.9630284 -0.2694 0 0.2688848 -0.9631724 0 -0.2700535 0.9628453 0 -0.9423671 -0.3345806 0 0.3346197 -0.9423533 0 -0.3337752 0.9426528 0 0 0 1 -0.9504328 -0.3109301 0 0.3111217 -0.9503702 0 0.9503629 0.3111438 0 -0.3108479 0.9504597 0 -0.9522802 -0.305225 0 0.304883 -0.9523898 0 0.952281 0.305223 0 -0.3048874 0.9523884 0 0 0 1 -0.9510414 -0.3090637 0 0.3091048 -0.951028 0 0.9510416 0.3090633 0 -0.3091109 0.951026 0 1.48864e-7 0 1 -1.68752e-7 0 1 -0.9551567 -0.2961007 0 -0.9555026 -0.2949829 0 0.9550088 0.2965779 0 -0.2957849 0.9552546 0 -3.89066e-7 0 1 5.40508e-7 0 1 1.88173e-7 0 1 -0.8109614 -0.5850998 0 0.5821258 -0.8130989 0 -0.811954 -0.5837216 0 0.582368 -0.8129253 0 0.8122123 0.5833619 0 -0.5833587 0.8122148 0 0 0 1 0 0 1 -1.55795e-7 0 1 -0.9462619 -0.3234014 0 -0.3438622 -0.9390202 0 0.9463672 0.3230934 0 -0.3231642 0.946343 0 -0.3233359 0.9462843 0 -0.946815 -0.3217784 0 -0.3230983 0.9463655 0 3.26702e-7 0 1 -2.52291e-7 0 1 -1.62392e-7 0 1 0 0 1 -0.9589605 -0.2835399 0 0.2840213 -0.9588181 0 0.9589582 0.2835477 0 -0.2831898 0.959064 0 0.9587619 0.2842104 0 -0.2825865 0.9592419 0 -0.959185 -0.2827798 0 -0.283641 0.9589306 0 0 0 1 0 0 1 0.08947294 -0.9959893 0 -0.9959307 -0.09012293 0 0.09020733 -0.9959231 0 0.9958932 0.09053599 0 0.09161978 -0.9957941 0 0.09023255 -0.9959208 0 0.9958879 0.09059363 0 -0.08988052 0.9959526 0 0.9957205 0.09241628 0 -0.08912938 0.9960201 0 -0.9958816 -0.09066361 0 0 0 1 0 0 1 0 0 1 0 0 1 -2.61714e-7 0 1 0 0 1 -1.78886e-7 0 1 0 0 1 0 0 1 -3.60363e-7 0 1 0.9797453 0.2002478 0 -0.2003371 0.979727 0 -0.9797248 -0.200348 0 -0.2009171 0.9796084 0 0.9795747 0.2010807 0 -0.2001172 0.979772 0 -0.9797264 -0.2003406 0 -0.1996011 0.9798773 0 0.979788 0.2000387 0 -0.2005627 0.9796809 0 -0.9796484 -0.2007216 0 -0.2014452 0.9794999 0 0.9796496 0.2007157 0 -0.2007245 0.9796478 0 -0.9795238 -0.2013286 0 -0.2018173 0.9794232 0 -0.9796618 -0.2006559 0 -0.2009937 0.9795926 0 0.9797101 0.2004199 0 -0.2009499 0.9796015 0 -0.9796629 -0.2006507 0 -0.979766 -0.2001472 0 0.2004789 -0.979698 0 -0.9797994 -0.1999832 0 0.2002074 -0.9797536 0 0.9799075 0.1994529 0 0.2000513 -0.9797854 0 0 0 1 0 0 1 1.4652e-7 0 1 -1.30426e-7 0 1 1.30427e-7 0 1 0 0 1 -1.23035e-7 0 1 0 0 1 0 0 1 -0.9756571 -0.219302 0 -0.219425 0.9756294 0 -0.9755931 -0.2195864 0 0.2202119 -0.9754521 0 -0.9755023 -0.2199892 0 0.2202051 -0.9754536 0 0.9755725 0.2196779 0 -0.9755723 -0.2196789 0 0.2204944 -0.9753882 0 0.9754851 0.2200657 0 0.2204445 -0.9753996 0 0.2195428 -0.975603 0 0.9755712 0.2196838 0 0.2194197 -0.9756307 0 -0.9754851 -0.2200657 0 0.9755685 0.2196957 0 -0.220183 0.9754586 0 -0.9754599 -0.2201774 0 -0.2204737 0.9753929 0 0.9756566 0.2193041 0 -0.2195453 0.9756023 0 -0.9755238 -0.2198945 0 -0.219333 0.9756501 0 0.9754574 0.2201887 0 -0.219463 0.9756209 0 -0.9756574 -0.2193003 0 -0.2195807 0.9755944 0 0.9755927 0.2195882 0 -0.2189769 0.9757301 0 -0.9762114 -0.2168215 0 0.2164739 -0.9762885 0 0.9763395 0.2162436 0 -0.955547 -0.2948393 0 0.2947919 -0.9555615 0 0.9555411 0.2948579 0 0 0 1 -0.3006836 0.953724 0 -0.9534999 -0.3013935 0 0.3000302 -0.9539297 0 0.9539029 0.3001156 0 -0.9512892 -0.3083003 0 0.3084055 -0.9512551 0 0.9512894 0.3082995 0 -0.3084058 0.951255 0 1.82002e-7 0 1 -0.9481531 -0.3178138 0 0.3177516 -0.9481741 0 -0.3179981 0.9480915 0 -0.955013 -0.2965639 0 0.2960356 -0.955177 0 0.9551665 0.2960693 0 -0.2961753 0.9551336 0 -0.9549944 -0.2966239 0 -1.83371e-7 0 1 0 0 1 2.12356e-7 0 1 -2.82324e-7 0 1 -0.9542358 -0.2990553 0 0.2990409 -0.9542403 0 0.9542385 0.2990466 0 -0.2991456 0.9542075 0 -0.2989817 0.9542589 0 -0.2990102 0.95425 0 1.94342e-7 0 1 -1.57099e-7 0 1 2.15488e-7 0 1 -0.9537618 -0.300564 0 0.2997035 -0.9540325 0 -0.9539 -0.3001247 0 0.300408 -0.9538109 0 0.9539673 0.2999108 0 0.2992848 -0.9541639 0 0.9538909 0.3001539 0 -0.3005946 0.9537521 0 0.9539907 0.2998365 0 -0.3000288 0.9539301 0 4.72344e-7 0 1 0 0 1 -1.54016e-7 0 1 0 0 1 0 0 1 4.96637e-7 0 1 0 0 1 -1.55689e-7 0 1 0.951416 0.3079086 0 -0.3085665 0.9512029 0 -0.3078286 0.9514418 0 -0.9515325 -0.3075483 0 -0.3078104 0.9514478 0 -0.9514534 -0.3077931 0 -0.3078668 0.9514295 0 -0.9512867 -0.3083079 0 0.3076598 -0.9514965 0 -0.9514939 -0.3076676 0 0.3080263 -0.9513779 0 0.9512649 0.3083752 0 0.3117021 -0.9501799 0 0.3099164 -0.950764 0 0.9515044 0.3076353 0 0.3032372 -0.9529152 0 -0.9589247 -0.2836611 0 0.2825745 -0.9592455 0 0.9588581 0.2838856 0 -0.9529715 -0.3030601 0 0.3032043 -0.9529256 0 0.9529768 0.3030434 0 -0.3032031 0.952926 0 0 0 1 -0.9528878 -0.3033233 0 0.3028506 -0.9530381 0 0.9528904 0.3033151 0 -0.3028509 0.953038 0 0 0 1 -1.37863e-7 0 1 -2.04255e-7 0 1 -0.9583453 -0.2856124 0 0.2852506 -0.9584529 0 -0.9586672 -0.2845301 0 0.2852224 -0.9584615 0 0.9584183 0.2853672 0 -0.2834067 0.9589998 0 0.9583799 0.2854964 0 -0.2857251 0.9583117 0 -5.78326e-7 0 1 -1.97357e-7 0 1 0 0 1 -0.9486212 -0.3164142 0 0.315778 -0.9488331 0 -0.9486799 -0.3162381 0 -0.3153386 0.9489793 0 -0.9488173 -0.3158258 0 0.3161305 -0.9487158 0 0.9486942 0.3161952 0 -0.3160884 0.9487298 0 -0.3159976 0.9487601 0 -0.3163928 0.9486284 0 0 0 1 0 0 1 -5.60825e-7 0 1 -0.9422925 -0.3347909 0 0.3349452 -0.9422377 0 0.9421207 0.3352741 0 -0.3350812 0.9421893 0 0.9423544 0.3346167 0 -0.3337534 0.9426605 0 -0.3347692 0.9423002 0 0.9421389 0.3352228 0 0.335826 -0.9419242 0 0.9422866 0.3348074 0 -0.3348882 0.9422579 0 -5.82296e-7 0 1 0 0 1 -1.32717e-7 0 1 0 0 1 -1.45829e-7 0 1 2.2925e-7 0 1 -0.9437355 -0.3307012 0 -0.9436067 -0.3310684 0 -0.3317986 0.9433503 0 -0.94379 -0.3305458 0 0.3310518 -0.9436126 0 -0.9435526 -0.3312227 0 0.3307594 -0.9437152 0 0.9436699 0.3308888 0 -0.3322013 0.9432086 0 0.9435539 0.3312191 0 -0.9434077 -0.3316354 0 -0.3307724 0.9437106 0 0.9430931 0.3325289 0 -0.3303819 0.9438474 0 0 0 1 -2.3132e-7 0 1 2.20672e-7 0 1 -1.99515e-7 0 1 0 0 1 0 0 1 0 0 1 -0.9551044 -0.2962697 0 0.2968127 -0.9549357 0 -0.9555791 -0.294735 0 0.2956811 -0.9552868 0 -0.9547702 -0.297345 0 0.296041 -0.9551753 0 0.9551047 0.2962685 0 -0.2961975 0.9551268 0 0.9552036 0.2959496 0 -0.295387 0.9553778 0 0.9550912 0.2963121 0 -0.2957875 0.9552538 0 -0.9552576 -0.2957751 0 -0.2970725 0.954855 0 -0.9548146 -0.2972022 0 -0.9548146 -0.2972022 0 -0.9548146 -0.2972022 0 -0.2959918 0.9551905 0 0 0 1 0 0 1 0 0 1 0 0 1 -3.00134e-7 0 1 6.07587e-7 0 1 -6.16955e-7 0 1 6.2093e-7 0 1 0 0 1 1.27513e-7 0 1 0 0 1 0.3183866 -0.947961 0 -0.9480964 -0.317983 0 0.3186506 -0.9478723 0 0.9999635 -0.008545815 0 0.9479233 0.318499 0 -0.3246128 0.9458471 0 0.8969771 0.4420773 0 0.6952587 0.7187596 0 0.5607647 0.8279752 0 0.4144265 0.9100829 0 -0.09340459 0.9956282 0 0.942753 0.3334921 0 -0.3316319 0.9434089 0 -0.943412 -0.3316231 0 0.3316321 -0.9434088 0 -0.9488509 -0.3157245 0 -0.3185731 0.9478984 0 -0.3182545 0.9480053 0 -0.9432434 -0.3321024 0 0.3331388 -0.9428778 0 0.9430732 0.3325853 0 -0.3323452 0.9431579 0 -0.9432894 -0.3319715 0 0.333066 -0.9429035 0 0.9432899 0.3319705 0 -0.3330737 0.9429008 0 -0.9413782 -0.3373532 0 0.3371238 -0.9414603 0 0.9413768 0.3373569 0 -0.3371266 0.9414593 0 0 0 1 0.3295211 -0.9441483 0 -0.3311225 0.9435878 0 0.3325569 -0.9430833 0 0.9432386 0.3321162 0 -0.3325537 0.9430843 0 0 0 1 -0.9690006 -0.2470585 0 0.2470468 -0.9690036 0 0.9691981 0.2462825 0 -0.2468597 0.9690513 0 -0.930324 -0.366739 0 0.3660367 -0.9306005 0 0.9304616 0.3663895 0 -0.3658313 0.9306813 0 -0.9652623 -0.2612828 0 0.2612694 -0.965266 0 0.9652628 0.2612811 0 -0.2612711 0.9652655 0 0 0 1 0 0 1 0 0 1 0 0 1 0.9596919 0.2810544 0 -0.2811685 0.9596584 0 -0.9597079 -0.2809997 0 0.2804846 -0.9598585 0 0.9595352 0.2815888 0 0.2805121 -0.9598504 0 -0.9596474 -0.281206 0 0.2811558 -0.9596621 0 0 0 1 -0.9872468 -0.1591973 0 0.1593397 -0.9872239 0 0.9872468 0.1591972 0 -0.9961153 -0.08805978 0 0.08755797 -0.9961595 0 0.9962034 0.08705633 0 -0.08747494 0.9961667 0 0 0 1 0 0 1 -0.1480354 0.9889821 0 -0.9889668 -0.1481375 0 -0.9889955 -0.1479455 0 -0.9892839 -0.1460047 0 0.1478274 -0.9890132 0 0.1475735 -0.9890511 0 0.1489402 -0.9888463 0 0.9889975 0.1479322 0 0.9890048 0.1478835 0 -0.1476785 0.9890355 0 0.1270673 -0.9918942 0 0.1298028 -0.9915398 0 0.7614543 0.6482186 0 -0.1289191 0.9916552 0 -0.9919769 -0.1264201 0 2.66824e-7 0 1 -2.48208e-7 0 1 0.9889956 0.1479455 0 -0.1446169 0.9894877 0 -0.1494731 0.9887659 0 -0.9889982 -0.1479277 0 0.1474817 -0.9890648 0 0.1512309 -0.9884986 0 3.16323e-7 0 1 -0.1304041 0.9914609 0 -0.990621 -0.1366385 0 -0.9906526 -0.1364099 0 -0.1321744 -0.9912265 0 0.9893304 0.1456897 0 0.9911902 0.132447 0 0 0 1 0 0 1 -0.9978758 -0.06514585 0 -0.9943313 0.1063262 0 -0.9985933 0.05302286 0 -0.06971365 -0.9975671 0 0.9965289 -0.08324795 0 -0.05052661 -0.9987227 0 0.09095704 0.9958549 0 0.9977432 0.06714606 0 -0.07691985 0.9970373 0 0 0 1 -0.9968017 -0.07991409 0 0.07991361 -0.9968019 0 0.9968015 0.0799176 0 -0.0799126 0.9968019 0 -0.9968344 -0.07950574 0 0.07926905 -0.9968533 0 0.9968041 0.07988518 0 -0.07991588 0.9968016 0 0 0 1 2.35468e-7 0 1 0 0 1 -0.991804 -0.1277689 0 0.9918298 0.1275688 0 -0.1281126 0.9917597 0 0.991908 0.1269587 0 -0.1272754 0.9918675 0 -0.991711 -0.128489 0 -0.1275089 0.9918375 0 -0.9917705 -0.128029 0 -0.1272425 0.9918717 0 -2.53301e-7 0 1 0 0 1 0 0 1 -1.87481e-7 0 1 -0.9905604 -0.1370773 0 0.1368994 -0.990585 0 0.9905499 0.1371527 0 -0.1372866 0.9905314 0 0.9906848 0.1361755 0 -0.1357296 0.9907459 0 -0.9906839 -0.1361826 0 -0.1367983 0.9905989 0 -0.9907453 -0.1357343 0 -0.1374958 0.9905024 0 0 0 1 0.4290344 0.9032883 0 -0.9032634 0.4290865 0 -0.4291182 -0.9032484 0 0 0 1 3.62099e-7 0 1 0.5853018 0.8108156 0 -0.8112915 0.584642 0 0.5855811 0.8106139 0 -0.8112417 0.5847111 0 -0.5835464 -0.81208 0 -0.811136 0.5848577 0 -0.584688 -0.8112583 0 0 0 1 -0.6333947 -0.7738289 0 0.7738178 -0.6334083 0 0.6331476 0.7740311 0 -0.7742087 0.6329305 0 -4.68001e-7 0 1 -2.15117e-7 0 1 0.6222211 0.7828416 0 -0.7825738 0.6225579 0 -0.3823298 -0.9240261 0 -0.7895388 0.6137006 0 -0.6134133 -0.789762 0 0.7893002 -0.6140075 0 0.7812172 -0.6242594 0 -1.64789e-7 0 1 0.5773171 0.8165202 0 -0.8166885 0.5770789 0 -0.5769305 -0.8167933 0 0.816881 -0.5768063 0 0.7866333 -0.6174205 0 0.6174014 0.7866484 0 -0.7862358 0.6179268 0 -0.6183876 -0.7858734 0 0 0 1 0.601507 0.7988675 0 -0.6015037 -0.79887 0 -1.56027e-7 0 1 0.5575385 0.8301511 0 -0.8309459 0.5563535 0 -0.5562943 -0.8309855 0 0.8306834 -0.5567454 0 0 0 1 -2.12337e-7 0 1 0 0 1 -0.8239318 0.5666891 0 0.563206 0.8263165 0 -0.8253793 0.5645787 0 0.8255566 -0.5643193 0 -0.5646532 -0.8253282 0 0.8258057 -0.563955 0 0.5906359 0.8069382 0 -0.8063835 0.5913932 0 -0.5914024 -0.8063766 0 0.8067288 -0.5909218 0 0.5912205 0.80651 0 0.8064054 -0.5913631 0 0.5906264 0.8069452 0 -0.8070256 0.5905166 0 -0.5908811 -0.8067588 0 0.8067892 -0.5908394 0 0.5797636 0.8147848 0 -0.8149935 0.57947 0 -0.5800924 -0.8145508 0 0.8148002 -0.579742 0 -2.97935e-7 0 1 -0.9947245 -0.1025828 0 0.1021017 -0.9947741 0 0.9946734 0.1030779 0 -0.1022354 0.9947603 0 0 0 1 -0.153033 0.9882211 0 -0.1545984 0.9879775 0 -0.155115 0.9878965 0 -0.9879515 -0.1547639 0 0.1543303 -0.9880194 0 1.34951e-7 0 1 4.43171e-7 0 1 0 0 1 0 0 1 5.28493e-7 0 1 -0.7870778 0.6168539 0 -0.6169138 -0.7870308 0 -0.7874233 0.6164127 0 -0.6167294 -0.7871752 0 -0.7865864 0.6174804 0 -0.6162407 -0.787558 0 0.7872357 -0.6166522 0 0.6165663 0.787303 0 0.7875973 -0.6161904 0 0.6166927 0.7872041 0 0 0 1 -0.8095868 0.5870001 0 -0.5867199 -0.80979 0 0.809588 -0.5869987 0 0.5867227 0.8097879 0 -0.7956193 0.6057971 0 0.7952833 -0.606238 0 0.6067515 0.7948916 0 -0.8154565 0.5788185 0 -0.5786272 -0.8155922 0 0.6048519 0.7963381 0 0 0 1 -0.7734434 0.6338655 0 -0.6338205 -0.7734802 0 0.7736476 -0.6336163 0 0.6330343 0.7741238 0 -0.7730711 0.6343194 0 0.6336033 0.7736581 0 -0.5845924 -0.8113272 0 0.8111772 -0.5848004 0 -0.811398 0.5844941 0 0.5863048 0.8100906 0 -0.8116024 0.5842103 0 0 0 1 -0.8026576 0.5964401 0 -0.5972512 -0.8020542 0 0.8021549 -0.597116 0 0.5970841 0.8021788 0 -0.8005737 0.5992344 0 0.5975627 0.8018222 0 0 0 1 -0.9966722 -0.08151507 0 0.08104121 -0.9967108 0 0.9966824 0.08139067 0 0.07744598 -0.9969966 0 0.9966699 0.08154326 0 -0.08024823 0.9967749 0 -1.19645e-6 0 1 -0.8012264 0.5983613 0 -0.5982257 -0.8013277 0 0.8008891 -0.5988127 0 0.6008817 0.7993381 0 0 0 1 -1.25921e-7 0 1 -0.7776243 0.6287294 0 -0.6290031 -0.7774028 0 0.7785475 -0.6275857 0 0.6296474 0.7768811 0 0.7775788 -0.6287855 0 0.6280377 0.778183 0 0 0 1 -0.3300477 0.9439643 0 -0.9441823 -0.3294235 0 0.9441895 0.3294029 0 0 0 1 0.9431564 0.3323493 0 -0.3327014 0.9430323 0 -0.9430756 -0.3325784 0 0.332815 -0.9429922 0 0 0 1 0 0 1 -0.9816506 -0.1906884 0 0.1914986 -0.981493 0 0.1904888 -0.9816894 0 0.9816508 0.1906877 0 -0.1910654 0.9815774 0 0 0 1 0 0 1 0.9496822 0.3132151 0 -0.3123291 0.9499741 0 0.9496956 0.3131746 0 -0.3133787 0.9496282 0 -0.9497483 -0.3130149 0 0.3130186 -0.949747 0 -1.85002e-7 0 1 -0.9582104 -0.2860646 0 0.2851028 -0.958497 0 0.9582806 0.2858292 0 -0.2876747 0.9577282 0 0 0 1 0.3106855 -0.9505129 0 0.9504989 0.3107281 0 -0.3102548 0.9506535 0 -0.9505816 -0.3104752 0 1.43898e-7 0 1 -1.48424e-7 0 1 0 0 1 0 0 1 1.32287e-7 0 1 0 0 1 0 0 1 0 0 1 0 0 1 0 0 1 0 0 1 0 0 1 0 0 1 1.68795e-7 0 1 -0.9483533 -0.3172163 0 -0.3176659 0.9482027 0 -0.3170446 0.9484106 0 -0.9997737 -0.02127653 0 -0.9997846 -0.02075433 0 -0.8466531 -0.5321453 0 -0.8468097 -0.5318959 0 0.3175464 -0.9482429 0 0.9483035 0.3173651 0 -0.3170297 0.9484157 0 0.9478345 0.3187628 0 0.9489015 0.3155725 0 0.9480454 0.3181354 0 0.3180254 -0.9480822 0 0.9482585 0.3174995 0 0.948283 0.3174263 0 0.9482828 0.3174269 0 -0.3176609 0.9482045 0 -0.9482433 -0.3175448 0 -0.3171983 0.9483593 0 0.9479186 0.3185126 0 -0.3173921 0.9482944 0 -0.9481524 -0.317816 0 0.3175299 -0.9482483 0 -0.9478045 -0.3188523 0 -0.8805919 0.4738755 0 -0.9984771 0.05516982 0 -0.9984962 0.05482083 0 0.3173057 -0.9483233 0 -0.3239192 0.9460847 0 -0.9458344 -0.3246495 0 0.3239213 -0.9460841 0 0.9458307 0.3246605 0 -1.28382e-7 0 1 0.946671 0.3222023 0 -0.3222824 0.9466437 0 -0.9464709 -0.3227895 0 0.3227882 -0.9464713 0 -0.2922152 0.9563526 0 -0.9559632 -0.2934868 0 0.2941221 -0.9557679 0 0.955902 0.2936859 0 -0.9408808 -0.3387379 0 0.3388142 -0.9408533 0 0.9406743 0.3393112 0 -0.3390367 0.9407732 0 0 0 1 1.33251e-7 0 1 0 0 1 -0.9432748 -0.332013 0 0.3325688 -0.9430791 0 -0.9434797 -0.3314304 0 0.3322992 -0.9431741 0 0.9433088 0.3319168 0 -0.3316619 0.9433984 0 0 0 1 -0.9969176 -0.07845628 0 0.07768762 -0.9969778 0 0.9969215 0.07840609 0 -0.07940864 0.9968422 0 -0.9969211 -0.07841122 0 0.07763195 -0.9969821 0 0.9969044 0.07862478 0 -0.07768332 0.9969781 0 0 0 1 -0.9969175 -0.07845818 0 0.07768815 -0.9969778 0 0.9969214 0.0784083 0 -0.07939946 0.9968429 0 0 0 1 0 0 1 0 0 1 0 0 1 0 0 1 -0.07869529 0.9968988 0 -0.9968362 -0.07948338 0 -0.07915592 0.9968623 0 -0.9968721 -0.07903182 0 0.08073586 -0.9967356 0 -0.9968935 -0.07876163 0 0.07927608 -0.9968527 0 0.07926332 -0.9968537 0 0.9968562 0.07923275 0 0.07921808 -0.9968573 0 0.9968602 0.0791825 0 2.09349e-7 0 1 -0.8098232 0.5866742 0 0.8098859 -0.5865876 0 0.5875111 0.8092162 0 0 0 1 0.1490706 -0.9888266 0 0.989056 0.1475409 0 -0.1472266 0.9891028 0 0 0 1 0.07754737 -0.9969887 0 0.9969886 0.07754921 0 -0.07733666 0.9970051 0 0 0 1 0 0 1 -0.04244858 -0.9990987 0 0.9991083 -0.04222112 0 0.04245048 0.9990987 0 -0.9991045 0.04231125 0 -0.04246836 -0.9990978 0 -0.9991038 0.04232835 0 0.04246866 0.9990978 0 -0.9991132 0.04210513 0 0 0 1 0.3451068 -0.9385634 0 0.9766904 0.2146534 0 -0.2151816 0.9765741 0 -0.9766576 -0.2148028 0 -0.3720933 0.9281954 0 -0.9253032 -0.3792282 0 0 0 1 0 0 1 0 0 1 0 0 1 0 0 1 -0.9888786 -0.1487252 0 0.1356619 -0.9907553 0 -0.9881611 -0.1534203 0 0.1388601 -0.990312 0 -0.1760701 -0.9843777 0 0.9729967 -0.2308194 0 0.1301215 0.9914981 0 0.9853442 -0.1705782 0 0.22624 0.9740717 0 -0.1039124 0.9945865 0 0.9896247 0.1436772 0 -0.1681728 0.9857576 0 0 0 1 -0.9984488 -0.05567926 0 0.05658304 -0.9983979 0 0.9983801 0.05689698 0 -0.05659192 0.9983975 0 0 0 1 0 0 1 -0.9894467 -0.1448975 0 0.1452127 -0.9894005 0 0.1374518 -0.9905084 0 0.1560602 -0.9877476 0 0.9894779 0.1446841 0 -0.1446179 0.9894877 0 0 0 1 -1.36753e-7 0 1 -0.9905495 -0.1371567 0 -0.990516 -0.1373974 0 0.1545985 -0.9879774 0 0.9915732 0.1295484 0 0.9916447 0.129 0 -0.981872 -0.1895458 0 0.1901742 -0.9817504 0 0.9818723 0.1895436 0 -0.1901777 0.9817497 0 -1.55476e-7 0 1 0.3237189 -0.9461534 0 0.9467331 0.3220197 0 -0.3237099 0.9461565 0 2.0461e-7 0 1 -0.9446305 -0.3281363 0 0.3266821 -0.9451343 0 0.9449136 0.32732 0 -0.3280448 0.9446623 0 -2.73265e-7 0 1 1.23945e-7 0 1 -3.30719e-7 0 1 -3.57865e-7 0 1 0 0 1 -0.8182031 0.5749293 0 -0.5750645 -0.8181081 0 -0.8182247 0.5748987 0 -0.5748914 -0.8182298 0 -0.8184003 0.5746486 0 -0.5733485 -0.8193117 0 -0.8182453 0.5748693 0 0.8180753 -0.5751112 0 0.5772339 0.8165789 0 0.8182011 -0.5749321 0 0.5748793 0.8182384 0 0.8190418 -0.5737339 0 0.5748534 0.8182565 0 -0.8192632 0.5734176 0 0.5754954 0.8178051 0 3.57834e-7 0 1 0 0 1 -6.30549e-7 0 1 0 0 1 0 0 1 7.31657e-7 0 1 -0.7898383 0.6133152 0 -0.6152662 -0.7883195 0 -0.789685 0.6135126 0 -0.7903843 0.6126114 0 -0.6128507 -0.7901988 0 0.7901846 -0.612869 0 0.6131761 0.7899463 0 -0.7905066 0.6124536 0 0.6118681 0.7909599 0 -1.35978e-7 0 1 0 0 1 -0.8094913 0.587132 0 -0.5890592 -0.80809 0 -0.8097282 0.5868053 0 -0.5864169 -0.8100095 0 -0.5890592 -0.80809 0 0.5861843 0.8101778 0 -0.5905359 -0.8070115 0 0.8072601 -0.590196 0 0.5905422 0.8070068 0 -1.59337e-7 0 1 0 0 1 0 0 1 -0.818254 0.574857 0 -0.5746762 -0.818381 0 -0.818136 0.5750249 0 -0.574764 -0.8183193 0 0.818792 -0.5740905 0 0.5721192 0.8201706 0 0.5744965 0.8185071 0 -0.8177795 0.5755317 0 0.573345 0.8193141 0 -1.9175e-7 0 1 -2.92388e-7 0 1 3.68022e-7 0 1 1.73553e-7 0 1 -3.30157e-7 0 1 2.12429e-7 0 1 0 0 1 -0.8269287 0.5623068 0 -0.5634515 -0.8261492 0 -0.8266409 0.5627298 0 -0.5628622 -0.8265509 0 -0.8267113 0.5626264 0 -0.5624979 -0.8267988 0 0.8267062 -0.5626341 0 0.560142 0.8283966 0 0.8269172 -0.5623239 0 0.5622548 0.8269641 0 -0.8278223 0.5609906 0 -0.8273981 0.561616 0 0.5632803 0.826266 0 0 0 1 0 0 1 -0.8199313 0.5724619 0 -0.5723109 -0.8200368 0 0.819922 -0.5724754 0 0.5703229 0.8214206 0 0.8204122 -0.5717725 0 0.5722686 0.8200663 0 -0.8199613 0.5724191 0 0.5717643 0.820418 0 -1.4707e-7 0 1 0 0 1 -0.8123435 0.5831792 0 -0.5837079 -0.8119637 0 0.8123298 -0.5831983 0 -0.5837607 -0.8119259 0 0.8120674 -0.5835636 0 -0.5837618 -0.811925 0 0.8122742 -0.583276 0 0.583643 0.8120104 0 -0.8117682 0.5839799 0 0.5842739 0.8115565 0 2.31232e-7 0 1 6.8554e-7 0 1 -1.28469e-7 0 1 -4.73302e-7 0 1 2.91273e-7 0 1 -0.8151973 0.5791835 0 -0.5791931 -0.8151904 0 -0.08688259 -0.9962186 0 0.8168045 -0.5769147 0 -0.5765798 -0.8170409 0 0.8153548 -0.5789618 0 0.5762127 0.8172999 0 0.8155888 -0.5786321 0 0.5796301 0.8148797 0 0.8417245 -0.5399074 0 0.5634056 0.8261805 0 0.8312982 -0.5558267 0 0.5880269 0.8088415 0 0 0 1 -1.64968e-7 0 1 -0.8244394 0.5659503 0 -0.5658675 -0.8244962 0 0.8243247 -0.5661175 0 -0.5656403 -0.8246521 0 0.8246458 -0.5656495 0 0.5654208 0.8248027 0 0.8233125 -0.5675883 0 0.5658336 0.8245195 0 -2.27022e-7 0 1 -0.9485782 -0.316543 0 0.30098 -0.9536305 0 0.9533351 0.3019142 0 0.9519636 0.3062116 0 -0.3027485 0.9530706 0 -0.9465284 -0.3226207 0 0.3219929 -0.9467421 0 0.9467579 0.3219465 0 -0.3226487 0.9465188 0 -0.9474056 -0.3200355 0 0.3196766 -0.9475268 0 0.9474904 0.3197845 0 -0.3194365 0.9476077 0 0 0 1 -0.9935671 -0.1132463 0 0.1129682 -0.9935987 0 0.9935456 0.1134338 0 -0.1245394 0.9922147 0 0 0 1 0 0 1 -0.8647031 -0.5022833 0 0.5021849 -0.8647604 0 0.8650353 0.5017113 0 0.5027396 -0.8644381 0 0.8638426 0.5037618 0 0.864618 0.5024299 0 -0.5024334 0.8646159 0 -0.3611743 0.9324983 0 -0.9323676 -0.3615119 0 0 0 1 1.4354e-7 0 1 1.57111e-7 0 1 0.8669613 -0.4983757 0 0.498912 0.8666526 0 -0.8668887 0.4985018 0 -0.4987638 -0.866738 0 -0.8670848 0.4981607 0 -0.8674445 0.4975342 0 -0.4981186 -0.8671089 0 0.8670026 -0.4983037 0 0.4982119 0.8670554 0 0.8666139 -0.4989792 0 0.4982841 0.8670138 0 -2.09574e-7 0 1 4.55009e-7 0 1 1.23474e-7 0 1 1.55884e-7 0 1 -1.42657e-7 0 1 -0.5497723 -0.8353147 0 0.8350167 -0.5502247 0 -0.5520674 -0.8337995 0 0.8350697 -0.5501441 0 0.5520927 0.8337828 0 0.8350881 -0.5501162 0 0.5500513 0.8351309 0 0.8339675 -0.5518137 0 0.5493161 0.8356147 0 -0.8350011 0.5502483 0 -0.8348924 0.5504132 0 1.36587e-7 0 1 -1.1038e-6 0 1 0 0 1 -1.79858e-7 0 1 0.8265267 -0.5628977 0 0.5693116 0.8221218 0 0.8260435 -0.5636066 0 0.5634765 0.8261322 0 -0.8272569 0.561824 0 0.5630992 0.8263893 0 -0.8260809 0.5635516 0 0 0 1 0 0 1 0 0 1 0.5338158 0.8456008 0 -0.8461559 0.5329356 0 0.5336561 0.8457017 0 -0.845849 0.5334225 0 -0.5347953 -0.8449817 0 -0.8456499 0.533738 0 -0.5335984 -0.8457381 0 0.8457385 -0.5335975 0 0 0 1 1.31725e-7 0 1 0.5175415 0.8556581 0 -0.8553524 0.5180469 0 0.5177486 0.8555329 0 -0.8555935 0.5176483 0 -0.8555952 0.5176455 0 -0.518083 -0.8553304 0 0.8555727 -0.5176829 0 3.54666e-7 0 1 -0.4883466 -0.8726499 0 0.8724299 -0.4887394 0 0.4892295 0.8721552 0 -0.8722355 0.4890861 0 0.4895637 0.8719677 0 -0.87247 0.4886679 0 -0.4886984 -0.8724528 0 0.8723588 -0.4888662 0 -0.5608139 -0.8279419 0 0.8284809 -0.5600174 0 0 0 1 0 0 1 0 0 1 2.17211e-7 0 1 3.11531e-7 0 1 -0.5036019 -0.8639359 0 0.8642395 -0.5030809 0 0.5037971 0.8638221 0 0.864219 -0.503116 0 -0.5035759 -0.863951 0 0.8639053 -0.5036545 0 0.5034993 0.8639957 0 -0.8631306 0.5049811 0 0.5035406 0.8639716 0 -0.5004433 -0.8657693 0 -0.8635628 0.5042414 0 -1.40083e-7 0 1 0 0 1 0 0 1 -2.02872e-7 0 1 0 0 1 1.69043e-7 0 1 0.8528549 -0.5221481 0 0.5214272 0.8532958 0 0.8531891 -0.5216017 0 0.8528808 -0.5221056 0 0.5216666 0.8531495 0 -0.8524928 0.5227392 0 0.519958 0.8541918 0 -0.8528059 0.5222281 0 -0.5215635 -0.8532125 0 -0.5216363 -0.853168 0 -1.93101e-6 0 1 0 0 1 0 0 1 0.3947733 0.9187787 0 -0.9179965 0.3965885 0 0.3960228 0.9182407 0 -0.9186598 0.3950499 0 -0.4065632 -0.9136227 0 -0.918515 0.3953862 0 -0.394898 -0.918725 0 0.9187 -0.3949562 0 0.3950166 0.918674 0 0.9186285 -0.3951225 0 -0.3950236 -0.9186711 0 0.9187632 -0.394809 0 -1.32648e-7 0 1 0.6399951 0.768379 0 -0.6397616 -0.7685735 0 0.7687764 -0.6395177 0 2.81411e-7 0 1 0 0 1 -2.49353e-7 0 1 0.8528435 -0.5221666 0 0.5219013 0.853006 0 0.5225957 0.8525807 0 -0.8528969 0.5220795 0 -0.8528441 0.5221657 0 -0.5227512 -0.8524854 0 3.96219e-7 0 1 0.8660706 -0.4999218 0 0.5003215 0.8658398 0 -0.8661495 0.4997851 0 -0.4993379 -0.8664073 0 -0.86579 0.5004077 0 -0.500971 -0.8654641 0 0.7426187 -0.6697145 0 -0.742896 0.6694069 0 -0.6695289 -0.7427861 0 0 0 1 0.8388996 -0.5442863 0 0.5442041 0.8389529 0 -0.8387774 0.5444746 0 -0.5440728 -0.8390381 0 0 0 1 -0.7295652 0.6839113 0 -0.6838126 -0.7296577 0 0.7295595 -0.6839174 0 0.6838077 0.7296622 0 -1.47598e-7 0 1 2.26916e-7 0 1 0 0 1 -0.535799 -0.8443457 0 0.8447854 -0.5351054 0 0.5355972 0.8444737 0 -0.844609 0.5353837 0 -0.5355079 -0.8445302 0 -0.8446577 0.5353069 0 0.8446819 -0.5352686 0 1.37726e-7 0 1 5.56466e-7 0 1 -8.03675e-7 0 1 1.45753e-7 0 1 0.3992937 0.9168231 0 -0.9174824 0.3977767 0 0.3975594 0.9175765 0 -0.9168584 0.3992127 0 -0.3942908 -0.9189858 0 -0.917701 0.3972718 0 0.4022655 0.9155231 0 -0.9169482 0.3990064 0 -0.3990566 -0.9169263 0 0.9169538 -0.3989936 0 2.49808e-7 0 1 0 0 1 0 0 1 0 0 1 0.7749714 -0.6319963 0 0.6309409 0.775831 0 0.7745334 -0.6325331 0 0.6320813 0.7749021 0 -0.7753578 0.6315222 0 -0.6310465 -0.7757451 0 -0.7750595 0.6318883 0 -0.6320109 -0.7749595 0 3.21578e-7 0 1 0.7297548 0.6837091 0 -0.683031 0.7303895 0 -0.7297533 -0.6837106 0 0.683019 -0.7304007 0 1.33369e-7 0 1 -1.35575e-7 0 1 -0.8403309 0.5420738 0 0.5407708 0.8411701 0 0.5417388 0.840547 0 -0.8406916 0.5415142 0 -0.5415387 -0.8406758 0 0.8410342 -0.5409819 0 0 0 1 -1.90426e-7 0 1 0.6268579 0.7791337 0 -0.778254 0.6279496 0 0.6260601 0.779775 0 -0.7784121 0.6277538 0 -0.778699 0.6273978 0 -0.6271163 -0.7789257 0 0.7788085 -0.6272616 0 -1.40393e-7 0 1 0 0 1 -0.5644109 -0.8254941 0 0.8252583 -0.5647554 0 0.5661919 0.8242735 0 0.8251777 -0.5648732 0 0.5638916 0.8258489 0 -0.8252097 0.5648266 0 3.89943e-7 0 1 0.6341149 0.773239 0 -0.6354098 -0.7721752 0 0.7720456 -0.6355672 0 0.6357719 0.7718771 0 -0.7720821 0.6355228 0 0.6620476 0.7494618 0 -0.6620023 -0.7495019 0 0.7494109 -0.6621052 0 0.661982 0.7495198 0 -0.7491964 0.662348 0 0 0 1 1.64784e-7 0 1 -2.57122e-7 0 1 -0.6366413 -0.7711602 0 0.7709403 -0.6369075 0 0.6355095 0.7720932 0 0.7709355 -0.6369134 0 0.6368661 0.7709746 0 -0.7709341 0.6369151 0 0 0 1 0.6870276 -0.7266313 0 0.726554 0.6871094 0 -0.6870222 0.7266365 0 0.7718325 -0.6358261 0 0.6360859 0.7716183 0 -0.7718361 0.6358217 0 -0.6360852 -0.7716189 0 0.301842 -0.953358 0 0.9538536 0.3002722 0 -0.2990131 0.954249 0 -0.9540712 -0.2995801 0 -0.9750344 -0.2220543 0 0.9750803 0.2218528 0 -0.2220745 0.9750298 0 -0.2094012 0.9778299 0 -0.977951 -0.2088345 0 0.2078467 -0.9781615 0 0.9778633 0.2092452 0 -0.2093999 0.9778301 0 -0.9779511 -0.2088344 0 0.209401 -0.9778299 0 0.9779496 0.2088414 0 -0.2092621 0.9778596 0 -0.9777824 -0.2096226 0 0.209407 -0.9778286 0 0.9779525 0.2088276 0 -0.2079848 0.9781321 0 -0.9778608 -0.2092569 0 0.2094095 -0.9778281 0 0.977785 0.2096107 0 0 0 1 0.9916264 0.1291402 0 -0.1296453 0.9915605 0 -0.9915978 -0.1293596 0 0.1296809 -0.9915558 0</float_array>
          <technique_common>
            <accessor source="#Areas_building-mesh-normals-array" count="5021" stride="3">
              <param name="X" type="float"/>
              <param name="Y" type="float"/>
              <param name="Z" type="float"/>
            </accessor>
          </technique_common>
        </source>
        <vertices id="Areas_building-mesh-vertices">
          <input semantic="POSITION" source="#Areas_building-mesh-positions"/>
        </vertices>
        <triangles count="6052">
          <input semantic="VERTEX" source="#Areas_building-mesh-vertices" offset="0"/>
          <input semantic="NORMAL" source="#Areas_building-mesh-normals" offset="1"/>
          <p>35 0 36 0 37 0 20 1 0 1 1 1 21 2 1 2 2 2 3 3 21 3 2 3 23 4 3 4 4 4 24 5 4 5 5 5 25 6 5 6 6 6 26 7 6 7 7 7 27 8 7 8 8 8 28 9 8 9 9 9 10 10 28 10 9 10 30 11 10 11 11 11 31 12 11 12 12 12 13 13 31 13 12 13 33 14 13 14 14 14 34 15 14 15 15 15 35 16 15 16 16 16 17 17 35 17 16 17 37 18 17 18 18 18 0 19 37 19 18 19 66 20 67 20 58 20 55 21 38 21 53 21 52 22 55 22 53 22 57 23 52 23 51 23 58 24 51 24 50 24 59 25 50 25 49 25 48 26 59 26 49 26 61 27 48 27 47 27 62 28 47 28 46 28 63 29 46 29 45 29 44 30 63 30 45 30 65 31 44 31 43 31 42 32 65 32 43 32 67 33 42 33 41 33 68 34 41 34 40 34 69 35 40 35 39 35 54 36 39 36 38 36 74 37 76 37 77 37 75 38 70 38 73 38 76 39 73 39 72 39 77 40 72 40 71 40 70 41 77 41 71 41 106 42 107 42 108 42 102 43 78 43 100 43 99 44 102 44 100 44 104 45 99 45 98 45 97 46 104 46 98 46 106 47 97 47 96 47 95 48 106 48 96 48 108 49 95 49 94 49 109 50 94 50 93 50 110 51 93 51 92 51 111 52 92 52 91 52 90 53 111 53 91 53 113 54 90 54 89 54 114 55 89 55 88 55 115 56 88 56 87 56 116 57 87 57 86 57 117 58 86 58 85 58 84 59 117 59 85 59 119 60 84 60 83 60 120 61 83 61 82 61 121 62 82 62 81 62 80 63 121 63 81 63 123 64 80 64 79 64 101 65 79 65 78 65 137 42 138 42 139 42 133 66 124 66 131 66 134 67 131 67 130 67 135 68 130 68 129 68 128 69 135 69 129 69 137 70 128 70 127 70 138 71 127 71 126 71 139 72 126 72 125 72 124 73 139 73 125 73 185 42 186 42 189 42 174 74 140 74 172 74 175 75 172 75 171 75 176 76 171 76 170 76 177 77 170 77 169 77 178 78 169 78 168 78 167 79 178 79 168 79 180 80 167 80 166 80 181 81 166 81 165 81 164 82 181 82 165 82 183 83 164 83 163 83 184 84 163 84 162 84 185 85 162 85 161 85 160 86 185 86 161 86 187 87 160 87 159 87 188 88 159 88 158 88 189 89 158 89 157 89 156 90 189 90 157 90 155 91 190 91 156 91 192 92 155 92 154 92 153 93 192 93 154 93 194 94 153 94 152 94 195 95 152 95 151 95 196 96 151 96 150 96 197 97 150 97 149 97 148 98 197 98 149 98 199 99 148 99 147 99 200 100 147 100 146 100 145 101 200 101 146 101 202 102 145 102 144 102 203 103 144 103 143 103 142 104 203 104 143 104 205 105 142 105 141 105 173 106 141 106 140 106 266 107 267 107 252 107 242 108 243 108 206 108 245 109 242 109 241 109 240 110 245 110 241 110 247 111 240 111 239 111 248 112 239 112 238 112 249 113 238 113 237 113 250 114 237 114 236 114 251 115 236 115 235 115 252 116 235 116 234 116 253 117 234 117 233 117 254 118 233 118 232 118 231 119 254 119 232 119 256 120 231 120 230 120 257 121 230 121 229 121 228 122 257 122 229 122 259 123 228 123 227 123 226 124 259 124 227 124 261 125 226 125 225 125 262 126 225 126 224 126 263 127 224 127 223 127 264 128 223 128 222 128 265 129 222 129 221 129 220 130 265 130 221 130 267 131 220 131 219 131 218 132 267 132 219 132 269 133 218 133 217 133 270 134 217 134 216 134 271 135 216 135 215 135 272 136 215 136 214 136 273 137 214 137 213 137 274 138 213 138 212 138 211 139 274 139 212 139 276 140 211 140 210 140 277 141 210 141 209 141 208 142 277 142 209 142 279 143 208 143 207 143 243 144 207 144 206 144 317 145 318 145 314 145 305 146 280 146 281 146 282 147 305 147 281 147 307 148 282 148 283 148 308 149 283 149 284 149 309 150 284 150 285 150 286 151 309 151 285 151 311 152 286 152 287 152 312 153 287 153 288 153 289 154 312 154 288 154 314 155 289 155 290 155 315 156 290 156 291 156 316 157 291 157 292 157 317 158 292 158 293 158 318 159 293 159 294 159 295 160 318 160 294 160 320 161 295 161 296 161 321 162 296 162 297 162 298 163 321 163 297 163 323 164 298 164 299 164 324 165 299 165 300 165 301 166 324 166 300 166 326 167 301 167 302 167 327 168 302 168 303 168 280 169 327 169 303 169 368 170 369 170 361 170 351 171 328 171 329 171 352 172 329 172 330 172 331 173 352 173 330 173 354 174 331 174 332 174 355 175 332 175 333 175 356 176 333 176 334 176 335 177 356 177 334 177 358 178 335 178 336 178 337 179 358 179 336 179 360 180 337 180 338 180 361 181 338 181 339 181 340 182 361 182 339 182 363 183 340 183 341 183 364 184 341 184 342 184 365 185 342 185 343 185 344 186 365 186 343 186 367 187 344 187 345 187 368 188 345 188 346 188 369 189 346 189 347 189 370 190 347 190 348 190 349 191 370 191 348 191 350 192 349 192 328 192 387 193 392 193 395 193 385 194 372 194 373 194 386 195 373 195 374 195 387 196 374 196 375 196 388 197 375 197 376 197 389 198 376 198 377 198 378 199 389 199 377 199 391 200 378 200 379 200 392 201 379 201 380 201 381 202 392 202 380 202 394 203 381 203 382 203 395 204 382 204 383 204 384 205 383 205 372 205 421 42 423 42 425 42 412 206 396 206 410 206 413 207 410 207 409 207 414 208 409 208 408 208 415 209 408 209 407 209 416 210 407 210 406 210 417 211 406 211 405 211 418 212 405 212 404 212 419 213 404 213 403 213 420 214 403 214 402 214 421 215 402 215 401 215 400 216 421 216 401 216 423 217 400 217 399 217 424 218 399 218 398 218 425 219 398 219 397 219 396 220 425 220 397 220 434 221 435 221 436 221 433 222 426 222 427 222 434 223 427 223 428 223 435 224 428 224 429 224 430 225 435 225 429 225 437 226 430 226 431 226 432 227 431 227 426 227 485 42 486 42 492 42 474 228 438 228 439 228 475 229 439 229 440 229 476 230 440 230 441 230 442 231 476 231 441 231 478 232 442 232 443 232 479 233 443 233 444 233 480 234 444 234 445 234 481 235 445 235 446 235 482 236 446 236 447 236 483 237 447 237 448 237 484 238 448 238 449 238 450 239 484 239 449 239 451 240 485 240 450 240 487 241 451 241 452 241 488 242 452 242 453 242 489 243 453 243 454 243 490 244 454 244 455 244 491 245 455 245 456 245 492 246 456 246 457 246 493 247 457 247 458 247 494 248 458 248 459 248 495 249 459 249 460 249 496 250 460 250 461 250 497 251 461 251 462 251 498 252 462 252 463 252 499 253 463 253 464 253 500 254 464 254 465 254 501 255 465 255 466 255 502 256 466 256 467 256 503 257 467 257 468 257 504 258 468 258 469 258 505 259 469 259 470 259 506 260 470 260 471 260 507 261 471 261 472 261 473 262 472 262 438 262 521 42 524 42 527 42 521 263 508 263 509 263 522 264 509 264 510 264 523 265 510 265 511 265 524 266 511 266 512 266 525 267 512 267 513 267 526 268 513 268 514 268 527 269 514 269 515 269 528 270 515 270 516 270 529 271 516 271 517 271 530 272 517 272 518 272 531 273 518 273 519 273 520 274 519 274 508 274 552 275 554 275 558 275 550 276 532 276 533 276 551 277 533 277 534 277 552 278 534 278 535 278 553 279 535 279 536 279 537 280 553 280 536 280 555 281 537 281 538 281 556 282 538 282 539 282 557 283 539 283 540 283 558 284 540 284 541 284 559 285 541 285 542 285 543 286 559 286 542 286 561 287 543 287 544 287 562 288 544 288 545 288 563 289 545 289 546 289 547 290 563 290 546 290 565 291 547 291 548 291 549 292 548 292 532 292 594 293 596 293 589 293 567 294 583 294 566 294 585 295 567 295 568 295 569 296 585 296 568 296 587 297 569 297 570 297 588 298 570 298 571 298 572 299 588 299 571 299 590 300 572 300 573 300 591 301 573 301 574 301 575 302 591 302 574 302 593 303 575 303 576 303 594 304 576 304 577 304 595 305 577 305 578 305 596 306 578 306 579 306 580 307 596 307 579 307 598 308 580 308 581 308 582 309 598 309 581 309 583 310 582 310 566 310 604 42 606 42 607 42 601 311 604 311 600 311 602 312 605 312 601 312 607 313 602 313 603 313 604 314 603 314 600 314 612 315 614 315 615 315 613 316 608 316 609 316 614 317 609 317 610 317 615 318 610 318 611 318 612 319 611 319 608 319 621 42 623 42 620 42 617 320 620 320 616 320 622 321 617 321 618 321 623 322 618 322 619 322 620 323 619 323 616 323 629 42 631 42 628 42 625 324 628 324 624 324 630 325 625 325 626 325 631 326 626 326 627 326 628 327 627 327 624 327 640 328 642 328 643 328 639 329 632 329 633 329 640 330 633 330 634 330 641 331 634 331 635 331 636 332 641 332 635 332 643 333 636 333 637 333 638 334 637 334 632 334 656 335 659 335 660 335 655 336 644 336 645 336 656 337 645 337 646 337 657 338 646 338 647 338 658 339 647 339 648 339 659 340 648 340 649 340 650 341 659 341 649 341 661 342 650 342 651 342 662 343 651 343 652 343 653 344 662 344 652 344 644 345 663 345 653 345 687 346 688 346 689 346 665 347 679 347 664 347 681 348 665 348 666 348 682 349 666 349 667 349 683 350 667 350 668 350 684 351 668 351 669 351 670 352 684 352 669 352 686 353 670 353 671 353 687 354 671 354 672 354 688 355 672 355 673 355 689 356 673 356 674 356 690 357 674 357 675 357 676 358 690 358 675 358 692 359 676 359 677 359 693 360 677 360 678 360 679 361 678 361 664 361 699 362 701 362 698 362 699 363 694 363 695 363 696 364 699 364 695 364 701 365 696 365 697 365 694 366 701 366 697 366 707 42 709 42 706 42 703 367 706 367 702 367 708 368 703 368 704 368 709 369 704 369 705 369 702 370 709 370 705 370 714 371 716 371 717 371 715 372 710 372 711 372 716 373 711 373 712 373 717 374 712 374 713 374 714 375 713 375 710 375 722 42 724 42 725 42 723 376 718 376 719 376 720 377 723 377 719 377 725 378 720 378 721 378 722 379 721 379 718 379 731 42 733 42 730 42 731 380 726 380 727 380 728 381 731 381 727 381 733 382 728 382 729 382 730 383 729 383 726 383 739 42 741 42 738 42 739 384 734 384 735 384 740 385 735 385 736 385 741 386 736 386 737 386 738 387 737 387 734 387 747 42 749 42 746 42 747 388 742 388 743 388 748 389 743 389 744 389 749 390 744 390 745 390 742 391 749 391 745 391 754 392 756 392 757 392 755 393 750 393 751 393 756 394 751 394 752 394 757 395 752 395 753 395 750 396 757 396 753 396 770 397 771 397 768 397 766 398 758 398 759 398 767 399 759 399 760 399 768 400 760 400 761 400 762 401 768 401 761 401 770 402 762 402 763 402 771 403 763 403 764 403 765 404 764 404 758 404 781 42 784 42 785 42 780 405 772 405 773 405 774 406 780 406 773 406 782 407 774 407 775 407 783 408 775 408 776 408 784 409 776 409 777 409 778 410 784 410 777 410 772 411 785 411 778 411 797 42 798 42 795 42 794 412 786 412 787 412 795 413 787 413 788 413 789 414 795 414 788 414 797 415 789 415 790 415 791 416 797 416 790 416 799 417 791 417 792 417 786 418 799 418 792 418 808 42 811 42 813 42 808 419 800 419 801 419 802 420 808 420 801 420 803 421 809 421 802 421 811 422 803 422 804 422 812 423 804 423 805 423 806 424 812 424 805 424 807 425 806 425 800 425 845 42 846 42 835 42 815 426 834 426 814 426 836 427 815 427 816 427 817 428 836 428 816 428 838 429 817 429 818 429 839 430 818 430 819 430 820 431 839 431 819 431 841 432 820 432 821 432 842 433 821 433 822 433 823 434 842 434 822 434 844 435 823 435 824 435 825 436 844 436 824 436 846 437 825 437 826 437 847 438 826 438 827 438 828 439 847 439 827 439 849 440 828 440 829 440 850 441 829 441 830 441 851 442 830 442 831 442 832 443 851 443 831 443 853 444 832 444 833 444 834 445 833 445 814 445 878 42 881 42 871 42 855 446 870 446 854 446 872 447 855 447 856 447 873 448 856 448 857 448 858 449 873 449 857 449 875 450 858 450 859 450 876 451 859 451 860 451 861 452 876 452 860 452 878 453 861 453 862 453 879 454 862 454 863 454 880 455 863 455 864 455 865 456 880 456 864 456 882 457 865 457 866 457 867 458 882 458 866 458 884 459 867 459 868 459 885 460 868 460 869 460 870 461 869 461 854 461 890 42 892 42 893 42 887 462 890 462 886 462 892 463 887 463 888 463 889 464 892 464 888 464 890 465 889 465 886 465 902 42 904 42 905 42 901 466 894 466 895 466 896 467 901 467 895 467 903 468 896 468 897 468 904 469 897 469 898 469 905 470 898 470 899 470 894 471 905 471 899 471 915 472 916 472 917 472 913 473 906 473 907 473 914 474 907 474 908 474 915 475 908 475 909 475 916 476 909 476 910 476 911 477 916 477 910 477 912 478 911 478 906 478 927 479 928 479 929 479 925 480 918 480 919 480 926 481 919 481 920 481 927 482 920 482 921 482 928 483 921 483 922 483 929 484 922 484 923 484 924 485 923 485 918 485 940 486 942 486 943 486 939 487 930 487 931 487 940 488 931 488 932 488 941 489 932 489 933 489 942 490 933 490 934 490 943 491 934 491 935 491 936 492 943 492 935 492 945 493 936 493 937 493 938 494 937 494 930 494 960 495 961 495 965 495 957 496 946 496 947 496 958 497 947 497 948 497 959 498 948 498 949 498 960 499 949 499 950 499 961 500 950 500 951 500 962 501 951 501 952 501 963 502 952 502 953 502 964 503 953 503 954 503 965 504 954 504 955 504 956 505 955 505 946 505 971 506 973 506 970 506 971 507 966 507 967 507 972 508 967 508 968 508 969 509 972 509 968 509 970 510 969 510 966 510 978 511 980 511 981 511 979 512 974 512 975 512 976 513 979 513 975 513 981 514 976 514 977 514 974 515 981 515 977 515 986 42 988 42 989 42 987 516 982 516 983 516 988 517 983 517 984 517 985 518 988 518 984 518 986 519 985 519 982 519 995 520 997 520 994 520 995 521 990 521 991 521 996 522 991 522 992 522 993 523 996 523 992 523 994 524 993 524 990 524 1002 525 1004 525 1005 525 1003 526 998 526 999 526 1000 527 1003 527 999 527 1005 528 1000 528 1001 528 1002 529 1001 529 998 529 1010 530 1012 530 1013 530 1011 531 1006 531 1007 531 1012 532 1007 532 1008 532 1009 533 1012 533 1008 533 1010 534 1009 534 1006 534 1024 42 1026 42 1029 42 1023 535 1014 535 1015 535 1024 536 1015 536 1016 536 1017 537 1024 537 1016 537 1026 538 1017 538 1018 538 1027 539 1018 539 1019 539 1020 540 1027 540 1019 540 1029 541 1020 541 1021 541 1022 542 1021 542 1014 542 1040 42 1042 42 1045 42 1039 543 1030 543 1031 543 1040 544 1031 544 1032 544 1033 545 1040 545 1032 545 1042 546 1033 546 1034 546 1043 547 1034 547 1035 547 1036 548 1043 548 1035 548 1045 549 1036 549 1037 549 1038 550 1037 550 1030 550 1061 42 1064 42 1065 42 1057 551 1046 551 1047 551 1058 552 1047 552 1048 552 1059 553 1048 553 1049 553 1050 554 1059 554 1049 554 1061 555 1050 555 1051 555 1062 556 1051 556 1052 556 1063 557 1052 557 1053 557 1064 558 1053 558 1054 558 1065 559 1054 559 1055 559 1056 560 1055 560 1046 560 1088 42 1082 42 1086 42 1067 561 1080 561 1066 561 1082 562 1067 562 1068 562 1083 563 1068 563 1069 563 1084 564 1069 564 1070 564 1085 565 1070 565 1071 565 1072 566 1085 566 1071 566 1087 567 1072 567 1073 567 1074 568 1087 568 1073 568 1089 569 1074 569 1075 569 1090 570 1075 570 1076 570 1077 571 1090 571 1076 571 1092 572 1077 572 1078 572 1093 573 1078 573 1079 573 1080 574 1079 574 1066 574 1099 42 1101 42 1098 42 1097 575 1098 575 1094 575 1100 576 1097 576 1096 576 1101 577 1096 577 1095 577 1094 578 1101 578 1095 578 1111 579 1112 579 1108 579 1109 580 1102 580 1103 580 1110 581 1103 581 1104 581 1111 582 1104 582 1105 582 1112 583 1105 583 1106 583 1113 584 1106 584 1107 584 1102 585 1113 585 1107 585 1119 42 1121 42 1118 42 1119 586 1114 586 1115 586 1116 587 1119 587 1115 587 1121 588 1116 588 1117 588 1118 589 1117 589 1114 589 1135 590 1136 590 1132 590 1131 591 1122 591 1123 591 1132 592 1123 592 1124 592 1133 593 1124 593 1125 593 1134 594 1125 594 1126 594 1135 595 1126 595 1127 595 1136 596 1127 596 1128 596 1137 597 1128 597 1129 597 1130 598 1129 598 1122 598 1142 599 1144 599 1145 599 1139 600 1142 600 1138 600 1144 601 1139 601 1140 601 1141 602 1144 602 1140 602 1142 603 1141 603 1138 603 1150 604 1152 604 1153 604 1151 605 1146 605 1147 605 1152 606 1147 606 1148 606 1153 607 1148 607 1149 607 1150 608 1149 608 1146 608 1158 42 1160 42 1161 42 1159 609 1154 609 1155 609 1160 610 1155 610 1156 610 1157 611 1160 611 1156 611 1158 612 1157 612 1154 612 1167 613 1169 613 1166 613 1167 614 1162 614 1163 614 1168 615 1163 615 1164 615 1165 616 1168 616 1164 616 1166 617 1165 617 1162 617 1176 618 1179 618 1181 618 1171 619 1176 619 1170 619 1178 620 1171 620 1172 620 1179 621 1172 621 1173 621 1180 622 1173 622 1174 622 1181 623 1174 623 1175 623 1176 624 1175 624 1170 624 1190 42 1192 42 1193 42 1189 625 1182 625 1183 625 1190 626 1183 626 1184 626 1191 627 1184 627 1185 627 1186 628 1191 628 1185 628 1193 629 1186 629 1187 629 1182 630 1193 630 1187 630 1204 42 1205 42 1201 42 1195 631 1200 631 1194 631 1202 632 1195 632 1196 632 1203 633 1196 633 1197 633 1204 634 1197 634 1198 634 1205 635 1198 635 1199 635 1200 636 1199 636 1194 636 1216 637 1217 637 1213 637 1207 638 1212 638 1206 638 1214 639 1207 639 1208 639 1215 640 1208 640 1209 640 1216 641 1209 641 1210 641 1211 642 1216 642 1210 642 1212 643 1211 643 1206 643 1226 644 1228 644 1229 644 1219 645 1224 645 1218 645 1226 646 1219 646 1220 646 1221 647 1226 647 1220 647 1228 648 1221 648 1222 648 1229 649 1222 649 1223 649 1224 650 1223 650 1218 650 1238 651 1240 651 1241 651 1237 652 1230 652 1231 652 1238 653 1231 653 1232 653 1233 654 1238 654 1232 654 1240 655 1233 655 1234 655 1235 656 1240 656 1234 656 1230 657 1241 657 1235 657 1255 42 1258 42 1261 42 1243 658 1252 658 1242 658 1254 659 1243 659 1244 659 1255 660 1244 660 1245 660 1256 661 1245 661 1246 661 1257 662 1246 662 1247 662 1248 663 1257 663 1247 663 1259 664 1248 664 1249 664 1260 665 1249 665 1250 665 1251 666 1260 666 1250 666 1252 667 1251 667 1242 667 1267 42 1269 42 1266 42 1267 668 1262 668 1263 668 1268 669 1263 669 1264 669 1269 670 1264 670 1265 670 1266 671 1265 671 1262 671 1292 672 1294 672 1297 672 1271 673 1284 673 1270 673 1286 674 1271 674 1272 674 1287 675 1272 675 1273 675 1288 676 1273 676 1274 676 1275 677 1288 677 1274 677 1290 678 1275 678 1276 678 1291 679 1276 679 1277 679 1292 680 1277 680 1278 680 1279 681 1292 681 1278 681 1294 682 1279 682 1280 682 1281 683 1294 683 1280 683 1296 684 1281 684 1282 684 1297 685 1282 685 1283 685 1284 686 1283 686 1270 686 1303 42 1305 42 1302 42 1303 687 1298 687 1299 687 1304 688 1299 688 1300 688 1305 689 1300 689 1301 689 1298 690 1305 690 1301 690 1315 42 1316 42 1317 42 1307 691 1312 691 1306 691 1314 692 1307 692 1308 692 1309 693 1314 693 1308 693 1316 694 1309 694 1310 694 1317 695 1310 695 1311 695 1312 696 1311 696 1306 696 1322 697 1324 697 1325 697 1323 698 1318 698 1319 698 1320 699 1323 699 1319 699 1325 700 1320 700 1321 700 1322 701 1321 701 1318 701 1331 42 1333 42 1330 42 1331 702 1326 702 1327 702 1332 703 1327 703 1328 703 1333 704 1328 704 1329 704 1330 705 1329 705 1326 705 1338 42 1340 42 1341 42 1339 706 1334 706 1335 706 1340 707 1335 707 1336 707 1341 708 1336 708 1337 708 1338 709 1337 709 1334 709 1352 710 1355 710 1357 710 1351 711 1342 711 1343 711 1352 712 1343 712 1344 712 1345 713 1352 713 1344 713 1354 714 1345 714 1346 714 1355 715 1346 715 1347 715 1348 716 1355 716 1347 716 1357 717 1348 717 1349 717 1350 718 1349 718 1342 718 1373 42 1376 42 1380 42 1359 719 1370 719 1358 719 1372 720 1359 720 1360 720 1373 721 1360 721 1361 721 1362 722 1373 722 1361 722 1375 723 1362 723 1363 723 1364 724 1375 724 1363 724 1377 725 1364 725 1365 725 1378 726 1365 726 1366 726 1379 727 1366 727 1367 727 1368 728 1379 728 1367 728 1381 729 1368 729 1369 729 1370 730 1369 730 1358 730 1387 731 1389 731 1386 731 1383 732 1386 732 1382 732 1388 733 1383 733 1384 733 1385 734 1388 734 1384 734 1386 735 1385 735 1382 735 1394 42 1396 42 1397 42 1395 736 1390 736 1391 736 1396 737 1391 737 1392 737 1397 738 1392 738 1393 738 1390 739 1397 739 1393 739 1402 42 1404 42 1405 42 1403 740 1398 740 1399 740 1400 741 1403 741 1399 741 1405 742 1400 742 1401 742 1398 743 1405 743 1401 743 1421 744 1422 744 1425 744 1417 745 1406 745 1407 745 1418 746 1407 746 1408 746 1409 747 1418 747 1408 747 1420 748 1409 748 1410 748 1411 749 1420 749 1410 749 1422 750 1411 750 1412 750 1423 751 1412 751 1413 751 1424 752 1413 752 1414 752 1425 753 1414 753 1415 753 1416 754 1415 754 1406 754 1450 42 1451 42 1444 42 1443 755 1426 755 1427 755 1444 756 1427 756 1428 756 1429 757 1444 757 1428 757 1446 758 1429 758 1430 758 1447 759 1430 759 1431 759 1448 760 1431 760 1432 760 1433 761 1448 761 1432 761 1450 762 1433 762 1434 762 1435 763 1450 763 1434 763 1452 764 1435 764 1436 764 1437 765 1452 765 1436 765 1454 766 1437 766 1438 766 1455 767 1438 767 1439 767 1440 768 1455 768 1439 768 1457 769 1440 769 1441 769 1426 770 1457 770 1441 770 1463 42 1465 42 1462 42 1463 771 1458 771 1459 771 1460 772 1463 772 1459 772 1465 773 1460 773 1461 773 1458 774 1465 774 1461 774 1471 775 1473 775 1470 775 1471 776 1466 776 1467 776 1472 777 1467 777 1468 777 1469 778 1472 778 1468 778 1470 779 1469 779 1466 779 1479 780 1481 780 1478 780 1479 781 1474 781 1475 781 1476 782 1479 782 1475 782 1481 783 1476 783 1477 783 1478 784 1477 784 1474 784 1487 785 1489 785 1486 785 1483 786 1486 786 1482 786 1488 787 1483 787 1484 787 1485 788 1488 788 1484 788 1486 789 1485 789 1482 789 1494 42 1496 42 1497 42 1495 790 1490 790 1491 790 1496 791 1491 791 1492 791 1493 792 1496 792 1492 792 1494 793 1493 793 1490 793 1503 794 1505 794 1502 794 1503 795 1498 795 1499 795 1504 796 1499 796 1500 796 1501 797 1504 797 1500 797 1498 798 1505 798 1501 798 1511 42 1513 42 1510 42 1511 799 1506 799 1507 799 1512 800 1507 800 1508 800 1513 801 1508 801 1509 801 1506 802 1513 802 1509 802 1519 803 1521 803 1518 803 1519 804 1514 804 1515 804 1520 805 1515 805 1516 805 1521 806 1516 806 1517 806 1514 807 1521 807 1517 807 1527 808 1529 808 1526 808 1527 809 1522 809 1523 809 1524 810 1527 810 1523 810 1529 811 1524 811 1525 811 1526 812 1525 812 1522 812 1535 813 1537 813 1534 813 1535 814 1530 814 1531 814 1532 815 1535 815 1531 815 1537 816 1532 816 1533 816 1534 817 1533 817 1530 817 1542 42 1544 42 1545 42 1539 818 1542 818 1538 818 1544 819 1539 819 1540 819 1545 820 1540 820 1541 820 1542 821 1541 821 1538 821 1551 822 1553 822 1550 822 1551 823 1546 823 1547 823 1552 824 1547 824 1548 824 1549 825 1552 825 1548 825 1550 826 1549 826 1546 826 1560 827 1562 827 1563 827 1555 828 1559 828 1554 828 1561 829 1555 829 1556 829 1562 830 1556 830 1557 830 1563 831 1557 831 1558 831 1559 832 1558 832 1554 832 1568 42 1570 42 1571 42 1569 833 1564 833 1565 833 1570 834 1565 834 1566 834 1571 835 1566 835 1567 835 1568 836 1567 836 1564 836 1576 42 1578 42 1579 42 1577 837 1572 837 1573 837 1578 838 1573 838 1574 838 1575 839 1578 839 1574 839 1576 840 1575 840 1572 840 1585 841 1587 841 1584 841 1585 842 1580 842 1581 842 1586 843 1581 843 1582 843 1583 844 1586 844 1582 844 1584 845 1583 845 1580 845 1592 846 1594 846 1595 846 1593 847 1588 847 1589 847 1594 848 1589 848 1590 848 1595 849 1590 849 1591 849 1592 850 1591 850 1588 850 1601 851 1603 851 1600 851 1601 852 1596 852 1597 852 1598 853 1601 853 1597 853 1599 854 1602 854 1598 854 1600 855 1599 855 1596 855 1608 42 1610 42 1611 42 1609 856 1604 856 1605 856 1610 857 1605 857 1606 857 1611 858 1606 858 1607 858 1608 859 1607 859 1604 859 1617 860 1619 860 1616 860 1617 861 1612 861 1613 861 1614 862 1617 862 1613 862 1619 863 1614 863 1615 863 1612 864 1619 864 1615 864 1629 42 1630 42 1631 42 1627 865 1620 865 1621 865 1628 866 1621 866 1622 866 1629 867 1622 867 1623 867 1630 868 1623 868 1624 868 1625 869 1630 869 1624 869 1626 870 1625 870 1620 870 1640 871 1641 871 1642 871 1633 872 1638 872 1632 872 1640 873 1633 873 1634 873 1641 874 1634 874 1635 874 1642 875 1635 875 1636 875 1637 876 1642 876 1636 876 1638 877 1637 877 1632 877 1653 878 1655 878 1657 878 1652 879 1644 879 1645 879 1646 880 1652 880 1645 880 1647 881 1653 881 1646 881 1655 882 1647 882 1648 882 1649 883 1655 883 1648 883 1657 884 1649 884 1650 884 1651 885 1650 885 1644 885 1666 42 1667 42 1668 42 1665 886 1658 886 1659 886 1666 887 1659 887 1660 887 1667 888 1660 888 1661 888 1662 889 1667 889 1661 889 1669 890 1662 890 1663 890 1658 891 1669 891 1663 891 1681 42 1683 42 1685 42 1679 892 1670 892 1671 892 1672 893 1679 893 1671 893 1681 894 1672 894 1673 894 1674 895 1681 895 1673 895 1683 896 1674 896 1675 896 1684 897 1675 897 1676 897 1685 898 1676 898 1677 898 1670 899 1685 899 1677 899 1699 42 1700 42 1701 42 1695 900 1686 900 1687 900 1696 901 1687 901 1688 901 1697 902 1688 902 1689 902 1698 903 1689 903 1690 903 1699 904 1690 904 1691 904 1692 905 1699 905 1691 905 1701 906 1692 906 1693 906 1686 907 1701 907 1693 907 1715 908 1716 908 1717 908 1711 909 1702 909 1709 909 1712 910 1709 910 1708 910 1713 911 1708 911 1707 911 1714 912 1707 912 1706 912 1715 913 1706 913 1705 913 1716 914 1705 914 1704 914 1717 915 1704 915 1703 915 1702 916 1717 916 1703 916 1728 917 1731 917 1733 917 1719 918 1726 918 1718 918 1728 919 1719 919 1720 919 1729 920 1720 920 1721 920 1730 921 1721 921 1722 921 1723 922 1730 922 1722 922 1732 923 1723 923 1724 923 1733 924 1724 924 1725 924 1726 925 1725 925 1718 925 1743 42 1744 42 1745 42 1735 926 1740 926 1734 926 1742 927 1735 927 1736 927 1743 928 1736 928 1737 928 1744 929 1737 929 1738 929 1739 930 1744 930 1738 930 1740 931 1739 931 1734 931 1756 42 1758 42 1761 42 1755 932 1746 932 1747 932 1756 933 1747 933 1748 933 1757 934 1748 934 1749 934 1750 935 1757 935 1749 935 1759 936 1750 936 1751 936 1760 937 1751 937 1752 937 1753 938 1760 938 1752 938 1754 939 1753 939 1746 939 1774 42 1775 42 1777 42 1771 940 1762 940 1763 940 1764 941 1771 941 1763 941 1773 942 1764 942 1765 942 1766 943 1773 943 1765 943 1775 944 1766 944 1767 944 1768 945 1775 945 1767 945 1777 946 1768 946 1769 946 1770 947 1769 947 1762 947 1791 42 1792 42 1793 42 1779 948 1786 948 1778 948 1788 949 1779 949 1780 949 1781 950 1788 950 1780 950 1790 951 1781 951 1782 951 1783 952 1790 952 1782 952 1792 953 1783 953 1784 953 1793 954 1784 954 1785 954 1778 955 1793 955 1785 955 1804 956 1807 956 1809 956 1803 957 1794 957 1795 957 1804 958 1795 958 1796 958 1805 959 1796 959 1797 959 1806 960 1797 960 1798 960 1807 961 1798 961 1799 961 1800 962 1807 962 1799 962 1809 963 1800 963 1801 963 1802 964 1801 964 1794 964 1820 42 1823 42 1825 42 1819 965 1810 965 1811 965 1812 966 1819 966 1811 966 1821 967 1812 967 1813 967 1822 968 1813 968 1814 968 1815 969 1822 969 1814 969 1824 970 1815 970 1816 970 1817 971 1824 971 1816 971 1818 972 1817 972 1810 972 1838 973 1840 973 1842 973 1837 974 1826 974 1827 974 1838 975 1827 975 1828 975 1839 976 1828 976 1829 976 1840 977 1829 977 1830 977 1841 978 1830 978 1831 978 1842 979 1831 979 1832 979 1843 980 1832 980 1833 980 1844 981 1833 981 1834 981 1845 982 1834 982 1835 982 1836 983 1835 983 1826 983 1860 42 1863 42 1865 42 1857 984 1846 984 1847 984 1848 985 1857 985 1847 985 1859 986 1848 986 1849 986 1860 987 1849 987 1850 987 1861 988 1850 988 1851 988 1862 989 1851 989 1852 989 1863 990 1852 990 1853 990 1854 991 1863 991 1853 991 1865 992 1854 992 1855 992 1846 993 1865 993 1855 993 1880 42 1882 42 1884 42 1877 994 1866 994 1867 994 1868 995 1877 995 1867 995 1879 996 1868 996 1869 996 1870 997 1879 997 1869 997 1881 998 1870 998 1871 998 1882 999 1871 999 1872 999 1873 1000 1882 1000 1872 1000 1884 1001 1873 1001 1874 1001 1885 1002 1874 1002 1875 1002 1876 1003 1875 1003 1866 1003 1904 42 1906 42 1899 42 1899 1004 1886 1004 1887 1004 1888 1005 1899 1005 1887 1005 1901 1006 1888 1006 1889 1006 1890 1007 1901 1007 1889 1007 1891 1008 1902 1008 1890 1008 1904 1009 1891 1009 1892 1009 1893 1010 1904 1010 1892 1010 1906 1011 1893 1011 1894 1011 1907 1012 1894 1012 1895 1012 1896 1013 1907 1013 1895 1013 1909 1014 1896 1014 1897 1014 1898 1015 1897 1015 1886 1015 1915 42 1917 42 1914 42 1915 1016 1910 1016 1911 1016 1916 1017 1911 1017 1912 1017 1913 1018 1916 1018 1912 1018 1914 1019 1913 1019 1910 1019 1922 1020 1924 1020 1925 1020 1919 1021 1922 1021 1918 1021 1924 1022 1919 1022 1920 1022 1925 1023 1920 1023 1921 1023 1918 1024 1925 1024 1921 1024 1931 42 1933 42 1930 42 1931 1025 1926 1025 1927 1025 1932 1026 1927 1026 1928 1026 1933 1027 1928 1027 1929 1027 1930 1028 1929 1028 1926 1028 1939 42 1941 42 1938 42 1935 1029 1938 1029 1934 1029 1940 1030 1935 1030 1936 1030 1941 1031 1936 1031 1937 1031 1938 1032 1937 1032 1934 1032 1946 1033 1948 1033 1949 1033 1947 1034 1942 1034 1943 1034 1948 1035 1943 1035 1944 1035 1949 1036 1944 1036 1945 1036 1942 1037 1949 1037 1945 1037 1954 42 1956 42 1957 42 1955 1038 1950 1038 1951 1038 1952 1039 1955 1039 1951 1039 1953 1040 1956 1040 1952 1040 1954 1041 1953 1041 1950 1041 1967 42 1968 42 1969 42 1965 1042 1958 1042 1959 1042 1966 1043 1959 1043 1960 1043 1961 1044 1966 1044 1960 1044 1968 1045 1961 1045 1962 1045 1969 1046 1962 1046 1963 1046 1964 1047 1963 1047 1958 1047 1983 42 1984 42 1985 42 1971 1048 1978 1048 1970 1048 1980 1049 1971 1049 1972 1049 1981 1050 1972 1050 1973 1050 1974 1051 1981 1051 1973 1051 1983 1052 1974 1052 1975 1052 1984 1053 1975 1053 1976 1053 1985 1054 1976 1054 1977 1054 1978 1055 1977 1055 1970 1055 1999 42 2000 42 1996 42 1987 1056 1994 1056 1986 1056 1996 1057 1987 1057 1988 1057 1997 1058 1988 1058 1989 1058 1998 1059 1989 1059 1990 1059 1999 1060 1990 1060 1991 1060 2000 1061 1991 1061 1992 1061 2001 1062 1992 1062 1993 1062 1986 1063 2001 1063 1993 1063 2012 42 2014 42 2016 42 2003 1064 2010 1064 2002 1064 2012 1065 2003 1065 2004 1065 2005 1066 2012 1066 2004 1066 2014 1067 2005 1067 2006 1067 2015 1068 2006 1068 2007 1068 2008 1069 2015 1069 2007 1069 2017 1070 2008 1070 2009 1070 2010 1071 2009 1071 2002 1071 2028 42 2031 42 2033 42 2027 1072 2018 1072 2019 1072 2028 1073 2019 1073 2020 1073 2029 1074 2020 1074 2021 1074 2030 1075 2021 1075 2022 1075 2023 1076 2030 1076 2022 1076 2032 1077 2023 1077 2024 1077 2033 1078 2024 1078 2025 1078 2018 1079 2033 1079 2025 1079 2048 1080 2049 1080 2046 1080 2035 1081 2042 1081 2034 1081 2044 1082 2035 1082 2036 1082 2037 1083 2044 1083 2036 1083 2046 1084 2037 1084 2038 1084 2039 1085 2046 1085 2038 1085 2048 1086 2039 1086 2040 1086 2041 1087 2048 1087 2040 1087 2042 1088 2041 1088 2034 1088 2068 42 2062 42 2064 42 2061 1089 2050 1089 2051 1089 2062 1090 2051 1090 2052 1090 2063 1091 2052 1091 2053 1091 2054 1092 2063 1092 2053 1092 2065 1093 2054 1093 2055 1093 2066 1094 2055 1094 2056 1094 2067 1095 2056 1095 2057 1095 2068 1096 2057 1096 2058 1096 2069 1097 2058 1097 2059 1097 2060 1098 2059 1098 2050 1098 2074 1099 2076 1099 2077 1099 2071 1100 2074 1100 2070 1100 2076 1101 2071 1101 2072 1101 2073 1102 2076 1102 2072 1102 2074 1103 2073 1103 2070 1103 2082 42 2084 42 2085 42 2079 1104 2082 1104 2078 1104 2084 1105 2079 1105 2080 1105 2085 1106 2080 1106 2081 1106 2082 1107 2081 1107 2078 1107 2091 42 2093 42 2090 42 2091 1108 2086 1108 2087 1108 2088 1109 2091 1109 2087 1109 2093 1110 2088 1110 2089 1110 2090 1111 2089 1111 2086 1111 2099 42 2101 42 2098 42 2099 1112 2094 1112 2095 1112 2100 1113 2095 1113 2096 1113 2101 1114 2096 1114 2097 1114 2094 1115 2101 1115 2097 1115 2111 1116 2112 1116 2113 1116 2103 1117 2108 1117 2102 1117 2110 1118 2103 1118 2104 1118 2111 1119 2104 1119 2105 1119 2112 1120 2105 1120 2106 1120 2113 1121 2106 1121 2107 1121 2108 1122 2107 1122 2102 1122 2125 1123 2121 1123 2122 1123 2121 1124 2114 1124 2115 1124 2122 1125 2115 1125 2116 1125 2123 1126 2116 1126 2117 1126 2118 1127 2123 1127 2117 1127 2125 1128 2118 1128 2119 1128 2120 1129 2119 1129 2114 1129 2135 1130 2136 1130 2137 1130 2133 1131 2126 1131 2127 1131 2134 1132 2127 1132 2128 1132 2135 1133 2128 1133 2129 1133 2130 1134 2135 1134 2129 1134 2137 1135 2130 1135 2131 1135 2126 1136 2137 1136 2131 1136 2146 42 2148 42 2149 42 2145 1137 2138 1137 2139 1137 2146 1138 2139 1138 2140 1138 2141 1139 2146 1139 2140 1139 2148 1140 2141 1140 2142 1140 2143 1141 2148 1141 2142 1141 2144 1142 2143 1142 2138 1142 2156 1143 2159 1143 2161 1143 2151 1144 2156 1144 2150 1144 2158 1145 2151 1145 2152 1145 2159 1146 2152 1146 2153 1146 2154 1147 2159 1147 2153 1147 2161 1148 2154 1148 2155 1148 2156 1149 2155 1149 2150 1149 2172 42 2174 42 2177 42 2163 1150 2170 1150 2162 1150 2172 1151 2163 1151 2164 1151 2173 1152 2164 1152 2165 1152 2166 1153 2173 1153 2165 1153 2175 1154 2166 1154 2167 1154 2176 1155 2167 1155 2168 1155 2177 1156 2168 1156 2169 1156 2170 1157 2169 1157 2162 1157 2188 1158 2190 1158 2192 1158 2187 1159 2178 1159 2179 1159 2188 1160 2179 1160 2180 1160 2181 1161 2188 1161 2180 1161 2190 1162 2181 1162 2182 1162 2191 1163 2182 1163 2183 1163 2184 1164 2191 1164 2183 1164 2193 1165 2184 1165 2185 1165 2186 1166 2185 1166 2178 1166 2199 1167 2201 1167 2198 1167 2195 1168 2198 1168 2194 1168 2200 1169 2195 1169 2196 1169 2201 1170 2196 1170 2197 1170 2194 1171 2201 1171 2197 1171 2207 1172 2209 1172 2206 1172 2207 1173 2202 1173 2203 1173 2208 1174 2203 1174 2204 1174 2209 1175 2204 1175 2205 1175 2206 1176 2205 1176 2202 1176 2218 42 2220 42 2221 42 2217 1177 2210 1177 2211 1177 2212 1178 2217 1178 2211 1178 2219 1179 2212 1179 2213 1179 2220 1180 2213 1180 2214 1180 2221 1181 2214 1181 2215 1181 2210 1182 2221 1182 2215 1182 2227 1183 2229 1183 2226 1183 2227 1184 2222 1184 2223 1184 2228 1185 2223 1185 2224 1185 2229 1186 2224 1186 2225 1186 2226 1187 2225 1187 2222 1187 2238 1188 2239 1188 2240 1188 2237 1189 2230 1189 2231 1189 2232 1190 2237 1190 2231 1190 2239 1191 2232 1191 2233 1191 2240 1192 2233 1192 2234 1192 2235 1193 2240 1193 2234 1193 2236 1194 2235 1194 2230 1194 2250 1195 2252 1195 2253 1195 2249 1196 2242 1196 2243 1196 2250 1197 2243 1197 2244 1197 2251 1198 2244 1198 2245 1198 2246 1199 2251 1199 2245 1199 2253 1200 2246 1200 2247 1200 2248 1201 2247 1201 2242 1201 2274 1202 2277 1202 2267 1202 2267 1203 2254 1203 2255 1203 2268 1204 2255 1204 2256 1204 2269 1205 2256 1205 2257 1205 2258 1206 2269 1206 2257 1206 2271 1207 2258 1207 2259 1207 2272 1208 2259 1208 2260 1208 2273 1209 2260 1209 2261 1209 2262 1210 2273 1210 2261 1210 2275 1211 2262 1211 2263 1211 2276 1212 2263 1212 2264 1212 2277 1213 2264 1213 2265 1213 2266 1214 2265 1214 2254 1214 2290 42 2295 42 2296 42 2291 1215 2278 1215 2289 1215 2292 1216 2289 1216 2288 1216 2293 1217 2288 1217 2287 1217 2294 1218 2287 1218 2286 1218 2295 1219 2286 1219 2285 1219 2284 1220 2295 1220 2285 1220 2297 1221 2284 1221 2283 1221 2298 1222 2283 1222 2282 1222 2299 1223 2282 1223 2281 1223 2280 1224 2299 1224 2281 1224 2279 1225 2300 1225 2280 1225 2290 1226 2279 1226 2278 1226 2307 42 2309 42 2306 42 2307 1227 2302 1227 2303 1227 2304 1228 2307 1228 2303 1228 2309 1229 2304 1229 2305 1229 2302 1230 2309 1230 2305 1230 2315 1231 2317 1231 2314 1231 2311 1232 2314 1232 2310 1232 2316 1233 2311 1233 2312 1233 2317 1234 2312 1234 2313 1234 2314 1235 2313 1235 2310 1235 2323 42 2325 42 2322 42 2323 1236 2318 1236 2319 1236 2324 1237 2319 1237 2320 1237 2325 1238 2320 1238 2321 1238 2322 1239 2321 1239 2318 1239 2331 1240 2333 1240 2330 1240 2331 1241 2326 1241 2327 1241 2328 1242 2331 1242 2327 1242 2333 1243 2328 1243 2329 1243 2326 1244 2333 1244 2329 1244 2339 1245 2341 1245 2338 1245 2339 1246 2334 1246 2335 1246 2340 1247 2335 1247 2336 1247 2341 1248 2336 1248 2337 1248 2334 1249 2341 1249 2337 1249 2346 42 2348 42 2349 42 2343 1250 2346 1250 2342 1250 2348 1251 2343 1251 2344 1251 2345 1252 2348 1252 2344 1252 2346 1253 2345 1253 2342 1253 2358 42 2360 42 2361 42 2357 1254 2350 1254 2351 1254 2358 1255 2351 1255 2352 1255 2353 1256 2358 1256 2352 1256 2360 1257 2353 1257 2354 1257 2361 1258 2354 1258 2355 1258 2356 1259 2355 1259 2350 1259 2370 1260 2372 1260 2373 1260 2367 1261 2368 1261 2362 1261 2370 1262 2367 1262 2366 1262 2371 1263 2366 1263 2365 1263 2372 1264 2365 1264 2364 1264 2363 1265 2372 1265 2364 1265 2368 1266 2363 1266 2362 1266 2385 1267 2388 1267 2391 1267 2384 1268 2374 1268 2375 1268 2376 1269 2384 1269 2375 1269 2386 1270 2376 1270 2377 1270 2387 1271 2377 1271 2378 1271 2379 1272 2387 1272 2378 1272 2389 1273 2379 1273 2380 1273 2390 1274 2380 1274 2381 1274 2391 1275 2381 1275 2382 1275 2374 1276 2391 1276 2382 1276 2404 42 2406 42 2407 42 2401 1277 2392 1277 2393 1277 2402 1278 2393 1278 2394 1278 2403 1279 2394 1279 2395 1279 2404 1280 2395 1280 2396 1280 2405 1281 2396 1281 2397 1281 2406 1282 2397 1282 2398 1282 2399 1283 2406 1283 2398 1283 2400 1284 2399 1284 2392 1284 2427 1285 2420 1285 2423 1285 2409 1286 2419 1286 2408 1286 2421 1287 2409 1287 2410 1287 2422 1288 2410 1288 2411 1288 2412 1289 2422 1289 2411 1289 2424 1290 2412 1290 2413 1290 2425 1291 2413 1291 2414 1291 2426 1292 2414 1292 2415 1292 2416 1293 2426 1293 2415 1293 2417 1294 2427 1294 2416 1294 2429 1295 2417 1295 2418 1295 2419 1296 2418 1296 2408 1296 2472 1297 2475 1297 2486 1297 2461 1298 2430 1298 2431 1298 2432 1299 2461 1299 2431 1299 2463 1300 2432 1300 2433 1300 2434 1301 2463 1301 2433 1301 2465 1302 2434 1302 2435 1302 2466 1303 2435 1303 2436 1303 2437 1304 2466 1304 2436 1304 2468 1305 2437 1305 2438 1305 2469 1306 2438 1306 2439 1306 2470 1307 2439 1307 2440 1307 2471 1308 2440 1308 2441 1308 2442 1309 2471 1309 2441 1309 2473 1310 2442 1310 2443 1310 2474 1311 2443 1311 2444 1311 2445 1312 2474 1312 2444 1312 2476 1313 2445 1313 2446 1313 2447 1314 2476 1314 2446 1314 2478 1315 2447 1315 2448 1315 2479 1316 2448 1316 2449 1316 2480 1317 2449 1317 2450 1317 2451 1318 2480 1318 2450 1318 2482 1319 2451 1319 2452 1319 2483 1320 2452 1320 2453 1320 2484 1321 2453 1321 2454 1321 2485 1322 2454 1322 2455 1322 2486 1323 2455 1323 2456 1323 2487 1324 2456 1324 2457 1324 2458 1325 2487 1325 2457 1325 2489 1326 2458 1326 2459 1326 2460 1327 2459 1327 2430 1327 2538 1328 2540 1328 2543 1328 2523 1329 2490 1329 2491 1329 2524 1330 2491 1330 2492 1330 2493 1331 2524 1331 2492 1331 2526 1332 2493 1332 2494 1332 2527 1333 2494 1333 2495 1333 2496 1334 2527 1334 2495 1334 2529 1335 2496 1335 2497 1335 2530 1336 2497 1336 2498 1336 2531 1337 2498 1337 2499 1337 2532 1338 2499 1338 2500 1338 2501 1339 2532 1339 2500 1339 2534 1340 2501 1340 2502 1340 2535 1341 2502 1341 2503 1341 2536 1342 2503 1342 2504 1342 2537 1343 2504 1343 2505 1343 2506 1344 2537 1344 2505 1344 2539 1345 2506 1345 2507 1345 2540 1346 2507 1346 2508 1346 2509 1347 2540 1347 2508 1347 2542 1348 2509 1348 2510 1348 2543 1349 2510 1349 2511 1349 2544 1350 2511 1350 2512 1350 2545 1351 2512 1351 2513 1351 2514 1352 2545 1352 2513 1352 2547 1353 2514 1353 2515 1353 2516 1354 2547 1354 2515 1354 2549 1355 2516 1355 2517 1355 2550 1356 2517 1356 2518 1356 2551 1357 2518 1357 2519 1357 2552 1358 2519 1358 2520 1358 2521 1359 2552 1359 2520 1359 2522 1360 2521 1360 2490 1360 2558 42 2560 42 2561 42 2555 1361 2558 1361 2554 1361 2560 1362 2555 1362 2556 1362 2561 1363 2556 1363 2557 1363 2558 1364 2557 1364 2554 1364 2567 1365 2569 1365 2566 1365 2567 1366 2562 1366 2563 1366 2564 1367 2567 1367 2563 1367 2569 1368 2564 1368 2565 1368 2566 1369 2565 1369 2562 1369 2574 42 2576 42 2577 42 2575 1370 2570 1370 2571 1370 2576 1371 2571 1371 2572 1371 2573 1372 2576 1372 2572 1372 2574 1373 2573 1373 2570 1373 2582 42 2584 42 2585 42 2583 1374 2578 1374 2579 1374 2584 1375 2579 1375 2580 1375 2585 1376 2580 1376 2581 1376 2578 1377 2585 1377 2581 1377 2591 1378 2593 1378 2590 1378 2587 1379 2590 1379 2586 1379 2592 1380 2587 1380 2588 1380 2593 1381 2588 1381 2589 1381 2590 1382 2589 1382 2586 1382 2603 1383 2604 1383 2605 1383 2601 1384 2594 1384 2595 1384 2602 1385 2595 1385 2596 1385 2603 1386 2596 1386 2597 1386 2604 1387 2597 1387 2598 1387 2599 1388 2604 1388 2598 1388 2600 1389 2599 1389 2594 1389 2616 1390 2618 1390 2621 1390 2615 1391 2606 1391 2607 1391 2616 1392 2607 1392 2608 1392 2617 1393 2608 1393 2609 1393 2618 1394 2609 1394 2610 1394 2619 1395 2610 1395 2611 1395 2620 1396 2611 1396 2612 1396 2621 1397 2612 1397 2613 1397 2606 1398 2621 1398 2613 1398 2637 42 2639 42 2634 42 2633 1399 2622 1399 2623 1399 2634 1400 2623 1400 2624 1400 2625 1401 2634 1401 2624 1401 2636 1402 2625 1402 2626 1402 2637 1403 2626 1403 2627 1403 2628 1404 2637 1404 2627 1404 2639 1405 2628 1405 2629 1405 2640 1406 2629 1406 2630 1406 2631 1407 2640 1407 2630 1407 2632 1408 2631 1408 2622 1408 2675 1409 2677 1409 2665 1409 2661 1410 2642 1410 2643 1410 2662 1411 2643 1411 2644 1411 2663 1412 2644 1412 2645 1412 2664 1413 2645 1413 2646 1413 2647 1414 2664 1414 2646 1414 2666 1415 2647 1415 2648 1415 2667 1416 2648 1416 2649 1416 2650 1417 2667 1417 2649 1417 2669 1418 2650 1418 2651 1418 2670 1419 2651 1419 2652 1419 2653 1420 2670 1420 2652 1420 2672 1421 2653 1421 2654 1421 2673 1422 2654 1422 2655 1422 2674 1423 2655 1423 2656 1423 2675 1424 2656 1424 2657 1424 2676 1425 2657 1425 2658 1425 2659 1426 2676 1426 2658 1426 2660 1427 2659 1427 2642 1427 2683 1428 2685 1428 2682 1428 2679 1429 2682 1429 2678 1429 2684 1430 2679 1430 2680 1430 2685 1431 2680 1431 2681 1431 2682 1432 2681 1432 2678 1432 2690 42 2692 42 2693 42 2687 1433 2690 1433 2686 1433 2692 1434 2687 1434 2688 1434 2693 1435 2688 1435 2689 1435 2690 1436 2689 1436 2686 1436 2699 1437 2701 1437 2698 1437 2695 1438 2698 1438 2694 1438 2700 1439 2695 1439 2696 1439 2701 1440 2696 1440 2697 1440 2698 1441 2697 1441 2694 1441 2712 1442 2714 1442 2716 1442 2711 1443 2702 1443 2703 1443 2704 1444 2711 1444 2703 1444 2705 1445 2712 1445 2704 1445 2714 1446 2705 1446 2706 1446 2715 1447 2706 1447 2707 1447 2708 1448 2715 1448 2707 1448 2717 1449 2708 1449 2709 1449 2710 1450 2709 1450 2702 1450 2733 42 2736 42 2739 42 2731 1451 2718 1451 2719 1451 2732 1452 2719 1452 2720 1452 2733 1453 2720 1453 2721 1453 2722 1454 2733 1454 2721 1454 2735 1455 2722 1455 2723 1455 2736 1456 2723 1456 2724 1456 2737 1457 2724 1457 2725 1457 2738 1458 2725 1458 2726 1458 2739 1459 2726 1459 2727 1459 2740 1460 2727 1460 2728 1460 2741 1461 2728 1461 2729 1461 2718 1462 2741 1462 2729 1462 2762 42 2754 42 2755 42 2755 1463 2742 1463 2743 1463 2756 1464 2743 1464 2744 1464 2745 1465 2756 1465 2744 1465 2758 1466 2745 1466 2746 1466 2747 1467 2758 1467 2746 1467 2748 1468 2759 1468 2747 1468 2761 1469 2748 1469 2749 1469 2762 1470 2749 1470 2750 1470 2751 1471 2762 1471 2750 1471 2764 1472 2751 1472 2752 1472 2753 1473 2764 1473 2752 1473 2754 1474 2753 1474 2742 1474 2792 42 2794 42 2796 42 2785 1475 2766 1475 2767 1475 2786 1476 2767 1476 2768 1476 2769 1477 2786 1477 2768 1477 2788 1478 2769 1478 2770 1478 2789 1479 2770 1479 2771 1479 2790 1480 2771 1480 2772 1480 2791 1481 2772 1481 2773 1481 2792 1482 2773 1482 2774 1482 2793 1483 2774 1483 2775 1483 2794 1484 2775 1484 2776 1484 2777 1485 2794 1485 2776 1485 2778 1486 2795 1486 2777 1486 2797 1487 2778 1487 2779 1487 2798 1488 2779 1488 2780 1488 2799 1489 2780 1489 2781 1489 2800 1490 2781 1490 2782 1490 2801 1491 2782 1491 2783 1491 2766 1492 2801 1492 2783 1492 2822 1493 2824 1493 2826 1493 2819 1494 2802 1494 2803 1494 2820 1495 2803 1495 2804 1495 2805 1496 2820 1496 2804 1496 2822 1497 2805 1497 2806 1497 2823 1498 2806 1498 2807 1498 2808 1499 2823 1499 2807 1499 2825 1500 2808 1500 2809 1500 2826 1501 2809 1501 2810 1501 2827 1502 2810 1502 2811 1502 2828 1503 2811 1503 2812 1503 2813 1504 2828 1504 2812 1504 2830 1505 2813 1505 2814 1505 2815 1506 2830 1506 2814 1506 2832 1507 2815 1507 2816 1507 2817 1508 2832 1508 2816 1508 2818 1509 2817 1509 2802 1509 2878 42 2874 42 2877 42 2859 1510 2834 1510 2835 1510 2860 1511 2835 1511 2836 1511 2861 1512 2836 1512 2837 1512 2862 1513 2837 1513 2838 1513 2863 1514 2838 1514 2839 1514 2864 1515 2839 1515 2840 1515 2865 1516 2840 1516 2841 1516 2866 1517 2841 1517 2842 1517 2867 1518 2842 1518 2843 1518 2868 1519 2843 1519 2844 1519 2869 1520 2844 1520 2845 1520 2870 1521 2845 1521 2846 1521 2871 1522 2846 1522 2847 1522 2872 1523 2847 1523 2848 1523 2873 1524 2848 1524 2849 1524 2874 1525 2849 1525 2850 1525 2875 1526 2850 1526 2851 1526 2852 1527 2875 1527 2851 1527 2877 1528 2852 1528 2853 1528 2878 1529 2853 1529 2854 1529 2879 1530 2854 1530 2855 1530 2880 1531 2855 1531 2856 1531 2881 1532 2856 1532 2857 1532 2858 1533 2857 1533 2834 1533 2886 42 2888 42 2889 42 2887 1534 2882 1534 2883 1534 2888 1535 2883 1535 2884 1535 2885 1536 2888 1536 2884 1536 2886 1537 2885 1537 2882 1537 2894 42 2896 42 2897 42 2891 1538 2894 1538 2890 1538 2896 1539 2891 1539 2892 1539 2897 1540 2892 1540 2893 1540 2894 1541 2893 1541 2890 1541 2903 42 2905 42 2902 42 2903 1542 2898 1542 2899 1542 2900 1543 2903 1543 2899 1543 2905 1544 2900 1544 2901 1544 2902 1545 2901 1545 2898 1545 2910 42 2912 42 2913 42 2911 1546 2906 1546 2907 1546 2912 1547 2907 1547 2908 1547 2913 1548 2908 1548 2909 1548 2910 1549 2909 1549 2906 1549 2918 42 2920 42 2921 42 2919 1550 2914 1550 2915 1550 2920 1551 2915 1551 2916 1551 2921 1552 2916 1552 2917 1552 2914 1553 2921 1553 2917 1553 2926 42 2928 42 2929 42 2927 1554 2922 1554 2923 1554 2928 1555 2923 1555 2924 1555 2929 1556 2924 1556 2925 1556 2926 1557 2925 1557 2922 1557 2935 42 2937 42 2934 42 2931 1558 2934 1558 2930 1558 2936 1559 2931 1559 2932 1559 2933 1560 2936 1560 2932 1560 2934 1561 2933 1561 2930 1561 2943 42 2945 42 2942 42 2943 1562 2938 1562 2939 1562 2944 1563 2939 1563 2940 1563 2941 1564 2944 1564 2940 1564 2942 1565 2941 1565 2938 1565 2955 1566 2959 1566 2960 1566 2955 1567 2946 1567 2947 1567 2956 1568 2947 1568 2948 1568 2957 1569 2948 1569 2949 1569 2958 1570 2949 1570 2950 1570 2951 1571 2958 1571 2950 1571 2960 1572 2951 1572 2952 1572 2961 1573 2952 1573 2953 1573 2954 1574 2953 1574 2946 1574 2966 42 2968 42 2969 42 2963 1575 2966 1575 2962 1575 2968 276 2963 276 2964 276 2965 1576 2968 1576 2964 1576 2966 1577 2965 1577 2962 1577 2975 1578 2977 1578 2974 1578 2971 1579 2974 1579 2970 1579 2976 1580 2971 1580 2972 1580 2977 1581 2972 1581 2973 1581 2974 1582 2973 1582 2970 1582 2995 42 2996 42 2998 42 2990 1583 2978 1583 2988 1583 2991 1584 2988 1584 2987 1584 2992 1585 2987 1585 2986 1585 2993 1586 2986 1586 2985 1586 2994 1587 2985 1587 2984 1587 2995 1588 2984 1588 2983 1588 2996 1589 2983 1589 2982 1589 2997 1590 2982 1590 2981 1590 2998 1591 2981 1591 2980 1591 2999 1592 2980 1592 2979 1592 2978 1593 2999 1593 2979 1593 3006 42 3008 42 3009 42 3001 1594 3005 1594 3000 1594 3007 1595 3001 1595 3002 1595 3008 1596 3002 1596 3003 1596 3009 1597 3003 1597 3004 1597 3005 1598 3004 1598 3000 1598 3019 1599 3020 1599 3021 1599 3017 1600 3010 1600 3015 1600 3018 1601 3015 1601 3014 1601 3013 1602 3018 1602 3014 1602 3020 1603 3013 1603 3012 1603 3011 1604 3020 1604 3012 1604 3016 1605 3011 1605 3010 1605 3031 1606 3032 1606 3033 1606 3029 1607 3022 1607 3023 1607 3030 1608 3023 1608 3024 1608 3031 1609 3024 1609 3025 1609 3026 1610 3031 1610 3025 1610 3033 1611 3026 1611 3027 1611 3022 1612 3033 1612 3027 1612 3051 1613 3053 1613 3054 1613 3046 1614 3034 1614 3035 1614 3047 1615 3035 1615 3036 1615 3048 1616 3036 1616 3037 1616 3049 1617 3037 1617 3038 1617 3039 1618 3049 1618 3038 1618 3051 1619 3039 1619 3040 1619 3041 1620 3051 1620 3040 1620 3053 1621 3041 1621 3042 1621 3054 1622 3042 1622 3043 1622 3044 1623 3054 1623 3043 1623 3045 1624 3044 1624 3034 1624 3061 1625 3063 1625 3060 1625 3061 1626 3056 1626 3059 1626 3062 1627 3059 1627 3058 1627 3063 1628 3058 1628 3057 1628 3060 1629 3057 1629 3056 1629 3069 1630 3071 1630 3068 1630 3067 1631 3068 1631 3064 1631 3070 1632 3067 1632 3066 1632 3071 1633 3066 1633 3065 1633 3068 1634 3065 1634 3064 1634 3086 42 3089 42 3091 42 3083 1635 3072 1635 3081 1635 3084 1636 3081 1636 3080 1636 3085 1637 3080 1637 3079 1637 3086 1638 3079 1638 3078 1638 3077 1639 3086 1639 3078 1639 3088 1640 3077 1640 3076 1640 3089 1641 3076 1641 3075 1641 3090 1642 3075 1642 3074 1642 3073 1643 3090 1643 3074 1643 3082 1644 3073 1644 3072 1644 3109 42 3110 42 3111 42 3103 1645 3092 1645 3101 1645 3104 1646 3101 1646 3100 1646 3099 1647 3104 1647 3100 1647 3106 1648 3099 1648 3098 1648 3097 1649 3106 1649 3098 1649 3108 1650 3097 1650 3096 1650 3109 1651 3096 1651 3095 1651 3094 1652 3109 1652 3095 1652 3111 1653 3094 1653 3093 1653 3102 1654 3093 1654 3092 1654 3117 1655 3119 1655 3116 1655 3117 1656 3112 1656 3113 1656 3118 1657 3113 1657 3114 1657 3115 1658 3118 1658 3114 1658 3116 1659 3115 1659 3112 1659 3130 1660 3133 1660 3135 1660 3129 1661 3120 1661 3121 1661 3122 1662 3129 1662 3121 1662 3131 1663 3122 1663 3123 1663 3132 1664 3123 1664 3124 1664 3125 1665 3132 1665 3124 1665 3134 1666 3125 1666 3126 1666 3127 1667 3134 1667 3126 1667 3128 1668 3127 1668 3120 1668 3140 42 3142 42 3143 42 3141 1669 3136 1669 3139 1669 3138 1670 3141 1670 3139 1670 3143 1671 3138 1671 3137 1671 3140 1672 3137 1672 3136 1672 3155 1673 3157 1673 3159 1673 3153 1674 3144 1674 3145 1674 3154 1675 3145 1675 3146 1675 3155 1676 3146 1676 3147 1676 3156 1677 3147 1677 3148 1677 3149 1678 3156 1678 3148 1678 3158 1679 3149 1679 3150 1679 3159 1680 3150 1680 3151 1680 3152 1681 3151 1681 3144 1681 3164 1682 3166 1682 3167 1682 3161 1683 3164 1683 3160 1683 3162 1684 3165 1684 3161 1684 3167 1685 3162 1685 3163 1685 3164 1686 3163 1686 3160 1686 3173 42 3175 42 3172 42 3173 1687 3168 1687 3171 1687 3170 1688 3173 1688 3171 1688 3175 1689 3170 1689 3169 1689 3168 1690 3175 1690 3169 1690 3181 1691 3183 1691 3180 1691 3181 1692 3176 1692 3177 1692 3182 1693 3177 1693 3178 1693 3183 1694 3178 1694 3179 1694 3180 1695 3179 1695 3176 1695 3188 1696 3190 1696 3191 1696 3185 1697 3188 1697 3184 1697 3186 1698 3189 1698 3185 1698 3191 1699 3186 1699 3187 1699 3188 1700 3187 1700 3184 1700 3206 42 3207 42 3202 42 3201 1701 3192 1701 3193 1701 3202 1702 3193 1702 3194 1702 3195 1703 3202 1703 3194 1703 3204 1704 3195 1704 3196 1704 3205 1705 3196 1705 3197 1705 3206 1706 3197 1706 3198 1706 3207 1707 3198 1707 3199 1707 3200 1708 3199 1708 3192 1708 3213 42 3215 42 3212 42 3213 1709 3208 1709 3209 1709 3210 1710 3213 1710 3209 1710 3215 1711 3210 1711 3211 1711 3212 1712 3211 1712 3208 1712 3220 1713 3222 1713 3223 1713 3217 1714 3220 1714 3216 1714 3222 1715 3217 1715 3218 1715 3223 1716 3218 1716 3219 1716 3220 1717 3219 1717 3216 1717 3228 42 3230 42 3231 42 3229 1718 3224 1718 3225 1718 3226 1719 3229 1719 3225 1719 3227 1720 3230 1720 3226 1720 3228 1721 3227 1721 3224 1721 3236 42 3238 42 3239 42 3233 1722 3236 1722 3232 1722 3238 1723 3233 1723 3234 1723 3239 1724 3234 1724 3235 1724 3236 1725 3235 1725 3232 1725 3245 1726 3247 1726 3244 1726 3245 1727 3240 1727 3241 1727 3246 1728 3241 1728 3242 1728 3247 1729 3242 1729 3243 1729 3244 1730 3243 1730 3240 1730 3259 1731 3256 1731 3258 1731 3255 1732 3248 1732 3249 1732 3250 1733 3255 1733 3249 1733 3257 1734 3250 1734 3251 1734 3258 1735 3251 1735 3252 1735 3253 1736 3258 1736 3252 1736 3254 1737 3253 1737 3248 1737 3278 42 3272 42 3274 42 3261 1738 3270 1738 3260 1738 3272 1739 3261 1739 3262 1739 3273 1740 3262 1740 3263 1740 3264 1741 3273 1741 3263 1741 3275 1742 3264 1742 3265 1742 3276 1743 3265 1743 3266 1743 3277 1744 3266 1744 3267 1744 3278 1745 3267 1745 3268 1745 3269 1746 3278 1746 3268 1746 3270 1747 3269 1747 3260 1747 3284 1748 3286 1748 3287 1748 3285 1749 3280 1749 3281 1749 3286 1750 3281 1750 3282 1750 3287 1751 3282 1751 3283 1751 3284 1752 3283 1752 3280 1752 3293 42 3295 42 3292 42 3293 1753 3288 1753 3289 1753 3294 1754 3289 1754 3290 1754 3295 1755 3290 1755 3291 1755 3292 1756 3291 1756 3288 1756 3301 1757 3303 1757 3300 1757 3301 1758 3296 1758 3297 1758 3298 1759 3301 1759 3297 1759 3303 1760 3298 1760 3299 1760 3296 1761 3303 1761 3299 1761 3313 42 3314 42 3315 42 3311 1762 3304 1762 3305 1762 3306 1763 3311 1763 3305 1763 3313 1764 3306 1764 3307 1764 3314 1765 3307 1765 3308 1765 3315 1766 3308 1766 3309 1766 3304 1767 3315 1767 3309 1767 3324 42 3325 42 3326 42 3317 1768 3322 1768 3316 1768 3324 1769 3317 1769 3318 1769 3325 1770 3318 1770 3319 1770 3326 1771 3319 1771 3320 1771 3327 1772 3320 1772 3321 1772 3322 1773 3321 1773 3316 1773 3337 1774 3338 1774 3339 1774 3329 1775 3334 1775 3328 1775 3336 1776 3329 1776 3330 1776 3337 1777 3330 1777 3331 1777 3338 1778 3331 1778 3332 1778 3339 1779 3332 1779 3333 1779 3328 1780 3339 1780 3333 1780 3349 42 3350 42 3351 42 3347 1781 3340 1781 3341 1781 3348 1782 3341 1782 3342 1782 3343 1783 3348 1783 3342 1783 3350 1784 3343 1784 3344 1784 3351 1785 3344 1785 3345 1785 3346 1786 3345 1786 3340 1786 3360 1787 3361 1787 3362 1787 3359 1788 3352 1788 3353 1788 3354 1789 3359 1789 3353 1789 3361 1790 3354 1790 3355 1790 3362 1791 3355 1791 3356 1791 3363 1792 3356 1792 3357 1792 3358 1793 3357 1793 3352 1793 3372 1794 3373 1794 3374 1794 3371 1795 3364 1795 3365 1795 3372 1796 3365 1796 3366 1796 3373 1797 3366 1797 3367 1797 3368 1798 3373 1798 3367 1798 3369 1799 3374 1799 3368 1799 3370 1800 3369 1800 3364 1800 3381 1801 3383 1801 3380 1801 3381 1802 3376 1802 3377 1802 3382 1803 3377 1803 3378 1803 3383 1804 3378 1804 3379 1804 3380 1805 3379 1805 3376 1805 3388 42 3390 42 3391 42 3389 1806 3384 1806 3385 1806 3386 1807 3389 1807 3385 1807 3391 1808 3386 1808 3387 1808 3388 1809 3387 1809 3384 1809 3399 42 3400 42 3401 42 3398 1810 3392 1810 3393 1810 3399 1811 3393 1811 3394 1811 3395 1812 3399 1812 3394 1812 3401 1813 3395 1813 3396 1813 3397 1814 3396 1814 3392 1814 3410 42 3412 42 3413 42 3403 1815 3408 1815 3402 1815 3404 1816 3409 1816 3403 1816 3411 1817 3404 1817 3405 1817 3406 1818 3411 1818 3405 1818 3413 1819 3406 1819 3407 1819 3408 1820 3407 1820 3402 1820 3418 42 3420 42 3421 42 3415 1821 3418 1821 3414 1821 3420 1822 3415 1822 3416 1822 3417 1823 3420 1823 3416 1823 3418 1824 3417 1824 3414 1824 3426 1825 3428 1825 3429 1825 3427 1826 3422 1826 3423 1826 3424 1827 3427 1827 3423 1827 3429 1828 3424 1828 3425 1828 3426 1829 3425 1829 3422 1829 3483 42 3484 42 3485 42 3462 1830 3430 1830 3431 1830 3432 1831 3462 1831 3431 1831 3433 1832 3463 1832 3432 1832 3465 1833 3433 1833 3434 1833 3466 1834 3434 1834 3435 1834 3436 1835 3466 1835 3435 1835 3468 1836 3436 1836 3437 1836 3438 1837 3468 1837 3437 1837 3470 1838 3438 1838 3439 1838 3471 1839 3439 1839 3440 1839 3472 1840 3440 1840 3441 1840 3442 1841 3472 1841 3441 1841 3474 1842 3442 1842 3443 1842 3475 1843 3443 1843 3444 1843 3476 1844 3444 1844 3445 1844 3477 1845 3445 1845 3446 1845 3478 1846 3446 1846 3447 1846 3479 1847 3447 1847 3448 1847 3449 1848 3479 1848 3448 1848 3481 1849 3449 1849 3450 1849 3482 1850 3450 1850 3451 1850 3483 1851 3451 1851 3452 1851 3484 1852 3452 1852 3453 1852 3485 1853 3453 1853 3454 1853 3486 1854 3454 1854 3455 1854 3487 1855 3455 1855 3456 1855 3488 1856 3456 1856 3457 1856 3489 1857 3457 1857 3458 1857 3490 1858 3458 1858 3459 1858 3460 1859 3490 1859 3459 1859 3461 1860 3460 1860 3430 1860 3496 42 3498 42 3499 42 3493 1861 3496 1861 3492 1861 3494 1862 3497 1862 3493 1862 3499 1863 3494 1863 3495 1863 3496 1864 3495 1864 3492 1864 3504 42 3506 42 3507 42 3503 1865 3504 1865 3500 1865 3506 1866 3503 1866 3502 1866 3507 1867 3502 1867 3501 1867 3504 1868 3501 1868 3500 1868 3512 1869 3514 1869 3515 1869 3509 1870 3512 1870 3508 1870 3514 1871 3509 1871 3510 1871 3515 1872 3510 1872 3511 1872 3512 1873 3511 1873 3508 1873 3521 1874 3523 1874 3520 1874 3519 1875 3520 1875 3516 1875 3522 1876 3519 1876 3518 1876 3523 1877 3518 1877 3517 1877 3520 1878 3517 1878 3516 1878 3532 42 3534 42 3535 42 3531 1879 3524 1879 3529 1879 3532 1880 3529 1880 3528 1880 3533 1881 3528 1881 3527 1881 3534 1882 3527 1882 3526 1882 3535 1883 3526 1883 3525 1883 3524 1884 3535 1884 3525 1884 3540 42 3542 42 3543 42 3537 1885 3540 1885 3536 1885 3542 1886 3537 1886 3538 1886 3543 1887 3538 1887 3539 1887 3540 1888 3539 1888 3536 1888 3549 1889 3551 1889 3548 1889 3549 1890 3544 1890 3545 1890 3550 1891 3545 1891 3546 1891 3547 1892 3550 1892 3546 1892 3548 1893 3547 1893 3544 1893 3556 42 3558 42 3559 42 3557 1894 3552 1894 3553 1894 3554 1895 3557 1895 3553 1895 3559 1896 3554 1896 3555 1896 3556 1897 3555 1897 3552 1897 3579 42 3580 42 3574 42 3573 1898 3560 1898 3561 1898 3574 1899 3561 1899 3562 1899 3563 1900 3574 1900 3562 1900 3576 1901 3563 1901 3564 1901 3565 1902 3576 1902 3564 1902 3578 1903 3565 1903 3566 1903 3579 1904 3566 1904 3567 1904 3580 1905 3567 1905 3568 1905 3581 1906 3568 1906 3569 1906 3570 1907 3581 1907 3569 1907 3583 1908 3570 1908 3571 1908 3572 1909 3571 1909 3560 1909 3589 1910 3591 1910 3588 1910 3589 1911 3584 1911 3585 1911 3590 1912 3585 1912 3586 1912 3591 1913 3586 1913 3587 1913 3584 1914 3591 1914 3587 1914 3596 1915 3598 1915 3599 1915 3597 1916 3592 1916 3593 1916 3594 1917 3597 1917 3593 1917 3599 1918 3594 1918 3595 1918 3596 1919 3595 1919 3592 1919 3605 42 3607 42 3604 42 3605 1920 3600 1920 3603 1920 3606 1921 3603 1921 3602 1921 3601 1922 3606 1922 3602 1922 3604 1923 3601 1923 3600 1923 3618 1924 3621 1924 3622 1924 3617 1925 3608 1925 3609 1925 3610 1926 3617 1926 3609 1926 3619 1927 3610 1927 3611 1927 3620 1928 3611 1928 3612 1928 3621 1929 3612 1929 3613 1929 3614 1930 3621 1930 3613 1930 3623 1931 3614 1931 3615 1931 3608 1932 3623 1932 3615 1932 3632 42 3633 42 3634 42 3625 1933 3630 1933 3624 1933 3632 1934 3625 1934 3626 1934 3633 1935 3626 1935 3627 1935 3634 1936 3627 1936 3628 1936 3629 1937 3634 1937 3628 1937 3630 1938 3629 1938 3624 1938 3653 42 3656 42 3659 42 3650 1939 3636 1939 3637 1939 3638 1940 3650 1940 3637 1940 3652 1941 3638 1941 3639 1941 3640 1942 3652 1942 3639 1942 3654 1943 3640 1943 3641 1943 3655 1944 3641 1944 3642 1944 3656 1945 3642 1945 3643 1945 3644 1946 3656 1946 3643 1946 3658 1947 3644 1947 3645 1947 3659 1948 3645 1948 3646 1948 3660 1949 3646 1949 3647 1949 3661 1950 3647 1950 3648 1950 3636 1951 3661 1951 3648 1951 3666 1952 3668 1952 3669 1952 3665 1953 3666 1953 3662 1953 3668 1954 3665 1954 3664 1954 3663 1955 3668 1955 3664 1955 3666 1956 3663 1956 3662 1956 3679 42 3680 42 3681 42 3677 1957 3670 1957 3675 1957 3674 1958 3677 1958 3675 1958 3679 1959 3674 1959 3673 1959 3680 1960 3673 1960 3672 1960 3681 1961 3672 1961 3671 1961 3676 1962 3671 1962 3670 1962 3689 1963 3691 1963 3692 1963 3689 1964 3682 1964 3683 1964 3690 1965 3683 1965 3684 1965 3691 1966 3684 1966 3685 1966 3692 1967 3685 1967 3686 1967 3687 1968 3692 1968 3686 1968 3688 1969 3687 1969 3682 1969 3698 42 3700 42 3701 42 3697 1970 3698 1970 3694 1970 3700 1971 3697 1971 3696 1971 3701 1972 3696 1972 3695 1972 3698 1973 3695 1973 3694 1973 3706 1974 3708 1974 3709 1974 3707 1975 3702 1975 3705 1975 3708 1976 3705 1976 3704 1976 3703 1977 3708 1977 3704 1977 3706 1978 3703 1978 3702 1978 3715 1979 3717 1979 3714 1979 3715 1980 3710 1980 3713 1980 3716 1981 3713 1981 3712 1981 3717 1982 3712 1982 3711 1982 3714 1983 3711 1983 3710 1983 3740 42 3742 42 3744 42 3735 1984 3718 1984 3733 1984 3732 1985 3735 1985 3733 1985 3737 1986 3732 1986 3731 1986 3730 1987 3737 1987 3731 1987 3729 1988 3738 1988 3730 1988 3740 1989 3729 1989 3728 1989 3741 1990 3728 1990 3727 1990 3742 1991 3727 1991 3726 1991 3725 1992 3742 1992 3726 1992 3744 1993 3725 1993 3724 1993 3723 1994 3744 1994 3724 1994 3746 1995 3723 1995 3722 1995 3747 1996 3722 1996 3721 1996 3748 1997 3721 1997 3720 1997 3749 1998 3720 1998 3719 1998 3734 1999 3719 1999 3718 1999 3769 42 3762 42 3767 42 3761 2000 3750 2000 3759 2000 3758 2001 3761 2001 3759 2001 3763 2002 3758 2002 3757 2002 3764 2003 3757 2003 3756 2003 3765 2004 3756 2004 3755 2004 3766 2005 3755 2005 3754 2005 3753 2006 3766 2006 3754 2006 3768 2007 3753 2007 3752 2007 3769 2008 3752 2008 3751 2008 3750 2009 3769 2009 3751 2009 3780 2010 3783 2010 3785 2010 3779 2011 3770 2011 3777 2011 3776 2012 3779 2012 3777 2012 3781 2013 3776 2013 3775 2013 3774 2014 3781 2014 3775 2014 3783 2015 3774 2015 3773 2015 3784 2016 3773 2016 3772 2016 3785 2017 3772 2017 3771 2017 3778 2018 3771 2018 3770 2018 3791 42 3793 42 3790 42 3791 2019 3786 2019 3789 2019 3792 2020 3789 2020 3788 2020 3793 2021 3788 2021 3787 2021 3790 2022 3787 2022 3786 2022 3806 42 3808 42 3810 42 3805 2023 3794 2023 3803 2023 3802 2024 3805 2024 3803 2024 3807 2025 3802 2025 3801 2025 3808 2026 3801 2026 3800 2026 3809 2027 3800 2027 3799 2027 3798 2028 3809 2028 3799 2028 3811 2029 3798 2029 3797 2029 3796 2030 3811 2030 3797 2030 3813 2031 3796 2031 3795 2031 3804 2032 3795 2032 3794 2032 3830 2033 3832 2033 3836 2033 3829 2034 3814 2034 3827 2034 3830 2035 3827 2035 3826 2035 3831 2036 3826 2036 3825 2036 3824 2037 3831 2037 3825 2037 3833 2038 3824 2038 3823 2038 3834 2039 3823 2039 3822 2039 3835 2040 3822 2040 3821 2040 3836 2041 3821 2041 3820 2041 3819 2042 3836 2042 3820 2042 3838 2043 3819 2043 3818 2043 3817 2044 3838 2044 3818 2044 3840 2045 3817 2045 3816 2045 3841 2046 3816 2046 3815 2046 3828 2047 3815 2047 3814 2047 3851 2048 3854 2048 3857 2048 3851 2049 3842 2049 3849 2049 3852 2050 3849 2050 3848 2050 3847 2051 3852 2051 3848 2051 3846 2052 3853 2052 3847 2052 3855 2053 3846 2053 3845 2053 3856 2054 3845 2054 3844 2054 3843 2055 3856 2055 3844 2055 3842 2056 3857 2056 3843 2056 3873 42 3875 42 3877 42 3867 2057 3868 2057 3858 2057 3870 2058 3867 2058 3866 2058 3871 2059 3866 2059 3865 2059 3864 2060 3871 2060 3865 2060 3873 2061 3864 2061 3863 2061 3862 2062 3873 2062 3863 2062 3875 2063 3862 2063 3861 2063 3860 2064 3875 2064 3861 2064 3877 2065 3860 2065 3859 2065 3868 2066 3859 2066 3858 2066 3904 2067 3893 2067 3902 2067 3891 2068 3892 2068 3878 2068 3894 2069 3891 2069 3890 2069 3889 2070 3894 2070 3890 2070 3896 2071 3889 2071 3888 2071 3897 2072 3888 2072 3887 2072 3898 2073 3887 2073 3886 2073 3899 2074 3886 2074 3885 2074 3884 2075 3899 2075 3885 2075 3901 2076 3884 2076 3883 2076 3902 2077 3883 2077 3882 2077 3903 2078 3882 2078 3881 2078 3904 2079 3881 2079 3880 2079 3879 2080 3904 2080 3880 2080 3892 2081 3879 2081 3878 2081 3918 2082 3919 2082 3920 2082 3915 2083 3906 2083 3913 2083 3912 2084 3915 2084 3913 2084 3917 2085 3912 2085 3911 2085 3910 2086 3917 2086 3911 2086 3919 2087 3910 2087 3909 2087 3920 2088 3909 2088 3908 2088 3921 2089 3908 2089 3907 2089 3906 2090 3921 2090 3907 2090 3928 42 3929 42 3930 42 3928 2091 3922 2091 3926 2091 3925 2092 3928 2092 3926 2092 3930 2093 3925 2093 3924 2093 3923 2094 3930 2094 3924 2094 3927 2095 3923 2095 3922 2095 3936 42 3938 42 3939 42 3937 2096 3932 2096 3935 2096 3934 2097 3937 2097 3935 2097 3939 2098 3934 2098 3933 2098 3932 2099 3939 2099 3933 2099 3945 2100 3947 2100 3944 2100 3945 2101 3940 2101 3943 2101 3946 2102 3943 2102 3942 2102 3947 2103 3942 2103 3941 2103 3944 2104 3941 2104 3940 2104 3952 42 3954 42 3955 42 3953 2105 3948 2105 3951 2105 3950 2106 3953 2106 3951 2106 3955 2107 3950 2107 3949 2107 3952 2108 3949 2108 3948 2108 3964 2109 3967 2109 3969 2109 3965 2110 3956 2110 3963 2110 3966 2111 3963 2111 3962 2111 3961 2112 3966 2112 3962 2112 3968 2113 3961 2113 3960 2113 3969 2114 3960 2114 3959 2114 3970 2115 3959 2115 3958 2115 3957 2116 3970 2116 3958 2116 3956 2117 3971 2117 3957 2117 3977 42 3979 42 3976 42 3977 2118 3972 2118 3973 2118 3978 2119 3973 2119 3974 2119 3979 2120 3974 2120 3975 2120 3972 2121 3979 2121 3975 2121 3992 2122 3998 2122 4002 2122 3981 2123 3992 2123 3980 2123 3994 2124 3981 2124 3982 2124 3983 2125 3994 2125 3982 2125 3996 2126 3983 2126 3984 2126 3997 2127 3984 2127 3985 2127 3998 2128 3985 2128 3986 2128 3999 2129 3986 2129 3987 2129 4000 2130 3987 2130 3988 2130 4001 2131 3988 2131 3989 2131 4002 2132 3989 2132 3990 2132 4003 2133 3990 2133 3991 2133 3992 2134 3991 2134 3980 2134 4021 2135 4023 2135 4027 2135 4017 2136 4004 2136 4005 2136 4018 2137 4005 2137 4006 2137 4019 2138 4006 2138 4007 2138 4020 2139 4007 2139 4008 2139 4021 2140 4008 2140 4009 2140 4022 2141 4009 2141 4010 2141 4023 2142 4010 2142 4011 2142 4012 2143 4023 2143 4011 2143 4025 2144 4012 2144 4013 2144 4014 2145 4025 2145 4013 2145 4027 2146 4014 2146 4015 2146 4016 2147 4015 2147 4004 2147 4041 42 4042 42 4043 42 4037 2148 4028 2148 4029 2148 4038 2149 4029 2149 4030 2149 4031 2150 4038 2150 4030 2150 4040 2151 4031 2151 4032 2151 4041 2152 4032 2152 4033 2152 4034 2153 4041 2153 4033 2153 4043 2154 4034 2154 4035 2154 4036 2155 4035 2155 4028 2155 4054 42 4057 42 4059 42 4053 2156 4044 2156 4045 2156 4054 2157 4045 2157 4046 2157 4055 2158 4046 2158 4047 2158 4048 2159 4055 2159 4047 2159 4057 2160 4048 2160 4049 2160 4058 2161 4049 2161 4050 2161 4059 2162 4050 2162 4051 2162 4052 2163 4051 2163 4044 2163 4070 42 4073 42 4075 42 4061 2164 4068 2164 4060 2164 4062 2165 4069 2165 4061 2165 4071 2166 4062 2166 4063 2166 4072 2167 4063 2167 4064 2167 4073 2168 4064 2168 4065 2168 4066 2169 4073 2169 4065 2169 4075 2170 4066 2170 4067 2170 4068 2171 4067 2171 4060 2171 4084 2172 4088 2172 4090 2172 4085 2173 4076 2173 4077 2173 4086 2174 4077 2174 4078 2174 4079 2175 4086 2175 4078 2175 4088 2176 4079 2176 4080 2176 4089 2177 4080 2177 4081 2177 4090 2178 4081 2178 4082 2178 4091 2179 4082 2179 4083 2179 4084 2180 4083 2180 4076 2180 4096 2181 4098 2181 4099 2181 4093 2182 4096 2182 4092 2182 4098 2183 4093 2183 4094 2183 4099 2184 4094 2184 4095 2184 4096 2185 4095 2185 4092 2185 4120 2186 4121 2186 4123 2186 4101 2187 4112 2187 4100 2187 4114 2188 4101 2188 4102 2188 4115 2189 4102 2189 4103 2189 4104 2190 4115 2190 4103 2190 4117 2191 4104 2191 4105 2191 4118 2192 4105 2192 4106 2192 4107 2193 4118 2193 4106 2193 4120 2194 4107 2194 4108 2194 4109 2195 4120 2195 4108 2195 4122 2196 4109 2196 4110 2196 4123 2197 4110 2197 4111 2197 4100 2198 4123 2198 4111 2198 4146 2199 4139 2199 4143 2199 4137 2200 4124 2200 4125 2200 4138 2201 4125 2201 4126 2201 4139 2202 4126 2202 4127 2202 4140 2203 4127 2203 4128 2203 4141 2204 4128 2204 4129 2204 4142 2205 4129 2205 4130 2205 4131 2206 4142 2206 4130 2206 4132 2207 4143 2207 4131 2207 4145 2208 4132 2208 4133 2208 4146 2209 4133 2209 4134 2209 4147 2210 4134 2210 4135 2210 4124 2211 4147 2211 4135 2211 4170 42 4162 42 4165 42 4161 2212 4148 2212 4149 2212 4162 2213 4149 2213 4150 2213 4163 2214 4150 2214 4151 2214 4164 2215 4151 2215 4152 2215 4153 2216 4164 2216 4152 2216 4166 2217 4153 2217 4154 2217 4167 2218 4154 2218 4155 2218 4168 2219 4155 2219 4156 2219 4169 2220 4156 2220 4157 2220 4170 2221 4157 2221 4158 2221 4159 2222 4170 2222 4158 2222 4160 2223 4159 2223 4148 2223 4176 2224 4178 2224 4179 2224 4177 2225 4172 2225 4173 2225 4178 2226 4173 2226 4174 2226 4175 2227 4178 2227 4174 2227 4176 2228 4175 2228 4172 2228 4190 2229 4192 2229 4194 2229 4189 2230 4180 2230 4181 2230 4182 2231 4189 2231 4181 2231 4191 2232 4182 2232 4183 2232 4192 2233 4183 2233 4184 2233 4193 2234 4184 2234 4185 2234 4194 2235 4185 2235 4186 2235 4195 2236 4186 2236 4187 2236 4180 2237 4195 2237 4187 2237 4204 2238 4205 2238 4206 2238 4197 2239 4202 2239 4196 2239 4204 2240 4197 2240 4198 2240 4205 2241 4198 2241 4199 2241 4200 2242 4205 2242 4199 2242 4207 2243 4200 2243 4201 2243 4202 2244 4201 2244 4196 2244 4212 42 4214 42 4215 42 4213 2245 4208 2245 4209 2245 4214 2246 4209 2246 4210 2246 4215 2247 4210 2247 4211 2247 4212 2248 4211 2248 4208 2248 4220 2249 4222 2249 4223 2249 4221 2250 4216 2250 4217 2250 4222 2251 4217 2251 4218 2251 4223 2252 4218 2252 4219 2252 4220 2253 4219 2253 4216 2253 4228 42 4230 42 4231 42 4229 2254 4224 2254 4225 2254 4226 2255 4229 2255 4225 2255 4231 2256 4226 2256 4227 2256 4228 2257 4227 2257 4224 2257 4245 42 4247 42 4240 42 4241 2258 4232 2258 4233 2258 4242 2259 4233 2259 4234 2259 4243 2260 4234 2260 4235 2260 4236 2261 4243 2261 4235 2261 4245 2262 4236 2262 4237 2262 4246 2263 4237 2263 4238 2263 4247 2264 4238 2264 4239 2264 4232 2265 4247 2265 4239 2265 4263 2266 4264 2266 4267 2266 4259 2267 4248 2267 4249 2267 4250 2268 4259 2268 4249 2268 4261 2269 4250 2269 4251 2269 4252 2270 4261 2270 4251 2270 4253 2271 4262 2271 4252 2271 4264 2272 4253 2272 4254 2272 4265 2273 4254 2273 4255 2273 4266 2274 4255 2274 4256 2274 4257 2275 4266 2275 4256 2275 4258 2276 4257 2276 4248 2276 4280 42 4281 42 4282 42 4269 2277 4276 2277 4268 2277 4278 2278 4269 2278 4270 2278 4279 2279 4270 2279 4271 2279 4272 2280 4279 2280 4271 2280 4281 2281 4272 2281 4273 2281 4282 2282 4273 2282 4274 2282 4275 2283 4282 2283 4274 2283 4276 2284 4275 2284 4268 2284 4289 2285 4291 2285 4288 2285 4285 2286 4288 2286 4284 2286 4290 2287 4285 2287 4286 2287 4291 2288 4286 2288 4287 2288 4288 2289 4287 2289 4284 2289 4307 2290 4302 2290 4304 2290 4301 2291 4292 2291 4293 2291 4302 2292 4293 2292 4294 2292 4303 2293 4294 2293 4295 2293 4304 2294 4295 2294 4296 2294 4305 2295 4296 2295 4297 2295 4306 2296 4297 2296 4298 2296 4307 2297 4298 2297 4299 2297 4300 2298 4299 2298 4292 2298 4318 42 4321 42 4323 42 4317 2299 4308 2299 4309 2299 4318 2300 4309 2300 4310 2300 4319 2301 4310 2301 4311 2301 4320 2302 4311 2302 4312 2302 4321 2303 4312 2303 4313 2303 4314 2304 4321 2304 4313 2304 4323 2305 4314 2305 4315 2305 4308 2306 4323 2306 4315 2306 4333 2307 4334 2307 4335 2307 4331 2308 4324 2308 4325 2308 4326 2309 4331 2309 4325 2309 4333 2310 4326 2310 4327 2310 4328 2311 4333 2311 4327 2311 4335 2312 4328 2312 4329 2312 4324 2313 4335 2313 4329 2313 4346 42 4347 42 4342 42 4343 2314 4336 2314 4337 2314 4344 2315 4337 2315 4338 2315 4345 2316 4338 2316 4339 2316 4346 2317 4339 2317 4340 2317 4341 2318 4346 2318 4340 2318 4342 2319 4341 2319 4336 2319 4358 42 4359 42 4354 42 4349 2320 4354 2320 4348 2320 4356 2321 4349 2321 4350 2321 4357 2322 4350 2322 4351 2322 4358 2323 4351 2323 4352 2323 4353 2324 4358 2324 4352 2324 4354 2325 4353 2325 4348 2325 4369 2326 4370 2326 4371 2326 4367 2327 4360 2327 4361 2327 4368 2328 4361 2328 4362 2328 4363 2329 4368 2329 4362 2329 4370 2330 4363 2330 4364 2330 4371 2331 4364 2331 4365 2331 4360 2332 4371 2332 4365 2332 4377 2333 4379 2333 4376 2333 4377 2334 4372 2334 4373 2334 4378 2335 4373 2335 4374 2335 4375 2336 4378 2336 4374 2336 4376 2337 4375 2337 4372 2337 4385 42 4387 42 4384 42 4385 2338 4380 2338 4381 2338 4386 2339 4381 2339 4382 2339 4387 2340 4382 2340 4383 2340 4384 2341 4383 2341 4380 2341 4393 42 4395 42 4392 42 4393 2342 4388 2342 4389 2342 4394 2343 4389 2343 4390 2343 4395 2344 4390 2344 4391 2344 4392 2345 4391 2345 4388 2345 4401 2346 4403 2346 4400 2346 4401 2347 4396 2347 4397 2347 4402 2348 4397 2348 4398 2348 4403 2349 4398 2349 4399 2349 4400 2350 4399 2350 4396 2350 4408 42 4410 42 4411 42 4409 2351 4404 2351 4405 2351 4406 2352 4409 2352 4405 2352 4411 2353 4406 2353 4407 2353 4408 2354 4407 2354 4404 2354 4417 42 4419 42 4416 42 4417 2351 4412 2351 4413 2351 4418 2355 4413 2355 4414 2355 4415 2356 4418 2356 4414 2356 4416 2357 4415 2357 4412 2357 4425 42 4427 42 4424 42 4425 2358 4420 2358 4421 2358 4426 2359 4421 2359 4422 2359 4423 2360 4426 2360 4422 2360 4420 2361 4427 2361 4423 2361 4432 42 4434 42 4435 42 4433 2362 4428 2362 4429 2362 4434 2363 4429 2363 4430 2363 4435 2364 4430 2364 4431 2364 4428 2365 4435 2365 4431 2365 4440 42 4442 42 4443 42 4441 2366 4436 2366 4439 2366 4442 2367 4439 2367 4438 2367 4437 2368 4442 2368 4438 2368 4440 2369 4437 2369 4436 2369 37 2370 19 2370 35 2370 19 42 20 42 35 42 20 42 21 42 35 42 21 42 22 42 35 42 22 42 23 42 34 42 23 42 24 42 33 42 33 42 24 42 30 42 24 2371 25 2371 28 2371 25 2372 26 2372 28 2372 26 2373 27 2373 28 2373 28 2374 29 2374 24 2374 29 42 30 42 24 42 30 42 31 42 33 42 31 42 32 42 33 42 33 42 34 42 23 42 34 42 35 42 22 42 20 2375 19 2375 0 2375 21 2376 20 2376 1 2376 3 2377 22 2377 21 2377 23 2378 22 2378 3 2378 24 2379 23 2379 4 2379 25 2380 24 2380 5 2380 26 2381 25 2381 6 2381 27 2382 26 2382 7 2382 28 2383 27 2383 8 2383 10 2384 29 2384 28 2384 30 2385 29 2385 10 2385 31 2386 30 2386 11 2386 13 2387 32 2387 31 2387 33 2388 32 2388 13 2388 34 2389 33 2389 14 2389 35 2390 34 2390 15 2390 17 2391 36 2391 35 2391 37 2392 36 2392 17 2392 0 2393 19 2393 37 2393 69 42 54 42 68 42 54 2394 55 2394 68 2394 55 42 56 42 68 42 56 2395 57 2395 68 2395 58 42 59 42 66 42 59 2396 60 2396 64 2396 57 42 58 42 67 42 67 2397 68 2397 57 2397 59 42 64 42 65 42 60 2398 61 2398 64 2398 61 42 62 42 64 42 62 42 63 42 64 42 65 42 66 42 59 42 55 2399 54 2399 38 2399 52 2400 56 2400 55 2400 57 2401 56 2401 52 2401 58 24 57 24 51 24 59 2402 58 2402 50 2402 48 2403 60 2403 59 2403 61 2404 60 2404 48 2404 62 2405 61 2405 47 2405 63 2406 62 2406 46 2406 44 2407 64 2407 63 2407 65 2408 64 2408 44 2408 42 2409 66 2409 65 2409 67 2410 66 2410 42 2410 68 2411 67 2411 41 2411 69 2412 68 2412 40 2412 54 2413 69 2413 39 2413 74 42 75 42 76 42 75 2414 74 2414 70 2414 76 2415 75 2415 73 2415 77 2416 76 2416 72 2416 70 2417 74 2417 77 2417 123 42 101 42 108 42 101 42 102 42 103 42 103 2418 104 2418 106 2418 104 42 105 42 106 42 101 2419 103 2419 106 2419 108 42 101 42 106 42 121 42 122 42 119 42 122 2420 123 2420 108 2420 119 2421 122 2421 108 2421 119 2422 120 2422 121 2422 117 42 118 42 119 42 115 42 116 42 110 42 116 42 117 42 110 42 113 42 114 42 112 42 114 42 115 42 110 42 111 2423 112 2423 114 2423 108 42 109 42 110 42 110 2424 111 2424 114 2424 117 42 119 42 108 42 108 2425 110 2425 117 2425 102 2426 101 2426 78 2426 99 2427 103 2427 102 2427 104 2428 103 2428 99 2428 97 2429 105 2429 104 2429 106 2430 105 2430 97 2430 95 2431 107 2431 106 2431 108 2432 107 2432 95 2432 109 2433 108 2433 94 2433 110 2434 109 2434 93 2434 111 2435 110 2435 92 2435 90 2436 112 2436 111 2436 113 2437 112 2437 90 2437 114 2438 113 2438 89 2438 115 2439 114 2439 88 2439 116 57 115 57 87 57 117 2440 116 2440 86 2440 84 2441 118 2441 117 2441 119 2442 118 2442 84 2442 120 2443 119 2443 83 2443 121 2444 120 2444 82 2444 80 2445 122 2445 121 2445 123 2446 122 2446 80 2446 101 2447 123 2447 79 2447 139 42 132 42 133 42 133 42 134 42 135 42 135 2448 136 2448 133 2448 136 2449 137 2449 139 2449 133 42 136 42 139 42 133 66 132 66 124 66 134 2450 133 2450 131 2450 135 2451 134 2451 130 2451 128 2452 136 2452 135 2452 137 2453 136 2453 128 2453 138 2454 137 2454 127 2454 139 2455 138 2455 126 2455 124 2456 132 2456 139 2456 205 42 173 42 174 42 174 42 175 42 204 42 175 42 176 42 204 42 176 42 177 42 204 42 204 2457 205 2457 174 2457 201 2458 202 2458 203 2458 201 42 203 42 177 42 203 42 204 42 177 42 199 42 200 42 197 42 200 2459 201 2459 197 2459 197 2460 198 2460 199 2460 201 42 177 42 178 42 196 42 197 42 201 42 195 42 196 42 201 42 201 42 178 42 195 42 178 2461 179 2461 195 2461 179 2462 180 2462 194 2462 180 42 181 42 194 42 181 2463 182 2463 193 2463 194 2464 181 2464 193 2464 194 2465 195 2465 179 2465 191 2466 192 2466 183 2466 192 2467 193 2467 182 2467 183 2468 192 2468 182 2468 183 42 184 42 189 42 184 2469 185 2469 189 2469 190 42 191 42 183 42 187 2470 188 2470 186 2470 188 42 189 42 186 42 189 2471 190 2471 183 2471 174 2472 173 2472 140 2472 175 2473 174 2473 172 2473 176 2474 175 2474 171 2474 177 2475 176 2475 170 2475 178 2476 177 2476 169 2476 167 2477 179 2477 178 2477 180 2478 179 2478 167 2478 181 2479 180 2479 166 2479 164 2480 182 2480 181 2480 183 2481 182 2481 164 2481 184 84 183 84 163 84 185 2482 184 2482 162 2482 160 2483 186 2483 185 2483 187 2484 186 2484 160 2484 188 2485 187 2485 159 2485 189 89 188 89 158 89 156 2486 190 2486 189 2486 155 2487 191 2487 190 2487 192 2488 191 2488 155 2488 153 2489 193 2489 192 2489 194 2490 193 2490 153 2490 195 2491 194 2491 152 2491 196 2492 195 2492 151 2492 197 2493 196 2493 150 2493 148 2494 198 2494 197 2494 199 2495 198 2495 148 2495 200 2496 199 2496 147 2496 145 2497 201 2497 200 2497 202 2498 201 2498 145 2498 203 2499 202 2499 144 2499 142 2500 204 2500 203 2500 205 2501 204 2501 142 2501 173 2502 205 2502 141 2502 279 42 243 42 251 42 243 42 244 42 251 42 244 2503 245 2503 251 2503 245 42 246 42 251 42 246 2504 247 2504 251 2504 247 42 248 42 251 42 248 42 249 42 251 42 249 42 250 42 251 42 251 42 252 42 268 42 252 2505 253 2505 254 2505 278 42 279 42 251 42 276 42 277 42 251 42 277 42 278 42 251 42 274 42 275 42 268 42 275 2506 276 2506 268 2506 272 2507 273 2507 268 2507 273 42 274 42 268 42 270 42 271 42 268 42 271 42 272 42 268 42 268 2508 269 2508 270 2508 252 42 254 42 255 42 255 42 256 42 252 42 256 42 257 42 252 42 258 42 252 42 257 42 267 42 268 42 252 42 268 2509 276 2509 251 2509 252 2510 258 2510 259 2510 266 42 252 42 259 42 259 2511 260 2511 266 2511 260 2512 261 2512 266 2512 261 42 262 42 266 42 262 42 263 42 266 42 263 2513 264 2513 266 2513 264 42 265 42 266 42 242 2514 244 2514 243 2514 245 2515 244 2515 242 2515 240 2516 246 2516 245 2516 247 2517 246 2517 240 2517 248 2518 247 2518 239 2518 249 2519 248 2519 238 2519 250 2520 249 2520 237 2520 251 2521 250 2521 236 2521 252 2522 251 2522 235 2522 253 2523 252 2523 234 2523 254 2524 253 2524 233 2524 231 2525 255 2525 254 2525 256 2526 255 2526 231 2526 257 2527 256 2527 230 2527 228 2528 258 2528 257 2528 259 2529 258 2529 228 2529 226 2530 260 2530 259 2530 261 2531 260 2531 226 2531 262 2532 261 2532 225 2532 263 127 262 127 224 127 264 2533 263 2533 223 2533 265 2534 264 2534 222 2534 220 2535 266 2535 265 2535 267 2536 266 2536 220 2536 218 2537 268 2537 267 2537 269 2538 268 2538 218 2538 270 2539 269 2539 217 2539 271 2540 270 2540 216 2540 272 2541 271 2541 215 2541 273 2542 272 2542 214 2542 274 2543 273 2543 213 2543 211 2544 275 2544 274 2544 276 2545 275 2545 211 2545 277 2546 276 2546 210 2546 208 2547 278 2547 277 2547 279 2548 278 2548 208 2548 243 2549 279 2549 207 2549 327 2550 304 2550 305 2550 305 42 306 42 325 42 306 42 307 42 325 42 307 2551 308 2551 325 2551 308 2552 309 2552 324 2552 325 42 308 42 324 42 326 2553 327 2553 305 2553 325 2554 326 2554 305 2554 309 2555 310 2555 324 2555 311 42 312 42 320 42 312 2556 313 2556 318 2556 310 42 311 42 321 42 324 2557 310 2557 323 2557 322 42 323 42 310 42 319 42 320 42 312 42 320 42 321 42 311 42 321 42 322 42 310 42 312 2558 318 2558 319 2558 313 2559 314 2559 318 2559 314 2560 315 2560 316 2560 316 42 317 42 314 42 305 2561 304 2561 280 2561 282 2562 306 2562 305 2562 307 2563 306 2563 282 2563 308 149 307 149 283 149 309 2564 308 2564 284 2564 286 2565 310 2565 309 2565 311 2566 310 2566 286 2566 312 2567 311 2567 287 2567 289 2568 313 2568 312 2568 314 2569 313 2569 289 2569 315 156 314 156 290 156 316 157 315 157 291 157 317 2570 316 2570 292 2570 318 2571 317 2571 293 2571 295 2572 319 2572 318 2572 320 2573 319 2573 295 2573 321 2574 320 2574 296 2574 298 2575 322 2575 321 2575 323 2576 322 2576 298 2576 324 2577 323 2577 299 2577 301 2578 325 2578 324 2578 326 2579 325 2579 301 2579 327 168 326 168 302 168 280 2580 304 2580 327 2580 350 2581 351 2581 352 2581 352 2582 353 2582 350 2582 353 2583 354 2583 350 2583 354 42 355 42 371 42 355 42 356 42 370 42 371 42 355 42 370 42 356 42 357 42 370 42 357 2584 358 2584 361 2584 358 42 359 42 361 42 359 2585 360 2585 361 2585 361 2586 362 2586 363 2586 369 42 370 42 361 42 361 2587 370 2587 357 2587 371 42 350 42 354 42 363 2588 364 2588 365 2588 361 2589 363 2589 366 2589 363 42 365 42 366 42 366 2590 367 2590 361 2590 367 42 368 42 361 42 351 2591 350 2591 328 2591 352 2592 351 2592 329 2592 331 2593 353 2593 352 2593 354 2594 353 2594 331 2594 355 2595 354 2595 332 2595 356 2596 355 2596 333 2596 335 2597 357 2597 356 2597 358 2598 357 2598 335 2598 337 2599 359 2599 358 2599 360 2600 359 2600 337 2600 361 181 360 181 338 181 340 2601 362 2601 361 2601 363 2602 362 2602 340 2602 364 184 363 184 341 184 365 2603 364 2603 342 2603 344 2604 366 2604 365 2604 367 2605 366 2605 344 2605 368 2606 367 2606 345 2606 369 2607 368 2607 346 2607 370 190 369 190 347 190 349 2608 371 2608 370 2608 350 2609 371 2609 349 2609 395 2610 384 2610 387 2610 384 42 385 42 387 42 385 2611 386 2611 387 2611 387 42 388 42 389 42 389 42 390 42 391 42 392 42 393 42 395 42 393 2612 394 2612 395 2612 389 2613 391 2613 392 2613 387 2614 389 2614 392 2614 385 2615 384 2615 372 2615 386 2616 385 2616 373 2616 387 2617 386 2617 374 2617 388 2618 387 2618 375 2618 389 2619 388 2619 376 2619 378 2620 390 2620 389 2620 391 2621 390 2621 378 2621 392 201 391 201 379 201 381 2622 393 2622 392 2622 394 2623 393 2623 381 2623 395 2624 394 2624 382 2624 384 2625 395 2625 383 2625 425 2626 411 2626 412 2626 412 42 413 42 414 42 415 42 416 42 419 42 416 42 417 42 418 42 412 42 414 42 415 42 423 2627 424 2627 425 2627 425 42 412 42 420 42 412 42 415 42 420 42 416 2628 418 2628 419 2628 419 42 420 42 415 42 421 42 422 42 423 42 420 42 421 42 425 42 412 2629 411 2629 396 2629 413 2630 412 2630 410 2630 414 2631 413 2631 409 2631 415 209 414 209 408 209 416 2632 415 2632 407 2632 417 2633 416 2633 406 2633 418 2634 417 2634 405 2634 419 2635 418 2635 404 2635 420 2636 419 2636 403 2636 421 2637 420 2637 402 2637 400 2638 422 2638 421 2638 423 2639 422 2639 400 2639 424 218 423 218 399 218 425 2640 424 2640 398 2640 396 2641 411 2641 425 2641 437 42 432 42 436 42 432 42 433 42 436 42 433 2642 434 2642 436 2642 433 2643 432 2643 426 2643 434 2644 433 2644 427 2644 435 2645 434 2645 428 2645 430 2646 436 2646 435 2646 437 2647 436 2647 430 2647 432 2648 437 2648 431 2648 507 42 473 42 477 42 473 2649 474 2649 477 2649 474 2650 475 2650 476 2650 474 2651 476 2651 477 2651 505 42 506 42 498 42 506 42 507 42 497 42 503 42 504 42 505 42 501 2652 502 2652 500 2652 502 42 503 42 500 42 498 2653 499 2653 500 2653 478 2654 479 2654 480 2654 507 2655 477 2655 478 2655 500 42 503 42 498 42 503 2656 505 2656 498 2656 506 2657 497 2657 498 2657 507 2658 478 2658 482 2658 497 2659 507 2659 495 2659 478 42 480 42 482 42 480 42 481 42 482 42 495 42 496 42 497 42 493 42 494 42 495 42 493 42 495 42 483 42 483 2660 495 2660 507 2660 483 42 507 42 482 42 483 2661 484 2661 485 2661 486 2662 487 2662 492 2662 487 2663 488 2663 491 2663 492 42 487 42 491 42 488 2664 489 2664 491 2664 489 42 490 42 491 42 493 42 483 42 485 42 492 2665 493 2665 485 2665 474 228 473 228 438 228 475 2666 474 2666 439 2666 476 2667 475 2667 440 2667 442 2668 477 2668 476 2668 478 2669 477 2669 442 2669 479 233 478 233 443 233 480 2670 479 2670 444 2670 481 235 480 235 445 235 482 2671 481 2671 446 2671 483 237 482 237 447 237 484 2672 483 2672 448 2672 450 2673 485 2673 484 2673 451 2674 486 2674 485 2674 487 2675 486 2675 451 2675 488 242 487 242 452 242 489 2676 488 2676 453 2676 490 2677 489 2677 454 2677 491 2678 490 2678 455 2678 492 2679 491 2679 456 2679 493 2680 492 2680 457 2680 494 2681 493 2681 458 2681 495 2682 494 2682 459 2682 496 2683 495 2683 460 2683 497 251 496 251 461 251 498 2684 497 2684 462 2684 499 2685 498 2685 463 2685 500 2686 499 2686 464 2686 501 2687 500 2687 465 2687 502 2688 501 2688 466 2688 503 2689 502 2689 467 2689 504 2690 503 2690 468 2690 505 259 504 259 469 259 506 2691 505 2691 470 2691 507 2692 506 2692 471 2692 473 2693 507 2693 472 2693 531 2694 520 2694 530 2694 520 42 521 42 530 42 521 42 522 42 524 42 522 2695 523 2695 524 2695 524 42 525 42 526 42 528 42 529 42 527 42 529 42 530 42 527 42 524 42 526 42 527 42 530 42 521 42 527 42 521 263 520 263 508 263 522 2696 521 2696 509 2696 523 2697 522 2697 510 2697 524 266 523 266 511 266 525 2698 524 2698 512 2698 526 2699 525 2699 513 2699 527 2700 526 2700 514 2700 528 2701 527 2701 515 2701 529 2702 528 2702 516 2702 530 2703 529 2703 517 2703 531 2704 530 2704 518 2704 520 2705 531 2705 519 2705 565 2706 549 2706 550 2706 564 42 565 42 563 42 565 2707 550 2707 560 2707 563 42 565 42 561 42 561 2708 562 2708 563 2708 565 42 560 42 561 42 550 42 551 42 559 42 560 2709 550 2709 559 2709 558 42 559 42 551 42 556 42 557 42 555 42 557 2710 558 2710 554 2710 554 42 555 42 557 42 552 2711 553 2711 554 2711 551 2712 552 2712 558 2712 550 276 549 276 532 276 551 277 550 277 533 277 552 2713 551 2713 534 2713 553 279 552 279 535 279 537 2714 554 2714 553 2714 555 2715 554 2715 537 2715 556 2716 555 2716 538 2716 557 2717 556 2717 539 2717 558 2718 557 2718 540 2718 559 2719 558 2719 541 2719 543 2720 560 2720 559 2720 561 287 560 287 543 287 562 2721 561 2721 544 2721 563 2722 562 2722 545 2722 547 290 564 290 563 290 565 2723 564 2723 547 2723 549 2724 565 2724 548 2724 599 42 583 42 584 42 585 42 586 42 587 42 599 2725 584 2725 585 2725 597 42 598 42 596 42 598 42 599 42 596 42 594 2726 595 2726 596 2726 599 42 585 42 596 42 585 42 587 42 589 42 587 2727 588 2727 589 2727 590 42 591 42 593 42 591 2728 592 2728 593 2728 585 42 589 42 596 42 589 2729 590 2729 594 2729 590 2730 593 2730 594 2730 567 2731 584 2731 583 2731 585 2732 584 2732 567 2732 569 2733 586 2733 585 2733 587 2734 586 2734 569 2734 588 2735 587 2735 570 2735 572 2736 589 2736 588 2736 590 2737 589 2737 572 2737 591 2738 590 2738 573 2738 575 2739 592 2739 591 2739 593 2740 592 2740 575 2740 594 2741 593 2741 576 2741 595 2742 594 2742 577 2742 596 2743 595 2743 578 2743 580 2744 597 2744 596 2744 598 2745 597 2745 580 2745 582 2746 599 2746 598 2746 583 2747 599 2747 582 2747 604 42 605 42 606 42 601 2748 605 2748 604 2748 602 2749 606 2749 605 2749 607 2750 606 2750 602 2750 604 2751 607 2751 603 2751 612 42 613 42 614 42 613 316 612 316 608 316 614 2752 613 2752 609 2752 615 318 614 318 610 318 612 2753 615 2753 611 2753 621 42 622 42 623 42 617 2754 621 2754 620 2754 622 2755 621 2755 617 2755 623 2756 622 2756 618 2756 620 2757 623 2757 619 2757 629 2758 630 2758 631 2758 625 2759 629 2759 628 2759 630 2760 629 2760 625 2760 631 2761 630 2761 626 2761 628 2762 631 2762 627 2762 643 2763 638 2763 640 2763 638 2764 639 2764 640 2764 640 42 641 42 642 42 639 2765 638 2765 632 2765 640 2766 639 2766 633 2766 641 2767 640 2767 634 2767 636 2768 642 2768 641 2768 643 2769 642 2769 636 2769 638 2770 643 2770 637 2770 663 42 654 42 662 42 654 2771 655 2771 656 2771 656 2772 657 2772 658 2772 654 2773 656 2773 662 2773 660 42 661 42 662 42 656 2774 658 2774 659 2774 660 2775 662 2775 656 2775 655 2776 654 2776 644 2776 656 2777 655 2777 645 2777 657 338 656 338 646 338 658 2778 657 2778 647 2778 659 2779 658 2779 648 2779 650 2780 660 2780 659 2780 661 2781 660 2781 650 2781 662 2782 661 2782 651 2782 653 2783 663 2783 662 2783 644 2784 654 2784 663 2784 693 2785 679 2785 680 2785 680 42 681 42 693 42 681 42 682 42 693 42 683 42 684 42 685 42 692 42 693 42 682 42 683 2786 685 2786 686 2786 692 2787 682 2787 683 2787 689 42 690 42 687 42 690 2788 691 2788 687 2788 691 42 692 42 686 42 692 42 683 42 686 42 686 2789 687 2789 691 2789 665 2790 680 2790 679 2790 681 2791 680 2791 665 2791 682 2792 681 2792 666 2792 683 2793 682 2793 667 2793 684 2794 683 2794 668 2794 670 2795 685 2795 684 2795 686 2796 685 2796 670 2796 687 2797 686 2797 671 2797 688 2798 687 2798 672 2798 689 2799 688 2799 673 2799 690 2800 689 2800 674 2800 676 2801 691 2801 690 2801 692 2802 691 2802 676 2802 693 2803 692 2803 677 2803 679 2804 693 2804 678 2804 699 2805 700 2805 701 2805 699 2806 698 2806 694 2806 696 2807 700 2807 699 2807 701 2808 700 2808 696 2808 694 2809 698 2809 701 2809 707 2810 708 2810 709 2810 703 2811 707 2811 706 2811 708 2812 707 2812 703 2812 709 2813 708 2813 704 2813 702 2814 706 2814 709 2814 714 42 715 42 716 42 715 2815 714 2815 710 2815 716 373 715 373 711 373 717 2816 716 2816 712 2816 714 2817 717 2817 713 2817 722 42 723 42 724 42 723 2818 722 2818 718 2818 720 2819 724 2819 723 2819 725 2820 724 2820 720 2820 722 2821 725 2821 721 2821 731 2822 732 2822 733 2822 731 380 730 380 726 380 728 2823 732 2823 731 2823 733 382 732 382 728 382 730 2824 733 2824 729 2824 739 2825 740 2825 741 2825 739 384 738 384 734 384 740 2826 739 2826 735 2826 741 2827 740 2827 736 2827 738 2828 741 2828 737 2828 747 42 748 42 749 42 747 2829 746 2829 742 2829 748 2830 747 2830 743 2830 749 2831 748 2831 744 2831 742 2832 746 2832 749 2832 754 42 755 42 756 42 755 2833 754 2833 750 2833 756 2834 755 2834 751 2834 757 395 756 395 752 395 750 2835 754 2835 757 2835 771 2836 765 2836 768 2836 765 2837 766 2837 768 2837 766 2838 767 2838 768 2838 768 42 769 42 770 42 766 2839 765 2839 758 2839 767 2840 766 2840 759 2840 768 2841 767 2841 760 2841 762 2842 769 2842 768 2842 770 2843 769 2843 762 2843 771 2844 770 2844 763 2844 765 2845 771 2845 764 2845 785 42 779 42 780 42 781 42 782 42 784 42 782 2846 783 2846 784 2846 785 42 780 42 781 42 780 2847 779 2847 772 2847 774 2848 781 2848 780 2848 782 2849 781 2849 774 2849 783 408 782 408 775 408 784 2850 783 2850 776 2850 778 2851 785 2851 784 2851 772 2852 779 2852 785 2852 799 42 793 42 798 42 793 2853 794 2853 795 2853 795 2854 796 2854 797 2854 793 2855 795 2855 798 2855 794 2856 793 2856 786 2856 795 2857 794 2857 787 2857 789 2858 796 2858 795 2858 797 2859 796 2859 789 2859 791 2860 798 2860 797 2860 799 2861 798 2861 791 2861 786 2862 793 2862 799 2862 813 42 807 42 808 42 808 2863 809 2863 811 2863 809 2864 810 2864 811 2864 811 42 812 42 813 42 808 2865 807 2865 800 2865 802 2866 809 2866 808 2866 803 2867 810 2867 809 2867 811 2868 810 2868 803 2868 812 2869 811 2869 804 2869 806 2870 813 2870 812 2870 807 2871 813 2871 806 2871 853 42 834 42 835 42 835 2872 836 2872 845 2872 836 2873 837 2873 838 2873 838 2874 839 2874 840 2874 836 2875 838 2875 841 2875 842 42 836 42 841 42 851 42 852 42 850 42 852 2876 853 2876 850 2876 853 2877 835 2877 850 2877 836 2878 842 2878 845 2878 850 42 835 42 849 42 838 42 840 42 841 42 842 2879 843 2879 845 2879 843 2880 844 2880 845 2880 847 42 848 42 846 42 848 2881 849 2881 846 2881 849 42 835 42 846 42 815 2882 835 2882 834 2882 836 2883 835 2883 815 2883 817 2884 837 2884 836 2884 838 2885 837 2885 817 2885 839 2886 838 2886 818 2886 820 2887 840 2887 839 2887 841 2888 840 2888 820 2888 842 2889 841 2889 821 2889 823 2890 843 2890 842 2890 844 2891 843 2891 823 2891 825 2892 845 2892 844 2892 846 437 845 437 825 437 847 2893 846 2893 826 2893 828 2894 848 2894 847 2894 849 2895 848 2895 828 2895 850 2896 849 2896 829 2896 851 2897 850 2897 830 2897 832 2898 852 2898 851 2898 853 2899 852 2899 832 2899 834 2900 853 2900 833 2900 885 42 870 42 871 42 871 42 872 42 878 42 872 2901 873 2901 874 2901 874 42 875 42 877 42 875 42 876 42 877 42 872 2902 874 2902 877 2902 878 42 872 42 877 42 883 2903 884 2903 882 2903 884 2904 885 2904 882 2904 885 42 871 42 882 42 882 2905 871 2905 881 2905 878 42 879 42 881 42 879 42 880 42 881 42 855 2906 871 2906 870 2906 872 2907 871 2907 855 2907 873 2908 872 2908 856 2908 858 2909 874 2909 873 2909 875 2910 874 2910 858 2910 876 451 875 451 859 451 861 2911 877 2911 876 2911 878 2912 877 2912 861 2912 879 2913 878 2913 862 2913 880 2914 879 2914 863 2914 865 2915 881 2915 880 2915 882 2916 881 2916 865 2916 867 2917 883 2917 882 2917 884 2918 883 2918 867 2918 885 2919 884 2919 868 2919 870 2920 885 2920 869 2920 890 42 891 42 892 42 887 2921 891 2921 890 2921 892 2922 891 2922 887 2922 889 2923 893 2923 892 2923 890 2924 893 2924 889 2924 905 42 900 42 902 42 900 2925 901 2925 902 2925 902 42 903 42 904 42 901 2926 900 2926 894 2926 896 2927 902 2927 901 2927 903 2928 902 2928 896 2928 904 2929 903 2929 897 2929 905 2930 904 2930 898 2930 894 2931 900 2931 905 2931 917 42 912 42 913 42 913 42 914 42 917 42 914 2932 915 2932 917 2932 913 2933 912 2933 906 2933 914 2934 913 2934 907 2934 915 2935 914 2935 908 2935 916 2936 915 2936 909 2936 911 2937 917 2937 916 2937 912 2938 917 2938 911 2938 929 42 924 42 925 42 925 42 926 42 929 42 926 2939 927 2939 929 2939 925 480 924 480 918 480 926 2940 925 2940 919 2940 927 2941 926 2941 920 2941 928 483 927 483 921 483 929 2942 928 2942 922 2942 924 485 929 485 923 485 945 42 938 42 939 42 940 42 941 42 942 42 945 2943 939 2943 944 2943 939 2944 940 2944 944 2944 943 2945 944 2945 940 2945 939 2946 938 2946 930 2946 940 2947 939 2947 931 2947 941 2948 940 2948 932 2948 942 2949 941 2949 933 2949 943 2950 942 2950 934 2950 936 2951 944 2951 943 2951 945 2952 944 2952 936 2952 938 494 945 494 937 494 965 42 956 42 959 42 956 2953 957 2953 959 2953 957 42 958 42 959 42 963 42 964 42 961 42 964 2954 965 2954 961 2954 961 42 962 42 963 42 965 2955 959 2955 960 2955 957 2956 956 2956 946 2956 958 2957 957 2957 947 2957 959 2958 958 2958 948 2958 960 2959 959 2959 949 2959 961 2960 960 2960 950 2960 962 501 961 501 951 501 963 2961 962 2961 952 2961 964 2962 963 2962 953 2962 965 2963 964 2963 954 2963 956 2964 965 2964 955 2964 971 2965 972 2965 973 2965 971 2966 970 2966 966 2966 972 508 971 508 967 508 969 2967 973 2967 972 2967 970 2968 973 2968 969 2968 978 2969 979 2969 980 2969 979 2970 978 2970 974 2970 976 2971 980 2971 979 2971 981 2972 980 2972 976 2972 974 2973 978 2973 981 2973 986 2974 987 2974 988 2974 987 2975 986 2975 982 2975 988 2976 987 2976 983 2976 985 2977 989 2977 988 2977 986 2978 989 2978 985 2978 995 42 996 42 997 42 995 521 994 521 990 521 996 2979 995 2979 991 2979 993 2980 997 2980 996 2980 994 524 997 524 993 524 1002 2981 1003 2981 1004 2981 1003 526 1002 526 998 526 1000 2982 1004 2982 1003 2982 1005 2983 1004 2983 1000 2983 1002 2984 1005 2984 1001 2984 1010 42 1011 42 1012 42 1011 2985 1010 2985 1006 2985 1012 2986 1011 2986 1007 2986 1009 2987 1013 2987 1012 2987 1010 2988 1013 2988 1009 2988 1029 2989 1022 2989 1023 2989 1023 2990 1024 2990 1029 2990 1024 42 1025 42 1026 42 1026 42 1027 42 1029 42 1027 2991 1028 2991 1029 2991 1023 535 1022 535 1014 535 1024 2992 1023 2992 1015 2992 1017 2993 1025 2993 1024 2993 1026 2994 1025 2994 1017 2994 1027 2995 1026 2995 1018 2995 1020 2996 1028 2996 1027 2996 1029 2997 1028 2997 1020 2997 1022 542 1029 542 1021 542 1045 2998 1038 2998 1039 2998 1039 42 1040 42 1045 42 1040 2999 1041 2999 1042 2999 1042 3000 1043 3000 1045 3000 1043 3001 1044 3001 1045 3001 1039 3002 1038 3002 1030 3002 1040 3003 1039 3003 1031 3003 1033 3004 1041 3004 1040 3004 1042 3005 1041 3005 1033 3005 1043 3006 1042 3006 1034 3006 1036 3007 1044 3007 1043 3007 1045 3008 1044 3008 1036 3008 1038 3009 1045 3009 1037 3009 1065 42 1056 42 1057 42 1057 42 1058 42 1065 42 1058 42 1059 42 1061 42 1059 3010 1060 3010 1061 3010 1061 3011 1062 3011 1064 3011 1062 42 1063 42 1064 42 1058 3012 1061 3012 1065 3012 1057 3013 1056 3013 1046 3013 1058 3014 1057 3014 1047 3014 1059 3015 1058 3015 1048 3015 1050 3016 1060 3016 1059 3016 1061 3017 1060 3017 1050 3017 1062 3018 1061 3018 1051 3018 1063 3019 1062 3019 1052 3019 1064 3020 1063 3020 1053 3020 1065 3021 1064 3021 1054 3021 1056 560 1065 560 1055 560 1093 3022 1080 3022 1081 3022 1081 42 1082 42 1093 42 1082 42 1083 42 1086 42 1093 42 1082 42 1088 42 1083 3023 1084 3023 1086 3023 1084 3024 1085 3024 1086 3024 1086 3025 1087 3025 1088 3025 1088 42 1089 42 1090 42 1093 3026 1090 3026 1092 3026 1090 42 1091 42 1092 42 1088 42 1090 42 1093 42 1067 3027 1081 3027 1080 3027 1082 3028 1081 3028 1067 3028 1083 3029 1082 3029 1068 3029 1084 3030 1083 3030 1069 3030 1085 3031 1084 3031 1070 3031 1072 3032 1086 3032 1085 3032 1087 3033 1086 3033 1072 3033 1074 3034 1088 3034 1087 3034 1089 3035 1088 3035 1074 3035 1090 3036 1089 3036 1075 3036 1077 3037 1091 3037 1090 3037 1092 572 1091 572 1077 572 1093 3038 1092 3038 1078 3038 1080 574 1093 574 1079 574 1099 3039 1100 3039 1101 3039 1097 3040 1099 3040 1098 3040 1100 3041 1099 3041 1097 3041 1101 3042 1100 3042 1096 3042 1094 3043 1098 3043 1101 3043 1113 3044 1108 3044 1112 3044 1108 3045 1109 3045 1111 3045 1109 3046 1110 3046 1111 3046 1109 580 1108 580 1102 580 1110 3047 1109 3047 1103 3047 1111 3048 1110 3048 1104 3048 1112 3049 1111 3049 1105 3049 1113 3050 1112 3050 1106 3050 1102 3051 1108 3051 1113 3051 1119 3052 1120 3052 1121 3052 1119 3053 1118 3053 1114 3053 1116 3054 1120 3054 1119 3054 1121 3055 1120 3055 1116 3055 1118 3056 1121 3056 1117 3056 1137 42 1130 42 1136 42 1130 42 1131 42 1136 42 1132 42 1133 42 1134 42 1131 42 1132 42 1136 42 1134 3057 1135 3057 1132 3057 1131 3058 1130 3058 1122 3058 1132 592 1131 592 1123 592 1133 593 1132 593 1124 593 1134 3059 1133 3059 1125 3059 1135 595 1134 595 1126 595 1136 3060 1135 3060 1127 3060 1137 3061 1136 3061 1128 3061 1130 3062 1137 3062 1129 3062 1142 3063 1143 3063 1144 3063 1139 3064 1143 3064 1142 3064 1144 3065 1143 3065 1139 3065 1141 3066 1145 3066 1144 3066 1142 3067 1145 3067 1141 3067 1150 3068 1151 3068 1152 3068 1151 3069 1150 3069 1146 3069 1152 3070 1151 3070 1147 3070 1153 3071 1152 3071 1148 3071 1150 3072 1153 3072 1149 3072 1158 3073 1159 3073 1160 3073 1159 3074 1158 3074 1154 3074 1160 3075 1159 3075 1155 3075 1157 3076 1161 3076 1160 3076 1158 3077 1161 3077 1157 3077 1167 3078 1168 3078 1169 3078 1167 3079 1166 3079 1162 3079 1168 3080 1167 3080 1163 3080 1165 3081 1169 3081 1168 3081 1166 3082 1169 3082 1165 3082 1176 42 1177 42 1179 42 1177 3083 1178 3083 1179 3083 1179 42 1180 42 1181 42 1171 3084 1177 3084 1176 3084 1178 3085 1177 3085 1171 3085 1179 3086 1178 3086 1172 3086 1180 3087 1179 3087 1173 3087 1181 3088 1180 3088 1174 3088 1176 3089 1181 3089 1175 3089 1193 42 1188 42 1190 42 1188 3090 1189 3090 1190 3090 1190 3091 1191 3091 1192 3091 1189 3092 1188 3092 1182 3092 1190 3093 1189 3093 1183 3093 1191 3094 1190 3094 1184 3094 1186 3095 1192 3095 1191 3095 1193 3096 1192 3096 1186 3096 1182 3097 1188 3097 1193 3097 1205 42 1200 42 1201 42 1201 42 1202 42 1203 42 1203 3098 1204 3098 1201 3098 1195 3099 1201 3099 1200 3099 1202 3100 1201 3100 1195 3100 1203 3101 1202 3101 1196 3101 1204 3102 1203 3102 1197 3102 1205 3103 1204 3103 1198 3103 1200 3104 1205 3104 1199 3104 1217 42 1212 42 1213 42 1213 3105 1214 3105 1215 3105 1215 42 1216 42 1213 42 1207 3106 1213 3106 1212 3106 1214 3107 1213 3107 1207 3107 1215 3108 1214 3108 1208 3108 1216 3109 1215 3109 1209 3109 1211 3110 1217 3110 1216 3110 1212 3111 1217 3111 1211 3111 1229 3112 1224 3112 1226 3112 1224 42 1225 42 1226 42 1226 3113 1227 3113 1228 3113 1219 3114 1225 3114 1224 3114 1226 646 1225 646 1219 646 1221 3115 1227 3115 1226 3115 1228 3116 1227 3116 1221 3116 1229 3117 1228 3117 1222 3117 1224 3118 1229 3118 1223 3118 1241 3119 1236 3119 1238 3119 1236 3120 1237 3120 1238 3120 1238 3121 1239 3121 1240 3121 1237 3122 1236 3122 1230 3122 1238 3123 1237 3123 1231 3123 1233 3124 1239 3124 1238 3124 1240 3125 1239 3125 1233 3125 1235 3126 1241 3126 1240 3126 1230 3127 1236 3127 1241 3127 1261 42 1252 42 1253 42 1253 3128 1254 3128 1261 3128 1254 42 1255 42 1261 42 1255 42 1256 42 1258 42 1256 42 1257 42 1258 42 1258 42 1259 42 1260 42 1258 42 1260 42 1261 42 1243 3129 1253 3129 1252 3129 1254 659 1253 659 1243 659 1255 3130 1254 3130 1244 3130 1256 3131 1255 3131 1245 3131 1257 3132 1256 3132 1246 3132 1248 3133 1258 3133 1257 3133 1259 3134 1258 3134 1248 3134 1260 3135 1259 3135 1249 3135 1251 3136 1261 3136 1260 3136 1252 3137 1261 3137 1251 3137 1267 3138 1268 3138 1269 3138 1267 3139 1266 3139 1262 3139 1268 3140 1267 3140 1263 3140 1269 3141 1268 3141 1264 3141 1266 3142 1269 3142 1265 3142 1297 42 1284 42 1289 42 1284 3143 1285 3143 1287 3143 1285 3144 1286 3144 1287 3144 1287 42 1288 42 1289 42 1289 42 1290 42 1291 42 1292 3145 1293 3145 1294 3145 1289 42 1291 42 1292 42 1287 3146 1289 3146 1284 3146 1295 42 1296 42 1294 42 1296 42 1297 42 1294 42 1289 3147 1292 3147 1297 3147 1271 3148 1285 3148 1284 3148 1286 3149 1285 3149 1271 3149 1287 3150 1286 3150 1272 3150 1288 3151 1287 3151 1273 3151 1275 3152 1289 3152 1288 3152 1290 3153 1289 3153 1275 3153 1291 3154 1290 3154 1276 3154 1292 680 1291 680 1277 680 1279 3155 1293 3155 1292 3155 1294 3156 1293 3156 1279 3156 1281 3157 1295 3157 1294 3157 1296 684 1295 684 1281 684 1297 3158 1296 3158 1282 3158 1284 3159 1297 3159 1283 3159 1303 3160 1304 3160 1305 3160 1303 3161 1302 3161 1298 3161 1304 3162 1303 3162 1299 3162 1305 689 1304 689 1300 689 1298 3163 1302 3163 1305 3163 1317 42 1312 42 1313 42 1313 42 1314 42 1317 42 1314 42 1315 42 1317 42 1307 3164 1313 3164 1312 3164 1314 3165 1313 3165 1307 3165 1309 3166 1315 3166 1314 3166 1316 3167 1315 3167 1309 3167 1317 3168 1316 3169 1310 3170 1312 3171 1317 3171 1311 3171 1322 3172 1323 3172 1324 3172 1323 698 1322 698 1318 698 1320 3173 1324 3173 1323 3173 1325 3174 1324 3174 1320 3174 1322 3175 1325 3175 1321 3175 1331 42 1332 42 1333 42 1331 3176 1330 3176 1326 3176 1332 3177 1331 3177 1327 3177 1333 3178 1332 3178 1328 3178 1330 3179 1333 3179 1329 3179 1338 3180 1339 3180 1340 3180 1339 3181 1338 3181 1334 3181 1340 3182 1339 3182 1335 3182 1341 3183 1340 3183 1336 3183 1338 3184 1341 3184 1337 3184 1357 42 1350 42 1351 42 1352 42 1353 42 1354 42 1357 3185 1351 3185 1352 3185 1355 3186 1356 3186 1357 3186 1352 3187 1354 3187 1355 3187 1351 3188 1350 3188 1342 3188 1352 3189 1351 3189 1343 3189 1345 3190 1353 3190 1352 3190 1354 3191 1353 3191 1345 3191 1355 3192 1354 3192 1346 3192 1348 3193 1356 3193 1355 3193 1357 3194 1356 3194 1348 3194 1350 3195 1357 3195 1349 3195 1381 3196 1370 3196 1371 3196 1371 42 1372 42 1381 42 1372 42 1373 42 1381 42 1373 42 1374 42 1375 42 1376 42 1377 42 1380 42 1377 42 1378 42 1380 42 1373 3197 1375 3197 1376 3197 1378 3198 1379 3198 1380 3198 1380 42 1381 42 1373 42 1359 3199 1371 3199 1370 3199 1372 3200 1371 3200 1359 3200 1373 3201 1372 3201 1360 3201 1362 3202 1374 3202 1373 3202 1375 3203 1374 3203 1362 3203 1364 3204 1376 3204 1375 3204 1377 3205 1376 3205 1364 3205 1378 726 1377 726 1365 726 1379 3206 1378 3206 1366 3206 1368 3207 1380 3207 1379 3207 1381 3208 1380 3208 1368 3208 1370 3209 1381 3209 1369 3209 1387 3210 1388 3210 1389 3210 1383 3211 1387 3211 1386 3211 1388 3212 1387 3212 1383 3212 1385 3213 1389 3213 1388 3213 1386 3214 1389 3214 1385 3214 1394 3215 1395 3215 1396 3215 1395 3216 1394 3216 1390 3216 1396 3217 1395 3217 1391 3217 1397 3218 1396 3218 1392 3218 1390 3219 1394 3219 1397 3219 1402 3220 1403 3220 1404 3220 1403 3221 1402 3221 1398 3221 1400 3222 1404 3222 1403 3222 1405 3223 1404 3223 1400 3223 1398 3224 1402 3224 1405 3224 1425 3225 1416 3225 1421 3225 1416 42 1417 42 1418 42 1418 3226 1419 3226 1421 3226 1419 3227 1420 3227 1421 3227 1416 42 1418 42 1421 42 1423 42 1424 42 1422 42 1424 42 1425 42 1422 42 1417 3228 1416 3228 1406 3228 1418 3229 1417 3229 1407 3229 1409 3230 1419 3230 1418 3230 1420 3231 1419 3231 1409 3231 1411 3232 1421 3232 1420 3232 1422 3233 1421 3233 1411 3233 1423 3234 1422 3234 1412 3234 1424 3235 1423 3235 1413 3235 1425 753 1424 753 1414 753 1416 3236 1425 3236 1415 3236 1457 42 1442 42 1454 42 1442 42 1443 42 1451 42 1444 3237 1445 3237 1447 3237 1445 3238 1446 3238 1447 3238 1442 3239 1451 3239 1454 3239 1443 3240 1444 3240 1451 3240 1455 3241 1456 3241 1457 3241 1452 42 1453 42 1454 42 1454 3242 1455 3242 1457 3242 1447 42 1448 42 1450 42 1448 42 1449 42 1450 42 1444 3243 1447 3243 1450 3243 1452 42 1454 42 1451 42 1443 3244 1442 3244 1426 3244 1444 3245 1443 3245 1427 3245 1429 3246 1445 3246 1444 3246 1446 3247 1445 3247 1429 3247 1447 759 1446 759 1430 759 1448 3248 1447 3248 1431 3248 1433 3249 1449 3249 1448 3249 1450 3250 1449 3250 1433 3250 1435 3251 1451 3251 1450 3251 1452 3252 1451 3252 1435 3252 1437 3253 1453 3253 1452 3253 1454 3254 1453 3254 1437 3254 1455 3255 1454 3255 1438 3255 1440 3256 1456 3256 1455 3256 1457 3257 1456 3257 1440 3257 1426 3258 1442 3258 1457 3258 1463 42 1464 42 1465 42 1463 3259 1462 3259 1458 3259 1460 3260 1464 3260 1463 3260 1465 3261 1464 3261 1460 3261 1458 3262 1462 3262 1465 3262 1471 3263 1472 3263 1473 3263 1471 3264 1470 3264 1466 3264 1472 777 1471 777 1467 777 1469 3265 1473 3265 1472 3265 1470 3266 1473 3266 1469 3266 1479 3267 1480 3267 1481 3267 1479 3268 1478 3268 1474 3268 1476 3269 1480 3269 1479 3269 1481 3270 1480 3270 1476 3270 1478 784 1481 784 1477 784 1487 42 1488 42 1489 42 1483 3271 1487 3271 1486 3271 1488 3272 1487 3272 1483 3272 1485 3273 1489 3273 1488 3273 1486 3274 1489 3274 1485 3274 1494 3275 1495 3275 1496 3275 1495 3276 1494 3276 1490 3276 1496 3277 1495 3277 1491 3277 1493 3278 1497 3278 1496 3278 1494 3279 1497 3279 1493 3279 1503 3280 1504 3280 1505 3280 1503 3281 1502 3281 1498 3281 1504 3282 1503 3282 1499 3282 1501 3283 1505 3283 1504 3283 1498 3284 1502 3284 1505 3284 1511 42 1512 42 1513 42 1511 799 1510 799 1506 799 1512 3285 1511 3285 1507 3285 1513 3286 1512 3286 1508 3286 1506 3287 1510 3287 1513 3287 1519 3288 1520 3288 1521 3288 1519 3289 1518 3289 1514 3289 1520 3290 1519 3290 1515 3290 1521 3291 1520 3291 1516 3291 1514 3292 1518 3292 1521 3292 1527 3293 1528 3293 1529 3293 1527 809 1526 809 1522 809 1524 3294 1528 3294 1527 3294 1529 3295 1528 3295 1524 3295 1526 3296 1529 3296 1525 3296 1535 3297 1536 3297 1537 3297 1535 3298 1534 3298 1530 3298 1532 3299 1536 3299 1535 3299 1537 3300 1536 3300 1532 3300 1534 3301 1537 3301 1533 3301 1542 42 1543 42 1544 42 1539 3302 1543 3302 1542 3302 1544 3303 1543 3303 1539 3303 1545 3304 1544 3304 1540 3304 1542 3305 1545 3305 1541 3305 1551 3306 1552 3306 1553 3306 1551 3307 1550 3307 1546 3307 1552 3308 1551 3308 1547 3308 1549 3309 1553 3309 1552 3309 1550 3310 1553 3310 1549 3310 1563 3311 1559 3311 1560 3311 1560 3312 1561 3312 1562 3312 1555 3313 1560 3313 1559 3313 1561 3314 1560 3314 1555 3314 1562 3315 1561 3315 1556 3315 1563 3316 1562 3316 1557 3316 1559 3317 1563 3317 1558 3317 1568 3318 1569 3318 1570 3318 1569 3319 1568 3319 1564 3319 1570 3320 1569 3320 1565 3320 1571 3321 1570 3321 1566 3321 1568 3322 1571 3322 1567 3322 1576 42 1577 42 1578 42 1577 3323 1576 3323 1572 3323 1578 3324 1577 3324 1573 3324 1575 3325 1579 3325 1578 3325 1576 3326 1579 3326 1575 3326 1585 42 1586 42 1587 42 1585 3327 1584 3327 1580 3327 1586 3328 1585 3328 1581 3328 1583 3329 1587 3329 1586 3329 1584 3330 1587 3330 1583 3330 1592 42 1593 42 1594 42 1593 3331 1592 3331 1588 3331 1594 3332 1593 3332 1589 3332 1595 3333 1594 3333 1590 3333 1592 850 1595 850 1591 850 1601 3334 1602 3334 1603 3334 1601 3335 1600 3335 1596 3335 1598 3336 1602 3336 1601 3336 1599 3337 1603 3337 1602 3337 1600 3338 1603 3338 1599 3338 1608 42 1609 42 1610 42 1609 3339 1608 3339 1604 3339 1610 857 1609 857 1605 857 1611 3340 1610 3340 1606 3340 1608 3341 1611 3341 1607 3341 1617 3342 1618 3342 1619 3342 1617 3343 1616 3343 1612 3343 1614 3344 1618 3344 1617 3344 1619 3345 1618 3345 1614 3345 1612 3346 1616 3346 1619 3346 1631 42 1626 42 1629 42 1626 3347 1627 3347 1629 3347 1627 42 1628 42 1629 42 1627 3348 1626 3348 1620 3348 1628 3349 1627 3349 1621 3349 1629 3350 1628 3350 1622 3350 1630 868 1629 868 1623 868 1625 3351 1631 3351 1630 3351 1626 3352 1631 3352 1625 3352 1643 42 1638 42 1642 42 1638 42 1639 42 1642 42 1639 42 1640 42 1642 42 1633 3353 1639 3353 1638 3353 1640 3354 1639 3354 1633 3354 1641 3355 1640 3355 1634 3355 1642 3356 1641 3356 1635 3356 1637 3357 1643 3357 1642 3357 1638 3358 1643 3358 1637 3358 1657 3359 1651 3359 1653 3359 1651 3360 1652 3360 1653 3360 1653 42 1654 42 1655 42 1655 3361 1656 3361 1657 3361 1652 3362 1651 3362 1644 3362 1646 3363 1653 3363 1652 3363 1647 3364 1654 3364 1653 3364 1655 3365 1654 3365 1647 3365 1649 3366 1656 3366 1655 3366 1657 3367 1656 3367 1649 3367 1651 3368 1657 3368 1650 3368 1669 3369 1664 3369 1668 3369 1664 42 1665 42 1668 42 1665 3370 1666 3370 1668 3370 1665 3371 1664 3371 1658 3371 1666 3372 1665 3372 1659 3372 1667 3373 1666 3373 1660 3373 1662 3374 1668 3374 1667 3374 1669 3375 1668 3375 1662 3375 1658 3376 1664 3376 1669 3376 1685 42 1678 42 1679 42 1679 42 1680 42 1685 42 1680 3377 1681 3377 1685 3377 1681 3378 1682 3378 1683 3378 1683 42 1684 42 1685 42 1679 3379 1678 3379 1670 3379 1672 3380 1680 3380 1679 3380 1681 3381 1680 3381 1672 3381 1674 3382 1682 3382 1681 3382 1683 3383 1682 3383 1674 3383 1684 3384 1683 3384 1675 3384 1685 3385 1684 3385 1676 3385 1670 3386 1678 3386 1685 3386 1701 42 1694 42 1697 42 1694 3387 1695 3387 1697 3387 1695 3388 1696 3388 1697 3388 1697 42 1698 42 1701 42 1698 3389 1699 3389 1701 3389 1695 3390 1694 3390 1686 3390 1696 3391 1695 3391 1687 3391 1697 3392 1696 3392 1688 3392 1698 3393 1697 3393 1689 3393 1699 3394 1698 3394 1690 3394 1692 3395 1700 3395 1699 3395 1701 3396 1700 3396 1692 3396 1686 3397 1694 3397 1701 3397 1717 3398 1710 3398 1713 3398 1710 3399 1711 3399 1713 3399 1711 3400 1712 3400 1713 3400 1713 42 1714 42 1717 42 1714 42 1715 42 1717 42 1711 3401 1710 3401 1702 3401 1712 3402 1711 3402 1709 3402 1713 3403 1712 3403 1708 3403 1714 3404 1713 3404 1707 3404 1715 3405 1714 3405 1706 3405 1716 3406 1715 3406 1705 3406 1717 3407 1716 3407 1704 3407 1702 3408 1710 3408 1717 3408 1733 42 1726 42 1728 42 1726 3409 1727 3409 1728 3409 1728 42 1729 42 1731 42 1729 42 1730 42 1731 42 1731 42 1732 42 1733 42 1719 3410 1727 3410 1726 3410 1728 3411 1727 3411 1719 3411 1729 920 1728 920 1720 920 1730 3412 1729 3412 1721 3412 1723 3413 1731 3413 1730 3413 1732 3414 1731 3414 1723 3414 1733 3415 1732 3415 1724 3415 1726 3416 1733 3416 1725 3416 1745 42 1740 42 1743 42 1740 3417 1741 3417 1743 3417 1741 42 1742 42 1743 42 1735 3418 1741 3418 1740 3418 1742 3419 1741 3419 1735 3419 1743 3420 1742 3420 1736 3420 1744 3421 1743 3421 1737 3421 1739 3422 1745 3422 1744 3422 1740 3423 1745 3423 1739 3423 1761 42 1754 42 1755 42 1755 3424 1756 3424 1761 3424 1756 3425 1757 3425 1758 3425 1758 3426 1759 3426 1761 3426 1759 3427 1760 3427 1761 3427 1755 3428 1754 3428 1746 3428 1756 3429 1755 3429 1747 3429 1757 3430 1756 3430 1748 3430 1750 3431 1758 3431 1757 3431 1759 3432 1758 3432 1750 3432 1760 937 1759 937 1751 937 1753 3433 1761 3433 1760 3433 1754 3434 1761 3434 1753 3434 1777 3435 1770 3435 1771 3435 1772 3436 1773 3436 1774 3436 1777 42 1771 42 1772 42 1775 3437 1776 3437 1777 3437 1772 3438 1774 3438 1777 3438 1771 3439 1770 3439 1762 3439 1764 3440 1772 3440 1771 3440 1773 3441 1772 3441 1764 3441 1766 3442 1774 3442 1773 3442 1775 944 1774 944 1766 944 1768 3443 1776 3443 1775 3443 1777 3444 1776 3444 1768 3444 1770 3445 1777 3445 1769 3445 1793 3446 1786 3446 1791 3446 1786 3447 1787 3447 1788 3447 1788 42 1789 42 1791 42 1789 42 1790 42 1791 42 1786 3448 1788 3448 1791 3448 1779 3449 1787 3449 1786 3449 1788 3450 1787 3450 1779 3450 1781 3451 1789 3451 1788 3451 1790 3452 1789 3452 1781 3452 1783 3453 1791 3453 1790 3453 1792 3454 1791 3454 1783 3454 1793 3455 1792 3455 1784 3455 1778 3456 1786 3456 1793 3456 1809 42 1802 42 1803 42 1804 3457 1805 3457 1806 3457 1809 42 1803 42 1804 42 1807 3458 1808 3458 1809 3458 1804 42 1806 42 1807 42 1803 3459 1802 3459 1794 3459 1804 3460 1803 3460 1795 3460 1805 3461 1804 3461 1796 3461 1806 960 1805 960 1797 960 1807 961 1806 961 1798 961 1800 3462 1808 3462 1807 3462 1809 3463 1808 3463 1800 3463 1802 3464 1809 3464 1801 3464 1825 3465 1818 3465 1820 3465 1818 3466 1819 3466 1820 3466 1820 3467 1821 3467 1823 3467 1821 3468 1822 3468 1823 3468 1823 42 1824 42 1825 42 1819 3469 1818 3469 1810 3469 1812 3470 1820 3470 1819 3470 1821 3471 1820 3471 1812 3471 1822 3472 1821 3472 1813 3472 1815 3473 1823 3473 1822 3473 1824 3474 1823 3474 1815 3474 1817 3475 1825 3475 1824 3475 1818 3476 1825 3476 1817 3476 1845 3477 1836 3477 1837 3477 1838 42 1839 42 1840 42 1845 42 1837 42 1838 42 1843 42 1844 42 1845 42 1840 42 1841 42 1842 42 1842 3478 1843 3478 1845 3478 1845 42 1838 42 1842 42 1837 3479 1836 3479 1826 3479 1838 975 1837 975 1827 975 1839 3480 1838 3480 1828 3480 1840 977 1839 977 1829 977 1841 978 1840 978 1830 978 1842 3481 1841 3481 1831 3481 1843 3482 1842 3482 1832 3482 1844 3483 1843 3483 1833 3483 1845 3484 1844 3484 1834 3484 1836 3485 1845 3485 1835 3485 1865 3486 1856 3486 1858 3486 1856 3487 1857 3487 1858 3487 1858 42 1859 42 1860 42 1863 3488 1864 3488 1865 3488 1861 42 1862 42 1860 42 1862 3489 1863 3489 1860 3489 1865 3490 1858 3490 1860 3490 1857 3491 1856 3491 1846 3491 1848 3492 1858 3492 1857 3492 1859 3493 1858 3493 1848 3493 1860 3494 1859 3494 1849 3494 1861 3495 1860 3495 1850 3495 1862 3496 1861 3496 1851 3496 1863 3497 1862 3497 1852 3497 1854 3498 1864 3498 1863 3498 1865 3499 1864 3499 1854 3499 1846 3500 1856 3500 1865 3500 1885 3501 1876 3501 1878 3501 1876 3502 1877 3502 1878 3502 1878 42 1879 42 1880 42 1882 3503 1883 3503 1884 3503 1884 42 1885 42 1878 42 1880 3504 1881 3504 1882 3504 1884 42 1878 42 1880 42 1877 3505 1876 3505 1866 3505 1868 3506 1878 3506 1877 3506 1879 3507 1878 3507 1868 3507 1870 3508 1880 3508 1879 3508 1881 3509 1880 3509 1870 3509 1882 3510 1881 3510 1871 3510 1873 3511 1883 3511 1882 3511 1884 3512 1883 3512 1873 3512 1885 3513 1884 3513 1874 3513 1876 1003 1885 1003 1875 1003 1909 42 1898 42 1906 42 1898 42 1899 42 1906 42 1899 3514 1900 3514 1903 3514 1900 3515 1901 3515 1903 3515 1901 3516 1902 3516 1903 3516 1903 42 1904 42 1899 42 1904 3517 1905 3517 1906 3517 1906 3518 1907 3518 1909 3518 1907 42 1908 42 1909 42 1899 3519 1898 3519 1886 3519 1888 3520 1900 3520 1899 3520 1901 3521 1900 3521 1888 3521 1890 3522 1902 3522 1901 3522 1891 3523 1903 3523 1902 3523 1904 3524 1903 3524 1891 3524 1893 3525 1905 3525 1904 3525 1906 3526 1905 3526 1893 3526 1907 1012 1906 1012 1894 1012 1896 3527 1908 3527 1907 3527 1909 1014 1908 1014 1896 1014 1898 1015 1909 1015 1897 1015 1915 42 1916 42 1917 42 1915 3528 1914 3528 1910 3528 1916 3529 1915 3529 1911 3529 1913 3530 1917 3530 1916 3530 1914 3531 1917 3531 1913 3531 1922 3532 1923 3532 1924 3532 1919 3533 1923 3533 1922 3533 1924 3534 1923 3534 1919 3534 1925 3535 1924 3535 1920 3535 1918 3536 1922 3536 1925 3536 1931 42 1932 42 1933 42 1931 3537 1930 3537 1926 3537 1932 1026 1931 1026 1927 1026 1933 3538 1932 3538 1928 3538 1930 3539 1933 3539 1929 3539 1939 42 1940 42 1941 42 1935 3540 1939 3540 1938 3540 1940 3541 1939 3541 1935 3541 1941 3542 1940 3542 1936 3542 1938 3543 1941 3543 1937 3543 1946 3544 1947 3544 1948 3544 1947 3545 1946 3545 1942 3545 1948 3546 1947 3546 1943 3546 1949 3547 1948 3547 1944 3547 1942 3548 1946 3548 1949 3548 1954 42 1955 42 1956 42 1955 3549 1954 3549 1950 3549 1952 3550 1956 3550 1955 3550 1953 3551 1957 3551 1956 3551 1954 3552 1957 3552 1953 3552 1969 42 1964 42 1965 42 1965 42 1966 42 1969 42 1966 3553 1967 3553 1969 3553 1965 3554 1964 3554 1958 3554 1966 1043 1965 1043 1959 1043 1961 3555 1967 3555 1966 3555 1968 3556 1967 3556 1961 3556 1969 3557 1968 3557 1962 3557 1964 3558 1969 3558 1963 3558 1985 3559 1978 3559 1983 3559 1978 42 1979 42 1980 42 1980 3560 1981 3560 1983 3560 1981 3561 1982 3561 1983 3561 1978 3562 1980 3562 1983 3562 1971 3563 1979 3563 1978 3563 1980 1049 1979 1049 1971 1049 1981 3564 1980 3564 1972 3564 1974 3565 1982 3565 1981 3565 1983 3566 1982 3566 1974 3566 1984 3567 1983 3567 1975 3567 1985 3568 1984 3568 1976 3568 1978 3569 1985 3569 1977 3569 2001 42 1994 42 2000 42 1994 42 1995 42 1996 42 1996 3570 1997 3570 1998 3570 1994 42 1996 42 2000 42 1998 3571 1999 3571 1996 3571 1987 3572 1995 3572 1994 3572 1996 3573 1995 3573 1987 3573 1997 3574 1996 3574 1988 3574 1998 3575 1997 3575 1989 3575 1999 3576 1998 3576 1990 3576 2000 3577 1999 3577 1991 3577 2001 3578 2000 3578 1992 3578 1986 3579 1994 3579 2001 3579 2017 42 2010 42 2012 42 2010 42 2011 42 2012 42 2012 3580 2013 3580 2014 3580 2014 3581 2015 3581 2016 3581 2016 3582 2017 3582 2012 3582 2003 3583 2011 3583 2010 3583 2012 3584 2011 3584 2003 3584 2005 3585 2013 3585 2012 3585 2014 3586 2013 3586 2005 3586 2015 3587 2014 3587 2006 3587 2008 3588 2016 3588 2015 3588 2017 3589 2016 3589 2008 3589 2010 3590 2017 3590 2009 3590 2033 3591 2026 3591 2028 3591 2026 3592 2027 3592 2028 3592 2028 42 2029 42 2030 42 2031 42 2032 42 2033 42 2028 42 2030 42 2031 42 2027 3593 2026 3593 2018 3593 2028 3594 2027 3594 2019 3594 2029 3595 2028 3595 2020 3595 2030 3596 2029 3596 2021 3596 2023 3597 2031 3597 2030 3597 2032 3598 2031 3598 2023 3598 2033 3599 2032 3599 2024 3599 2018 3600 2026 3600 2033 3600 2049 42 2042 42 2046 42 2042 3601 2043 3601 2044 3601 2044 3602 2045 3602 2046 3602 2042 3603 2044 3603 2046 3603 2047 42 2048 42 2046 42 2035 3604 2043 3604 2042 3604 2044 3605 2043 3605 2035 3605 2037 3606 2045 3606 2044 3606 2046 3607 2045 3607 2037 3607 2039 3608 2047 3608 2046 3608 2048 3609 2047 3609 2039 3609 2041 3610 2049 3610 2048 3610 2042 3611 2049 3611 2041 3611 2069 42 2060 42 2068 42 2060 3612 2061 3612 2068 3612 2062 3613 2063 3613 2064 3613 2061 3614 2062 3614 2068 3614 2066 3615 2067 3615 2064 3615 2067 42 2068 42 2064 42 2064 3616 2065 3616 2066 3616 2061 3617 2060 3617 2050 3617 2062 3618 2061 3618 2051 3618 2063 3619 2062 3619 2052 3619 2054 3620 2064 3620 2063 3620 2065 3621 2064 3621 2054 3621 2066 3622 2065 3622 2055 3622 2067 3623 2066 3623 2056 3623 2068 1096 2067 1096 2057 1096 2069 3624 2068 3624 2058 3624 2060 3625 2069 3625 2059 3625 2074 3626 2075 3626 2076 3626 2071 3627 2075 3627 2074 3627 2076 3628 2075 3628 2071 3628 2073 3629 2077 3629 2076 3629 2074 3630 2077 3630 2073 3630 2082 42 2083 42 2084 42 2079 3631 2083 3631 2082 3631 2084 3632 2083 3632 2079 3632 2085 3633 2084 3633 2080 3633 2082 3634 2085 3634 2081 3634 2091 42 2092 42 2093 42 2091 3635 2090 3635 2086 3635 2088 3636 2092 3636 2091 3636 2093 3637 2092 3637 2088 3637 2090 3638 2093 3638 2089 3638 2099 3639 2100 3639 2101 3639 2099 3640 2098 3640 2094 3640 2100 3641 2099 3641 2095 3641 2101 3642 2100 3642 2096 3642 2094 3643 2098 3643 2101 3643 2113 3644 2108 3644 2109 3644 2109 3645 2110 3645 2113 3645 2110 42 2111 42 2113 42 2103 3646 2109 3646 2108 3646 2110 3647 2109 3647 2103 3647 2111 3648 2110 3648 2104 3648 2112 3649 2111 3649 2105 3649 2113 3650 2112 3650 2106 3650 2108 3651 2113 3651 2107 3651 2125 42 2120 42 2121 42 2122 42 2123 42 2125 42 2123 42 2124 42 2125 42 2121 3652 2120 3652 2114 3652 2122 3653 2121 3653 2115 3653 2123 3654 2122 3654 2116 3654 2118 3655 2124 3655 2123 3655 2125 3656 2124 3656 2118 3656 2120 3657 2125 3657 2119 3657 2137 3658 2132 3658 2133 3658 2133 3659 2134 3659 2137 3659 2134 42 2135 42 2137 42 2133 1131 2132 1131 2126 1131 2134 1132 2133 1132 2127 1132 2135 3660 2134 3660 2128 3660 2130 3661 2136 3661 2135 3661 2137 3662 2136 3662 2130 3662 2126 3663 2132 3663 2137 3663 2149 42 2144 42 2146 42 2144 42 2145 42 2146 42 2146 42 2147 42 2148 42 2145 3664 2144 3664 2138 3664 2146 3665 2145 3665 2139 3665 2141 3666 2147 3666 2146 3666 2148 3667 2147 3667 2141 3667 2143 3668 2149 3668 2148 3668 2144 3669 2149 3669 2143 3669 2156 3670 2157 3670 2159 3670 2157 42 2158 42 2159 42 2159 42 2160 42 2161 42 2151 3671 2157 3671 2156 3671 2158 3672 2157 3672 2151 3672 2159 3673 2158 3673 2152 3673 2154 3674 2160 3674 2159 3674 2161 3675 2160 3675 2154 3675 2156 3676 2161 3676 2155 3676 2177 3677 2170 3677 2171 3677 2171 3678 2172 3678 2177 3678 2172 42 2173 42 2174 42 2174 42 2175 42 2177 42 2175 42 2176 42 2177 42 2163 3679 2171 3679 2170 3679 2172 3680 2171 3680 2163 3680 2173 3681 2172 3681 2164 3681 2166 3682 2174 3682 2173 3682 2175 3683 2174 3683 2166 3683 2176 3684 2175 3684 2167 3684 2177 3685 2176 3685 2168 3685 2170 1157 2177 1157 2169 1157 2193 3686 2186 3686 2192 3686 2186 3687 2187 3687 2188 3687 2188 42 2189 42 2190 42 2186 3688 2188 3688 2192 3688 2190 3689 2191 3689 2192 3689 2187 1159 2186 1159 2178 1159 2188 3690 2187 3690 2179 3690 2181 3691 2189 3691 2188 3691 2190 3692 2189 3692 2181 3692 2191 3693 2190 3693 2182 3693 2184 3694 2192 3694 2191 3694 2193 3695 2192 3695 2184 3695 2186 3696 2193 3696 2185 3696 2199 42 2200 42 2201 42 2195 3697 2199 3697 2198 3697 2200 3698 2199 3698 2195 3698 2201 1170 2200 1170 2196 1170 2194 3699 2198 3699 2201 3699 2207 42 2208 42 2209 42 2207 3700 2206 3700 2202 3700 2208 3701 2207 3701 2203 3701 2209 3702 2208 3702 2204 3702 2206 3703 2209 3703 2205 3703 2221 3704 2216 3704 2218 3704 2216 3705 2217 3705 2218 3705 2218 3706 2219 3706 2220 3706 2217 3707 2216 3707 2210 3707 2212 3708 2218 3708 2217 3708 2219 3709 2218 3709 2212 3709 2220 3710 2219 3710 2213 3710 2221 3711 2220 3711 2214 3711 2210 3712 2216 3712 2221 3712 2227 3713 2228 3713 2229 3713 2227 3714 2226 3714 2222 3714 2228 3715 2227 3715 2223 3715 2229 3716 2228 3716 2224 3716 2226 3717 2229 3717 2225 3717 2241 42 2236 42 2240 42 2236 42 2237 42 2240 42 2237 42 2238 42 2240 42 2237 3718 2236 3718 2230 3718 2232 3719 2238 3719 2237 3719 2239 3720 2238 3720 2232 3720 2240 3721 2239 3721 2233 3721 2235 3722 2241 3722 2240 3722 2236 3723 2241 3723 2235 3723 2253 42 2248 42 2250 42 2248 3724 2249 3724 2250 3724 2250 3725 2251 3725 2252 3725 2249 1196 2248 1196 2242 1196 2250 3726 2249 3726 2243 3726 2251 3727 2250 3727 2244 3727 2246 3728 2252 3728 2251 3728 2253 3729 2252 3729 2246 3729 2248 3730 2253 3730 2247 3730 2277 42 2266 42 2267 42 2267 42 2268 42 2274 42 2268 3731 2269 3731 2270 3731 2270 42 2271 42 2273 42 2271 42 2272 42 2273 42 2268 3732 2270 3732 2273 3732 2274 42 2268 42 2273 42 2275 42 2276 42 2277 42 2274 42 2275 42 2277 42 2267 3733 2266 3733 2254 3733 2268 3734 2267 3734 2255 3734 2269 3735 2268 3735 2256 3735 2258 3736 2270 3736 2269 3736 2271 3737 2270 3737 2258 3737 2272 3738 2271 3738 2259 3738 2273 3739 2272 3739 2260 3739 2262 3740 2274 3740 2273 3740 2275 3741 2274 3741 2262 3741 2276 3742 2275 3742 2263 3742 2277 3743 2276 3743 2264 3743 2266 1214 2277 1214 2265 1214 2301 3744 2290 3744 2296 3744 2290 3745 2291 3745 2292 3745 2292 42 2293 42 2295 42 2293 3746 2294 3746 2295 3746 2290 3747 2292 3747 2295 3747 2299 3748 2300 3748 2301 3748 2297 3749 2298 3749 2296 3749 2298 42 2299 42 2296 42 2299 42 2301 42 2296 42 2291 3750 2290 3750 2278 3750 2292 1216 2291 1216 2289 1216 2293 3751 2292 3751 2288 3751 2294 3752 2293 3752 2287 3752 2295 3753 2294 3753 2286 3753 2284 3754 2296 3754 2295 3754 2297 3755 2296 3755 2284 3755 2298 3756 2297 3756 2283 3756 2299 3757 2298 3757 2282 3757 2280 3758 2300 3758 2299 3758 2279 3759 2301 3759 2300 3759 2290 3760 2301 3760 2279 3760 2307 42 2308 42 2309 42 2307 3761 2306 3761 2302 3761 2304 3762 2308 3762 2307 3762 2309 3763 2308 3763 2304 3763 2302 3764 2306 3764 2309 3764 2315 42 2316 42 2317 42 2311 3765 2315 3765 2314 3765 2316 3766 2315 3766 2311 3766 2317 1234 2316 1234 2312 1234 2314 3767 2317 3767 2313 3767 2323 42 2324 42 2325 42 2323 3768 2322 3768 2318 3768 2324 3769 2323 3769 2319 3769 2325 1238 2324 1238 2320 1238 2322 3770 2325 3770 2321 3770 2331 3771 2332 3771 2333 3771 2331 3772 2330 3772 2326 3772 2328 3773 2332 3773 2331 3773 2333 3774 2332 3774 2328 3774 2326 3775 2330 3775 2333 3775 2339 42 2340 42 2341 42 2339 3776 2338 3776 2334 3776 2340 3777 2339 3777 2335 3777 2341 3778 2340 3778 2336 3778 2334 3779 2338 3779 2341 3779 2346 3780 2347 3780 2348 3780 2343 3781 2347 3781 2346 3781 2348 3782 2347 3782 2343 3782 2345 3783 2349 3783 2348 3783 2346 3784 2349 3784 2345 3784 2361 42 2356 42 2358 42 2356 3785 2357 3785 2358 3785 2358 3786 2359 3786 2360 3786 2357 3787 2356 3787 2350 3787 2358 1255 2357 1255 2351 1255 2353 3788 2359 3788 2358 3788 2360 1257 2359 1257 2353 1257 2361 3789 2360 3789 2354 3789 2356 3790 2361 3790 2355 3790 2373 3791 2368 3791 2370 3791 2368 3792 2369 3792 2370 3792 2370 3793 2371 3793 2372 3793 2367 3794 2369 3794 2368 3794 2370 3795 2369 3795 2367 3795 2371 3796 2370 3796 2366 3796 2372 3797 2371 3797 2365 3797 2363 3798 2373 3798 2372 3798 2368 3799 2373 3799 2363 3799 2391 3800 2383 3800 2384 3800 2384 42 2385 42 2391 42 2385 3801 2386 3801 2388 3801 2386 42 2387 42 2388 42 2388 42 2389 42 2391 42 2389 3802 2390 3802 2391 3802 2384 3803 2383 3803 2374 3803 2376 3804 2385 3804 2384 3804 2386 1270 2385 1270 2376 1270 2387 3805 2386 3805 2377 3805 2379 3806 2388 3806 2387 3806 2389 1273 2388 1273 2379 1273 2390 3807 2389 3807 2380 3807 2391 3808 2390 3808 2381 3808 2374 3809 2383 3809 2391 3809 2407 3810 2400 3810 2401 3810 2401 42 2402 42 2407 42 2402 3811 2403 3811 2404 3811 2404 3812 2405 3812 2406 3812 2402 3813 2404 3813 2407 3813 2401 3814 2400 3814 2392 3814 2402 3815 2401 3815 2393 3815 2403 3816 2402 3816 2394 3816 2404 3817 2403 3817 2395 3817 2405 3818 2404 3818 2396 3818 2406 3819 2405 3819 2397 3819 2399 3820 2407 3820 2406 3820 2400 3821 2407 3821 2399 3821 2429 3822 2419 3822 2420 3822 2420 3823 2421 3823 2422 3823 2420 42 2422 42 2423 42 2428 42 2429 42 2427 42 2429 42 2420 42 2427 42 2425 42 2426 42 2424 42 2426 42 2427 42 2423 42 2424 42 2426 42 2423 42 2409 3824 2420 3824 2419 3824 2421 3825 2420 3825 2409 3825 2422 3826 2421 3826 2410 3826 2412 3827 2423 3827 2422 3827 2424 3828 2423 3828 2412 3828 2425 3829 2424 3829 2413 3829 2426 3830 2425 3830 2414 3830 2416 3831 2427 3831 2426 3831 2417 3832 2428 3832 2427 3832 2429 3833 2428 3833 2417 3833 2419 3834 2429 3834 2418 3834 2460 3835 2461 3835 2463 3835 2461 42 2462 42 2463 42 2487 3836 2488 3836 2486 3836 2488 42 2489 42 2486 42 2489 42 2460 42 2464 42 2460 3837 2463 3837 2464 3837 2464 42 2465 42 2467 42 2465 42 2466 42 2467 42 2484 42 2485 42 2483 42 2485 3838 2486 3838 2479 3838 2483 3839 2485 3839 2480 3839 2481 42 2482 42 2483 42 2480 42 2485 42 2479 42 2486 3840 2489 3840 2471 3840 2489 3841 2464 3841 2467 3841 2468 42 2489 42 2467 42 2468 3842 2469 3842 2470 3842 2480 42 2481 42 2483 42 2477 42 2478 42 2479 42 2476 42 2477 42 2479 42 2489 3843 2468 3843 2471 3843 2468 42 2470 42 2471 42 2472 42 2473 42 2475 42 2473 42 2474 42 2475 42 2471 3844 2472 3844 2486 3844 2476 42 2479 42 2486 42 2475 42 2476 42 2486 42 2461 3845 2460 3845 2430 3845 2432 3846 2462 3846 2461 3846 2463 3847 2462 3847 2432 3847 2434 3848 2464 3848 2463 3848 2465 3849 2464 3849 2434 3849 2466 3850 2465 3850 2435 3850 2437 3851 2467 3851 2466 3851 2468 3852 2467 3852 2437 3852 2469 3853 2468 3853 2438 3853 2470 3854 2469 3854 2439 3854 2471 3855 2470 3855 2440 3855 2442 3856 2472 3856 2471 3856 2473 3857 2472 3857 2442 3857 2474 3858 2473 3858 2443 3858 2445 3859 2475 3859 2474 3859 2476 3860 2475 3860 2445 3860 2447 3857 2477 3857 2476 3857 2478 1315 2477 1315 2447 1315 2479 3861 2478 3861 2448 3861 2480 3862 2479 3862 2449 3862 2451 3863 2481 3863 2480 3863 2482 3864 2481 3864 2451 3864 2483 3865 2482 3865 2452 3865 2484 1321 2483 1321 2453 1321 2485 3866 2484 3866 2454 3866 2486 3867 2485 3867 2455 3867 2487 3868 2486 3868 2456 3868 2458 3869 2488 3869 2487 3869 2489 3870 2488 3870 2458 3870 2460 3871 2489 3871 2459 3871 2553 42 2522 42 2552 42 2522 3872 2523 3872 2552 3872 2523 3873 2524 3873 2526 3873 2524 42 2525 42 2526 42 2526 3874 2527 3874 2528 3874 2549 42 2550 42 2548 42 2550 42 2551 42 2548 42 2551 3875 2552 3875 2529 3875 2552 42 2523 42 2529 42 2523 42 2526 42 2529 42 2526 42 2528 42 2529 42 2530 42 2531 42 2532 42 2551 3876 2529 3876 2530 3876 2547 42 2548 42 2534 42 2548 42 2551 42 2533 42 2533 42 2551 42 2530 42 2545 42 2546 42 2547 42 2544 42 2545 42 2547 42 2530 42 2532 42 2533 42 2534 42 2535 42 2537 42 2535 42 2536 42 2537 42 2533 3877 2534 3877 2548 3877 2544 3878 2547 3878 2534 3878 2541 42 2542 42 2543 42 2543 42 2544 42 2538 42 2544 3879 2534 3879 2537 3879 2540 3880 2541 3880 2543 3880 2538 42 2539 42 2540 42 2544 42 2537 42 2538 42 2523 3881 2522 3881 2490 3881 2524 3882 2523 3882 2491 3882 2493 3883 2525 3883 2524 3883 2526 3884 2525 3884 2493 3884 2527 3885 2526 3885 2494 3885 2496 3886 2528 3886 2527 3886 2529 3887 2528 3887 2496 3887 2530 1336 2529 1336 2497 1336 2531 3888 2530 3888 2498 3888 2532 3889 2531 3889 2499 3889 2501 3890 2533 3890 2532 3890 2534 3891 2533 3891 2501 3891 2535 1341 2534 1341 2502 1341 2536 3892 2535 3892 2503 3892 2537 3893 2536 3893 2504 3893 2506 3894 2538 3894 2537 3894 2539 3895 2538 3895 2506 3895 2540 1346 2539 1346 2507 1346 2509 3896 2541 3896 2540 3896 2542 3897 2541 3897 2509 3897 2543 3898 2542 3898 2510 3898 2544 3899 2543 3899 2511 3899 2545 3900 2544 3900 2512 3900 2514 3901 2546 3901 2545 3901 2547 3902 2546 3902 2514 3902 2516 3903 2548 3903 2547 3903 2549 3904 2548 3904 2516 3904 2550 3905 2549 3905 2517 3905 2551 3906 2550 3906 2518 3906 2552 3907 2551 3907 2519 3907 2521 3908 2553 3908 2552 3908 2522 3909 2553 3909 2521 3909 2558 42 2559 42 2560 42 2555 3910 2559 3910 2558 3910 2560 3911 2559 3911 2555 3911 2561 3912 2560 3912 2556 3912 2558 1364 2561 1364 2557 1364 2567 42 2568 42 2569 42 2567 3913 2566 3913 2562 3913 2564 3914 2568 3914 2567 3914 2569 3915 2568 3915 2564 3915 2566 1369 2569 1369 2565 1369 2574 3916 2575 3916 2576 3916 2575 3917 2574 3917 2570 3917 2576 3918 2575 3918 2571 3918 2573 3919 2577 3919 2576 3919 2574 3920 2577 3920 2573 3920 2582 42 2583 42 2584 42 2583 3921 2582 3921 2578 3921 2584 3922 2583 3922 2579 3922 2585 3923 2584 3923 2580 3923 2578 3924 2582 3924 2585 3924 2591 3925 2592 3925 2593 3925 2587 3926 2591 3926 2590 3926 2592 3927 2591 3927 2587 3927 2593 1381 2592 1381 2588 1381 2590 3928 2593 3928 2589 3928 2605 42 2600 42 2601 42 2601 42 2602 42 2605 42 2602 42 2603 42 2605 42 2601 3929 2600 3929 2594 3929 2602 3930 2601 3930 2595 3930 2603 3931 2602 3931 2596 3931 2604 3932 2603 3932 2597 3932 2599 3933 2605 3933 2604 3933 2600 1389 2605 1389 2599 1389 2621 3934 2614 3934 2615 3934 2615 3935 2616 3935 2621 3935 2616 3936 2617 3936 2618 3936 2618 42 2619 42 2621 42 2619 3937 2620 3937 2621 3937 2615 3938 2614 3938 2606 3938 2616 3939 2615 3939 2607 3939 2617 3940 2616 3940 2608 3940 2618 3941 2617 3941 2609 3941 2619 1395 2618 1395 2610 1395 2620 3942 2619 3942 2611 3942 2621 1397 2620 1397 2612 1397 2606 3943 2614 3943 2621 3943 2641 3944 2632 3944 2640 3944 2632 3945 2633 3945 2640 3945 2640 42 2633 42 2634 42 2634 42 2635 42 2637 42 2635 42 2636 42 2637 42 2638 3946 2639 3946 2637 3946 2639 42 2640 42 2634 42 2633 3947 2632 3947 2622 3947 2634 3948 2633 3948 2623 3948 2625 3949 2635 3949 2634 3949 2636 3950 2635 3950 2625 3950 2637 3951 2636 3951 2626 3951 2628 3952 2638 3952 2637 3952 2639 3953 2638 3953 2628 3953 2640 3954 2639 3954 2629 3954 2631 3955 2641 3955 2640 3955 2632 3956 2641 3956 2631 3956 2677 42 2660 42 2661 42 2661 42 2662 42 2663 42 2663 42 2664 42 2665 42 2665 42 2666 42 2667 42 2667 3957 2668 3957 2669 3957 2670 3958 2671 3958 2672 3958 2667 3959 2669 3959 2670 3959 2661 3960 2663 3960 2677 3960 2663 3961 2665 3961 2677 3961 2665 42 2667 42 2670 42 2670 42 2672 42 2673 42 2673 3962 2674 3962 2675 3962 2675 42 2676 42 2677 42 2665 3963 2670 3963 2673 3963 2673 3964 2675 3964 2665 3964 2661 3965 2660 3965 2642 3965 2662 3966 2661 3966 2643 3966 2663 1412 2662 1412 2644 1412 2664 3967 2663 3967 2645 3967 2647 3968 2665 3968 2664 3968 2666 3969 2665 3969 2647 3969 2667 3970 2666 3970 2648 3970 2650 3971 2668 3971 2667 3971 2669 3972 2668 3972 2650 3972 2670 3973 2669 3973 2651 3973 2653 3974 2671 3974 2670 3974 2672 3975 2671 3975 2653 3975 2673 3976 2672 3976 2654 3976 2674 3977 2673 3977 2655 3977 2675 1424 2674 1424 2656 1424 2676 3978 2675 3978 2657 3978 2659 3979 2677 3979 2676 3979 2660 3980 2677 3980 2659 3980 2683 42 2684 42 2685 42 2679 3981 2683 3981 2682 3981 2684 3982 2683 3982 2679 3982 2685 3983 2684 3983 2680 3983 2682 1432 2685 1432 2681 1432 2690 42 2691 42 2692 42 2687 3984 2691 3984 2690 3984 2692 3985 2691 3985 2687 3985 2693 3986 2692 3986 2688 3986 2690 3987 2693 3987 2689 3987 2699 3988 2700 3988 2701 3988 2695 3989 2699 3989 2698 3989 2700 3990 2699 3990 2695 3990 2701 3991 2700 3991 2696 3991 2698 3992 2701 3992 2697 3992 2717 3993 2710 3993 2716 3993 2710 42 2711 42 2712 42 2712 42 2713 42 2714 42 2710 3994 2712 3994 2716 3994 2714 3995 2715 3995 2716 3995 2711 3996 2710 3996 2702 3996 2704 3997 2712 3997 2711 3997 2705 3998 2713 3998 2712 3998 2714 3999 2713 3999 2705 3999 2715 4000 2714 4000 2706 4000 2708 4001 2716 4001 2715 4001 2717 4002 2716 4002 2708 4002 2710 4003 2717 4003 2709 4003 2741 42 2730 42 2740 42 2730 42 2731 42 2732 42 2730 42 2732 42 2740 42 2733 4004 2734 4004 2735 4004 2740 42 2732 42 2739 42 2732 42 2733 42 2739 42 2737 4005 2738 4005 2739 4005 2733 42 2735 42 2736 42 2736 4006 2737 4006 2739 4006 2731 4007 2730 4007 2718 4007 2732 4008 2731 4008 2719 4008 2733 4009 2732 4009 2720 4009 2722 4010 2734 4010 2733 4010 2735 4011 2734 4011 2722 4011 2736 4012 2735 4012 2723 4012 2737 4013 2736 4013 2724 4013 2738 4014 2737 4014 2725 4014 2739 1459 2738 1459 2726 1459 2740 4015 2739 4015 2727 4015 2741 1461 2740 1461 2728 1461 2718 4016 2730 4016 2741 4016 2755 4017 2756 4017 2758 4017 2756 42 2757 42 2758 42 2758 42 2759 42 2761 42 2759 42 2760 42 2761 42 2764 42 2765 42 2763 42 2765 42 2754 42 2763 42 2762 4018 2763 4018 2754 4018 2758 42 2761 42 2755 42 2761 4019 2762 4019 2755 4019 2755 4020 2754 4020 2742 4020 2756 4021 2755 4021 2743 4021 2745 4022 2757 4022 2756 4022 2758 4023 2757 4023 2745 4023 2747 4024 2759 4024 2758 4024 2748 4025 2760 4025 2759 4025 2761 1469 2760 1469 2748 1469 2762 4026 2761 4026 2749 4026 2751 4027 2763 4027 2762 4027 2764 4028 2763 4028 2751 4028 2753 4029 2765 4029 2764 4029 2754 4030 2765 4030 2753 4030 2801 42 2784 42 2800 42 2784 42 2785 42 2786 42 2784 42 2786 42 2800 42 2787 4031 2788 4031 2789 4031 2800 42 2786 42 2791 42 2786 4032 2787 4032 2791 4032 2797 4033 2798 4033 2796 4033 2798 42 2799 42 2796 42 2799 42 2800 42 2791 42 2787 4034 2789 4034 2790 4034 2787 42 2790 42 2791 42 2796 42 2799 42 2792 42 2794 4035 2795 4035 2796 4035 2792 42 2799 42 2791 42 2792 4036 2793 4036 2794 4036 2785 4037 2784 4037 2766 4037 2786 1476 2785 1476 2767 1476 2769 4038 2787 4038 2786 4038 2788 4039 2787 4039 2769 4039 2789 4040 2788 4040 2770 4040 2790 4041 2789 4041 2771 4041 2791 1481 2790 1481 2772 1481 2792 1482 2791 1482 2773 1482 2793 4042 2792 4042 2774 4042 2794 4043 2793 4043 2775 4043 2777 4044 2795 4044 2794 4044 2778 4045 2796 4045 2795 4045 2797 4046 2796 4046 2778 4046 2798 1488 2797 1488 2779 1488 2799 4047 2798 4047 2780 4047 2800 4048 2799 4048 2781 4048 2801 4049 2800 4049 2782 4049 2766 4050 2784 4050 2801 4050 2833 42 2818 42 2820 42 2818 4051 2819 4051 2820 4051 2820 42 2821 42 2822 42 2831 42 2832 42 2833 42 2829 4052 2830 4052 2831 4052 2826 4053 2827 4053 2828 4053 2828 42 2829 42 2831 42 2831 42 2833 42 2826 42 2833 4054 2820 4054 2822 4054 2822 42 2823 42 2824 42 2833 4055 2822 4055 2826 4055 2826 4056 2828 4056 2831 4056 2824 4057 2825 4057 2826 4057 2819 4058 2818 4058 2802 4058 2820 4059 2819 4059 2803 4059 2805 4060 2821 4060 2820 4060 2822 4061 2821 4061 2805 4061 2823 4062 2822 4062 2806 4062 2808 4063 2824 4063 2823 4063 2825 4064 2824 4064 2808 4064 2826 4065 2825 4065 2809 4065 2827 4066 2826 4066 2810 4066 2828 4067 2827 4067 2811 4067 2813 4068 2829 4068 2828 4068 2830 4069 2829 4069 2813 4069 2815 4070 2831 4070 2830 4070 2832 4071 2831 4071 2815 4071 2817 4072 2833 4073 2832 4074 2818 4075 2833 4075 2817 4075 2881 4076 2858 4076 2880 4076 2858 42 2859 42 2860 42 2860 42 2861 42 2880 42 2861 4077 2862 4077 2879 4077 2858 42 2860 42 2880 42 2861 4078 2879 4078 2880 4078 2862 42 2863 42 2879 42 2863 4079 2864 4079 2865 4079 2865 4080 2866 4080 2878 4080 2866 4081 2867 4081 2878 4081 2867 42 2868 42 2878 42 2868 4082 2869 4082 2878 4082 2869 4083 2870 4083 2878 4083 2870 42 2871 42 2878 42 2871 42 2872 42 2878 42 2872 42 2873 42 2878 42 2874 42 2875 42 2876 42 2873 42 2874 42 2878 42 2863 4084 2865 4084 2879 4084 2865 4085 2878 4085 2879 4085 2874 4086 2876 4086 2877 4086 2859 1510 2858 1510 2834 1510 2860 4087 2859 4087 2835 4087 2861 4088 2860 4088 2836 4088 2862 4089 2861 4089 2837 4089 2863 4090 2862 4090 2838 4090 2864 4091 2863 4091 2839 4091 2865 4092 2864 4092 2840 4092 2866 4093 2865 4093 2841 4093 2867 1518 2866 1518 2842 1518 2868 4094 2867 4094 2843 4094 2869 4095 2868 4095 2844 4095 2870 4096 2869 4096 2845 4096 2871 1522 2870 1522 2846 1522 2872 1523 2871 1523 2847 1523 2873 4097 2872 4097 2848 4097 2874 1525 2873 1525 2849 1525 2875 4098 2874 4098 2850 4098 2852 4099 2876 4099 2875 4099 2877 4100 2876 4100 2852 4100 2878 4101 2877 4101 2853 4101 2879 4102 2878 4102 2854 4102 2880 4103 2879 4103 2855 4103 2881 1532 2880 1532 2856 1532 2858 4104 2881 4104 2857 4104 2886 42 2887 42 2888 42 2887 4105 2886 4105 2882 4105 2888 4106 2887 4106 2883 4106 2885 4107 2889 4107 2888 4107 2886 4108 2889 4108 2885 4108 2894 42 2895 42 2896 42 2891 4109 2895 4109 2894 4109 2896 4110 2895 4110 2891 4110 2897 4111 2896 4111 2892 4111 2894 4112 2897 4112 2893 4112 2903 42 2904 42 2905 42 2903 4113 2902 4113 2898 4113 2900 4114 2904 4114 2903 4114 2905 4115 2904 4115 2900 4115 2902 4116 2905 4116 2901 4116 2910 4117 2911 4117 2912 4117 2911 1546 2910 1546 2906 1546 2912 4118 2911 4118 2907 4118 2913 1548 2912 1548 2908 1548 2910 4119 2913 4119 2909 4119 2918 42 2919 42 2920 42 2919 1550 2918 1550 2914 1550 2920 4120 2919 4120 2915 4120 2921 4121 2920 4121 2916 4121 2914 4122 2918 4122 2921 4122 2926 4123 2927 4123 2928 4123 2927 4124 2926 4124 2922 4124 2928 4125 2927 4125 2923 4125 2929 4126 2928 4126 2924 4126 2926 4127 2929 4127 2925 4127 2935 42 2936 42 2937 42 2931 4128 2935 4128 2934 4128 2936 4129 2935 4129 2931 4129 2933 4130 2937 4130 2936 4130 2934 4131 2937 4131 2933 4131 2943 42 2944 42 2945 42 2943 4132 2942 4132 2938 4132 2944 4133 2943 4133 2939 4133 2941 4134 2945 4134 2944 4134 2942 4135 2945 4135 2941 4135 2961 42 2954 42 2960 42 2954 4136 2955 4136 2960 4136 2955 4137 2956 4137 2959 4137 2956 4138 2957 4138 2959 4138 2957 4139 2958 4139 2959 4139 2955 4140 2954 4140 2946 4140 2956 4141 2955 4141 2947 4141 2957 4142 2956 4142 2948 4142 2958 4143 2957 4143 2949 4143 2951 4144 2959 4144 2958 4144 2960 4145 2959 4145 2951 4145 2961 4146 2960 4146 2952 4146 2954 4147 2961 4147 2953 4147 2966 4148 2967 4148 2968 4148 2963 4149 2967 4149 2966 4149 2968 4150 2967 4150 2963 4150 2965 4151 2969 4151 2968 4151 2966 1577 2969 1577 2965 1577 2975 42 2976 42 2977 42 2971 4152 2975 4152 2974 4152 2976 4153 2975 4153 2971 4153 2977 4154 2976 4154 2972 4154 2974 4155 2977 4155 2973 4155 2999 42 2989 42 2998 42 2989 4156 2990 4156 2992 4156 2998 42 2989 42 2992 42 2990 42 2991 42 2992 42 2993 4157 2994 4157 2995 4157 2992 42 2993 42 2998 42 2996 42 2997 42 2998 42 2993 42 2995 42 2998 42 2990 4158 2989 4158 2978 4158 2991 1584 2990 1584 2988 1584 2992 4159 2991 4159 2987 4159 2993 4160 2992 4160 2986 4160 2994 4161 2993 4161 2985 4161 2995 4162 2994 4162 2984 4162 2996 4163 2995 4163 2983 4163 2997 4164 2996 4164 2982 4164 2998 4165 2997 4165 2981 4165 2999 4166 2998 4166 2980 4166 2978 4167 2989 4167 2999 4167 3009 42 3005 42 3006 42 3006 42 3007 42 3008 42 3001 4168 3006 4168 3005 4168 3007 4169 3006 4169 3001 4169 3008 4170 3007 4170 3002 4170 3009 4171 3008 4171 3003 4171 3005 4172 3009 4172 3004 4172 3021 42 3016 42 3017 42 3017 4173 3018 4173 3021 4173 3018 4174 3019 4174 3021 4174 3017 4175 3016 4175 3010 4175 3018 4176 3017 4176 3015 4176 3013 4177 3019 4177 3018 4177 3020 4178 3019 4178 3013 4178 3011 4179 3021 4179 3020 4179 3016 4180 3021 4180 3011 4180 3033 42 3028 42 3030 42 3028 42 3029 42 3030 42 3030 4181 3031 4181 3033 4181 3029 4182 3028 4182 3022 4182 3030 4183 3029 4183 3023 4183 3031 4184 3030 4184 3024 4184 3026 4185 3032 4185 3031 4185 3033 4186 3032 4186 3026 4186 3022 4187 3028 4187 3033 4187 3055 42 3045 42 3054 42 3045 42 3046 42 3054 42 3046 4188 3047 4188 3048 4188 3048 4189 3049 4189 3050 4189 3051 42 3052 42 3053 42 3048 42 3050 42 3051 42 3046 42 3048 42 3051 42 3054 42 3046 42 3051 42 3046 4190 3045 4190 3034 4190 3047 4191 3046 4191 3035 4191 3048 1616 3047 1616 3036 1616 3049 4192 3048 4192 3037 4192 3039 4193 3050 4193 3049 4193 3051 4194 3050 4194 3039 4194 3041 4195 3052 4195 3051 4195 3053 1621 3052 1621 3041 1621 3054 4196 3053 4196 3042 4196 3044 4197 3055 4197 3054 4197 3045 4198 3055 4198 3044 4198 3061 4199 3062 4199 3063 4199 3061 4200 3060 4200 3056 4200 3062 4201 3061 4201 3059 4201 3063 4202 3062 4202 3058 4202 3060 4203 3063 4203 3057 4203 3069 42 3070 42 3071 42 3067 4204 3069 4204 3068 4204 3070 4205 3069 4205 3067 4205 3071 4206 3070 4206 3066 4206 3068 4207 3071 4207 3065 4207 3091 42 3082 42 3083 42 3083 42 3084 42 3091 42 3084 4208 3085 4208 3086 4208 3086 42 3087 42 3089 42 3087 4209 3088 4209 3089 4209 3084 4210 3086 4210 3091 4210 3089 42 3090 42 3091 42 3083 4211 3082 4211 3072 4211 3084 1636 3083 1636 3081 1636 3085 4212 3084 4212 3080 4212 3086 4213 3085 4213 3079 4213 3077 4214 3087 4214 3086 4214 3088 4215 3087 4215 3077 4215 3089 4216 3088 4216 3076 4216 3090 4217 3089 4217 3075 4217 3073 4218 3091 4218 3090 4218 3082 4219 3091 4219 3073 4219 3111 4220 3102 4220 3103 4220 3103 4221 3104 4221 3111 4221 3104 4222 3105 4222 3106 4222 3106 42 3107 42 3109 42 3107 42 3108 42 3109 42 3104 4223 3106 4223 3109 4223 3111 42 3104 42 3109 42 3103 4224 3102 4224 3092 4224 3104 4225 3103 4225 3101 4225 3099 4226 3105 4226 3104 4226 3106 4227 3105 4227 3099 4227 3097 4228 3107 4228 3106 4228 3108 4229 3107 4229 3097 4229 3109 4230 3108 4230 3096 4230 3094 4231 3110 4231 3109 4231 3111 4232 3110 4232 3094 4232 3102 4233 3111 4233 3093 4233 3117 4234 3118 4234 3119 4234 3117 4235 3116 4235 3112 4235 3118 4236 3117 4236 3113 4236 3115 4237 3119 4237 3118 4237 3116 1659 3119 1659 3115 1659 3135 4238 3128 4238 3130 4238 3128 42 3129 42 3130 42 3130 42 3131 42 3133 42 3131 4239 3132 4239 3133 4239 3133 42 3134 42 3135 42 3129 4240 3128 4240 3120 4240 3122 4241 3130 4241 3129 4241 3131 4242 3130 4242 3122 4242 3132 4243 3131 4243 3123 4243 3125 4244 3133 4244 3132 4244 3134 4245 3133 4245 3125 4245 3127 4246 3135 4246 3134 4246 3128 1668 3135 1668 3127 1668 3140 4247 3141 4247 3142 4247 3141 4248 3140 4248 3136 4248 3138 4249 3142 4249 3141 4249 3143 4250 3142 4250 3138 4250 3140 4251 3143 4251 3137 4251 3159 42 3152 42 3153 42 3153 4252 3154 4252 3155 4252 3155 4253 3156 4253 3157 4253 3157 42 3158 42 3159 42 3159 42 3153 42 3155 42 3153 4254 3152 4254 3144 4254 3154 4255 3153 4255 3145 4255 3155 4256 3154 4256 3146 4256 3156 4257 3155 4257 3147 4257 3149 4258 3157 4258 3156 4258 3158 4259 3157 4259 3149 4259 3159 1680 3158 1680 3150 1680 3152 4260 3159 4260 3151 4260 3164 4261 3165 4261 3166 4261 3161 4262 3165 4262 3164 4262 3162 4263 3166 4263 3165 4263 3167 4264 3166 4264 3162 4264 3164 4265 3167 4265 3163 4265 3173 42 3174 42 3175 42 3173 4266 3172 4266 3168 4266 3170 4267 3174 4267 3173 4267 3175 4268 3174 4268 3170 4268 3168 4269 3172 4269 3175 4269 3181 4270 3182 4270 3183 4270 3181 4271 3180 4271 3176 4271 3182 1693 3181 1693 3177 1693 3183 4272 3182 4272 3178 4272 3180 1695 3183 1695 3179 1695 3188 4273 3189 4273 3190 4273 3185 4274 3189 4274 3188 4274 3186 4275 3190 4275 3189 4275 3191 4276 3190 4276 3186 4276 3188 4277 3191 4277 3187 4277 3207 4278 3200 4278 3202 4278 3200 4279 3201 4279 3202 4279 3202 42 3203 42 3206 42 3203 4280 3204 4280 3206 4280 3204 42 3205 42 3206 42 3201 1701 3200 1701 3192 1701 3202 4281 3201 4281 3193 4281 3195 4282 3203 4282 3202 4282 3204 4283 3203 4283 3195 4283 3205 1705 3204 1705 3196 1705 3206 4284 3205 4284 3197 4284 3207 4285 3206 4285 3198 4285 3200 4286 3207 4286 3199 4286 3213 42 3214 42 3215 42 3213 4287 3212 4287 3208 4287 3210 4288 3214 4288 3213 4288 3215 4289 3214 4289 3210 4289 3212 4290 3215 4290 3211 4290 3220 42 3221 42 3222 42 3217 4291 3221 4291 3220 4291 3222 1715 3221 1715 3217 1715 3223 1716 3222 1716 3218 1716 3220 4292 3223 4292 3219 4292 3228 42 3229 42 3230 42 3229 4293 3228 4293 3224 4293 3226 4294 3230 4294 3229 4294 3227 4295 3231 4295 3230 4295 3228 4296 3231 4296 3227 4296 3236 42 3237 42 3238 42 3233 4297 3237 4297 3236 4297 3238 4298 3237 4298 3233 4298 3239 4299 3238 4299 3234 4299 3236 4300 3239 4300 3235 4300 3245 4301 3246 4301 3247 4301 3245 4302 3244 4302 3240 4302 3246 4303 3245 4303 3241 4303 3247 4304 3246 4304 3242 4304 3244 4305 3247 4305 3243 4305 3259 4306 3254 4306 3255 4306 3255 42 3256 42 3259 42 3256 42 3257 42 3258 42 3255 4307 3254 4307 3248 4307 3250 4308 3256 4308 3255 4308 3257 4309 3256 4309 3250 4309 3258 4310 3257 4310 3251 4310 3253 4311 3259 4311 3258 4311 3254 1737 3259 1737 3253 1737 3279 42 3270 42 3278 42 3270 4312 3271 4312 3272 4312 3272 4313 3273 4313 3274 4313 3270 4314 3272 4314 3278 4314 3276 4315 3277 4315 3274 4315 3277 42 3278 42 3274 42 3274 4316 3275 4316 3276 4316 3261 4317 3271 4317 3270 4317 3272 4318 3271 4318 3261 4318 3273 4319 3272 4319 3262 4319 3264 4320 3274 4320 3273 4320 3275 4321 3274 4321 3264 4321 3276 4322 3275 4322 3265 4322 3277 4323 3276 4323 3266 4323 3278 4324 3277 4324 3267 4324 3269 4325 3279 4325 3278 4325 3270 4326 3279 4326 3269 4326 3284 4327 3285 4327 3286 4327 3285 4328 3284 4328 3280 4328 3286 4329 3285 4329 3281 4329 3287 4330 3286 4330 3282 4330 3284 4331 3287 4331 3283 4331 3293 42 3294 42 3295 42 3293 4332 3292 4332 3288 4332 3294 1754 3293 1754 3289 1754 3295 4333 3294 4333 3290 4333 3292 4334 3295 4334 3291 4334 3301 42 3302 42 3303 42 3301 4335 3300 4335 3296 4335 3298 4336 3302 4336 3301 4336 3303 1760 3302 1760 3298 1760 3296 4337 3300 4337 3303 4337 3315 42 3310 42 3311 42 3311 42 3312 42 3315 42 3312 4338 3313 4338 3315 4338 3311 4339 3310 4339 3304 4339 3306 4340 3312 4340 3311 4340 3313 4341 3312 4341 3306 4341 3314 4342 3313 4342 3307 4342 3315 4343 3314 4343 3308 4343 3304 4344 3310 4344 3315 4344 3327 42 3322 42 3326 42 3322 42 3323 42 3326 42 3323 42 3324 42 3326 42 3317 4345 3323 4345 3322 4345 3324 4346 3323 4346 3317 4346 3325 1770 3324 1770 3318 1770 3326 4347 3325 4347 3319 4347 3327 4348 3326 4348 3320 4348 3322 4349 3327 4349 3321 4349 3339 42 3334 42 3335 42 3335 42 3336 42 3339 42 3336 4350 3337 4350 3339 4350 3329 4351 3335 4351 3334 4351 3336 4352 3335 4352 3329 4352 3337 4353 3336 4353 3330 4353 3338 4354 3337 4354 3331 4354 3339 4355 3338 4355 3332 4355 3328 4356 3334 4356 3339 4356 3351 42 3346 42 3349 42 3346 4357 3347 4357 3349 4357 3347 42 3348 42 3349 42 3347 4358 3346 4358 3340 4358 3348 4359 3347 4359 3341 4359 3343 4360 3349 4360 3348 4360 3350 4361 3349 4361 3343 4361 3351 4362 3350 4362 3344 4362 3346 4363 3351 4363 3345 4363 3363 4364 3358 4364 3362 4364 3358 42 3359 42 3362 42 3359 42 3360 42 3362 42 3359 4365 3358 4365 3352 4365 3354 4366 3360 4366 3359 4366 3361 4367 3360 4367 3354 4367 3362 4368 3361 4368 3355 4368 3363 1792 3362 1792 3356 1792 3358 1793 3363 1793 3357 1793 3375 42 3370 42 3374 42 3370 4369 3371 4369 3374 4369 3371 4370 3372 4370 3374 4370 3371 4371 3370 4371 3364 4371 3372 4372 3371 4372 3365 4372 3373 4373 3372 4373 3366 4373 3368 4374 3374 4374 3373 4374 3369 4375 3375 4375 3374 4375 3370 4376 3375 4376 3369 4376 3381 4377 3382 4377 3383 4377 3381 4378 3380 4378 3376 4378 3382 4379 3381 4379 3377 4379 3383 1804 3382 1804 3378 1804 3380 4380 3383 4380 3379 4380 3388 4381 3389 4381 3390 4381 3389 4382 3388 4382 3384 4382 3386 4383 3390 4383 3389 4383 3391 4384 3390 4384 3386 4384 3388 4385 3391 4385 3387 4385 3401 4386 3397 4386 3399 4386 3397 4387 3398 4387 3399 4387 3398 4388 3397 4388 3392 4388 3399 4389 3398 4389 3393 4389 3395 4390 3400 4390 3399 4390 3401 4391 3400 4391 3395 4391 3397 4392 3401 4392 3396 4392 3413 42 3408 42 3410 42 3408 4393 3409 4393 3410 4393 3410 4394 3411 4394 3412 4394 3403 4395 3409 4395 3408 4395 3404 4396 3410 4396 3409 4396 3411 4397 3410 4397 3404 4397 3406 4398 3412 4398 3411 4398 3413 4399 3412 4399 3406 4399 3408 4400 3413 4400 3407 4400 3418 4401 3419 4401 3420 4401 3415 4402 3419 4402 3418 4402 3420 4403 3419 4403 3415 4403 3417 4404 3421 4404 3420 4404 3418 4405 3421 4405 3417 4405 3426 4406 3427 4406 3428 4406 3427 4407 3426 4407 3422 4407 3424 4408 3428 4408 3427 4408 3429 4409 3428 4409 3424 4409 3426 4410 3429 4410 3425 4410 3463 42 3464 42 3465 42 3465 4411 3466 4411 3463 4411 3466 4412 3467 4412 3463 4412 3467 4413 3468 4413 3469 4413 3469 4414 3470 4414 3471 4414 3472 42 3473 42 3462 42 3473 4415 3474 4415 3461 4415 3467 42 3469 42 3462 42 3469 4416 3471 4416 3462 4416 3473 42 3461 42 3462 42 3474 42 3475 42 3461 42 3471 42 3472 42 3462 42 3462 4417 3463 4417 3467 4417 3475 42 3476 42 3477 42 3478 42 3479 42 3480 42 3475 4418 3477 4418 3488 4418 3477 4419 3478 4419 3487 4419 3488 42 3477 42 3487 42 3490 42 3491 42 3461 42 3489 4420 3490 4420 3461 4420 3488 4421 3489 4421 3461 4421 3461 42 3475 42 3488 42 3478 4422 3480 4422 3481 4422 3478 42 3481 42 3482 42 3485 42 3486 42 3483 42 3486 42 3487 42 3483 42 3478 4423 3482 4423 3487 4423 3482 4424 3483 4424 3487 4424 3462 4425 3461 4425 3430 4425 3432 4426 3463 4426 3462 4426 3433 4427 3464 4427 3463 4427 3465 4428 3464 4428 3433 4428 3466 4429 3465 4429 3434 4429 3436 4430 3467 4430 3466 4430 3468 4431 3467 4431 3436 4431 3438 4432 3469 4432 3468 4432 3470 4433 3469 4433 3438 4433 3471 4434 3470 4434 3439 4434 3472 4435 3471 4435 3440 4435 3442 4436 3473 4436 3472 4436 3474 1842 3473 1842 3442 1842 3475 4437 3474 4437 3443 4437 3476 4438 3475 4438 3444 4438 3477 4439 3476 4439 3445 4439 3478 4440 3477 4440 3446 4440 3479 1847 3478 1847 3447 1847 3449 4441 3480 4441 3479 4441 3481 4442 3480 4442 3449 4442 3482 4443 3481 4443 3450 4443 3483 4444 3482 4444 3451 4444 3484 4445 3483 4445 3452 4445 3485 4446 3484 4446 3453 4446 3486 4447 3485 4447 3454 4447 3487 4448 3486 4448 3455 4448 3488 4449 3487 4449 3456 4449 3489 4450 3488 4450 3457 4450 3490 4451 3489 4451 3458 4451 3460 4452 3491 4452 3490 4452 3461 4453 3491 4453 3460 4453 3496 42 3497 42 3498 42 3493 4454 3497 4454 3496 4454 3494 4455 3498 4455 3497 4455 3499 4456 3498 4456 3494 4456 3496 4457 3499 4457 3495 4457 3504 4458 3505 4458 3506 4458 3503 4459 3505 4459 3504 4459 3506 4460 3505 4460 3503 4460 3507 4461 3506 4461 3502 4461 3504 4462 3507 4462 3501 4462 3512 42 3513 42 3514 42 3509 4463 3513 4463 3512 4463 3514 4464 3513 4464 3509 4464 3515 4465 3514 4465 3510 4465 3512 4466 3515 4466 3511 4466 3521 42 3522 42 3523 42 3519 4467 3521 4467 3520 4467 3522 4468 3521 4468 3519 4468 3523 4469 3522 4469 3518 4469 3520 4470 3523 4470 3517 4470 3535 4471 3530 4471 3532 4471 3530 4472 3531 4472 3532 4472 3532 4473 3533 4473 3534 4473 3531 4474 3530 4474 3524 4474 3532 4475 3531 4475 3529 4475 3533 4476 3532 4476 3528 4476 3534 4477 3533 4477 3527 4477 3535 4478 3534 4478 3526 4478 3524 4479 3530 4479 3535 4479 3540 4480 3541 4480 3542 4480 3537 4481 3541 4481 3540 4481 3542 4482 3541 4482 3537 4482 3543 4483 3542 4483 3538 4483 3540 4484 3543 4484 3539 4484 3549 42 3550 42 3551 42 3549 4485 3548 4485 3544 4485 3550 4486 3549 4486 3545 4486 3547 4487 3551 4487 3550 4487 3548 4488 3551 4488 3547 4488 3556 4489 3557 4489 3558 4489 3557 4490 3556 4490 3552 4490 3554 4491 3558 4491 3557 4491 3559 4492 3558 4492 3554 4492 3556 4493 3559 4493 3555 4493 3583 42 3572 42 3582 42 3572 4494 3573 4494 3582 4494 3574 42 3575 42 3577 42 3575 4495 3576 4495 3577 4495 3573 4496 3574 4496 3582 4496 3580 42 3581 42 3582 42 3577 4497 3578 4497 3579 4497 3580 4498 3582 4498 3574 4498 3577 42 3579 42 3574 42 3573 4499 3572 4499 3560 4499 3574 4500 3573 4500 3561 4500 3563 4501 3575 4501 3574 4501 3576 4502 3575 4502 3563 4502 3565 4503 3577 4503 3576 4503 3578 4504 3577 4504 3565 4504 3579 4505 3578 4505 3566 4505 3580 1905 3579 1905 3567 1905 3581 4506 3580 4506 3568 4506 3570 4507 3582 4507 3581 4507 3583 4508 3582 4508 3570 4508 3572 4509 3583 4509 3571 4509 3589 4510 3590 4510 3591 4510 3589 4511 3588 4511 3584 4511 3590 1912 3589 1912 3585 1912 3591 4512 3590 4512 3586 4512 3584 4513 3588 4513 3591 4513 3596 4514 3597 4514 3598 4514 3597 1916 3596 1916 3592 1916 3594 4515 3598 4515 3597 4515 3599 4516 3598 4516 3594 4516 3596 4517 3599 4517 3595 4517 3605 4518 3606 4518 3607 4518 3605 4519 3604 4519 3600 4519 3606 4520 3605 4520 3603 4520 3601 4521 3607 4521 3606 4521 3604 1923 3607 1923 3601 1923 3623 42 3616 42 3622 42 3616 42 3617 42 3622 42 3617 4522 3618 4522 3622 4522 3618 42 3619 42 3621 42 3619 4523 3620 4523 3621 4523 3617 4524 3616 4524 3608 4524 3610 4525 3618 4525 3617 4525 3619 4526 3618 4526 3610 4526 3620 4527 3619 4527 3611 4527 3621 4528 3620 4528 3612 4528 3614 4529 3622 4529 3621 4529 3623 4530 3622 4530 3614 4530 3608 4531 3616 4531 3623 4531 3635 42 3630 42 3634 42 3630 4532 3631 4532 3634 4532 3631 42 3632 42 3634 42 3625 4533 3631 4533 3630 4533 3632 4534 3631 4534 3625 4534 3633 4535 3632 4535 3626 4535 3634 4536 3633 4536 3627 4536 3629 4537 3635 4537 3634 4537 3630 4538 3635 4538 3629 4538 3661 42 3649 42 3660 42 3649 4539 3650 4539 3651 4539 3651 42 3652 42 3653 42 3649 42 3651 42 3660 42 3653 42 3654 42 3656 42 3654 4540 3655 4540 3656 4540 3660 4541 3651 4541 3653 4541 3657 4542 3658 4542 3659 4542 3659 42 3660 42 3653 42 3656 4543 3657 4543 3659 4543 3650 4544 3649 4544 3636 4544 3638 4545 3651 4545 3650 4545 3652 4546 3651 4546 3638 4546 3640 4547 3653 4547 3652 4547 3654 4548 3653 4548 3640 4548 3655 4549 3654 4549 3641 4549 3656 4550 3655 4550 3642 4550 3644 4551 3657 4551 3656 4551 3658 4552 3657 4552 3644 4552 3659 1948 3658 1948 3645 1948 3660 4553 3659 4553 3646 4553 3661 4554 3660 4554 3647 4554 3636 4555 3649 4555 3661 4555 3666 4556 3667 4556 3668 4556 3665 4557 3667 4557 3666 4557 3668 4558 3667 4558 3665 4558 3663 4559 3669 4559 3668 4559 3666 4560 3669 4560 3663 4560 3681 4561 3676 4561 3679 4561 3676 4562 3677 4562 3678 4562 3678 42 3679 42 3676 42 3677 4563 3676 4563 3670 4563 3674 4564 3678 4564 3677 4564 3679 4565 3678 4565 3674 4565 3680 4566 3679 4566 3673 4566 3681 4567 3680 4567 3672 4567 3676 4568 3681 4568 3671 4568 3693 42 3688 42 3692 42 3688 4569 3689 4569 3692 4569 3689 4570 3690 4570 3691 4570 3689 4571 3688 4571 3682 4571 3690 4572 3689 4572 3683 4572 3691 4573 3690 4573 3684 4573 3692 4574 3691 4574 3685 4574 3687 4575 3693 4575 3692 4575 3688 1969 3693 1969 3687 1969 3698 42 3699 42 3700 42 3697 4576 3699 4576 3698 4576 3700 4577 3699 4577 3697 4577 3701 4578 3700 4578 3696 4578 3698 4579 3701 4579 3695 4579 3706 4580 3707 4580 3708 4580 3707 1975 3706 1975 3702 1975 3708 4581 3707 4581 3705 4581 3703 4582 3709 4582 3708 4582 3706 4583 3709 4583 3703 4583 3715 4584 3716 4584 3717 4584 3715 4585 3714 4585 3710 4585 3716 4586 3715 4586 3713 4586 3717 4587 3716 4587 3712 4587 3714 4588 3717 4588 3711 4588 3749 42 3734 42 3736 42 3734 42 3735 42 3736 42 3736 4589 3737 4589 3738 4589 3747 42 3748 42 3749 42 3744 4590 3745 4590 3746 4590 3746 4591 3747 4591 3749 4591 3749 42 3736 42 3738 42 3738 4592 3739 4592 3740 4592 3740 42 3741 42 3742 42 3742 42 3743 42 3744 42 3744 42 3746 42 3738 42 3746 42 3749 42 3738 42 3738 4593 3740 4593 3744 4593 3735 4594 3734 4594 3718 4594 3732 4595 3736 4595 3735 4595 3737 4596 3736 4596 3732 4596 3730 4597 3738 4597 3737 4597 3729 4598 3739 4598 3738 4598 3740 4599 3739 4599 3729 4599 3741 4600 3740 4600 3728 4600 3742 1991 3741 1991 3727 1991 3725 4601 3743 4601 3742 4601 3744 4602 3743 4602 3725 4602 3723 4603 3745 4603 3744 4603 3746 4604 3745 4604 3723 4604 3747 4605 3746 4605 3722 4605 3748 4606 3747 4606 3721 4606 3749 4607 3748 4607 3720 4607 3734 4608 3749 4608 3719 4608 3769 4609 3760 4609 3762 4609 3760 4610 3761 4610 3762 4610 3762 4611 3763 4611 3764 4611 3767 4612 3768 4612 3769 4612 3765 42 3766 42 3764 42 3766 4613 3767 4613 3762 4613 3764 4614 3766 4614 3762 4614 3761 4615 3760 4615 3750 4615 3758 4616 3762 4616 3761 4616 3763 4617 3762 4617 3758 4617 3764 2003 3763 2003 3757 2003 3765 4618 3764 4618 3756 4618 3766 4619 3765 4619 3755 4619 3753 4620 3767 4620 3766 4620 3768 4621 3767 4621 3753 4621 3769 4622 3768 4622 3752 4622 3750 4623 3760 4623 3769 4623 3785 4624 3778 4624 3780 4624 3778 42 3779 42 3780 42 3780 4625 3781 4625 3783 4625 3781 42 3782 42 3783 42 3783 42 3784 42 3785 42 3779 4626 3778 4626 3770 4626 3776 4627 3780 4627 3779 4627 3781 4628 3780 4628 3776 4628 3774 4629 3782 4629 3781 4629 3783 2015 3782 2015 3774 2015 3784 4630 3783 4630 3773 4630 3785 2017 3784 2017 3772 2017 3778 4631 3785 4631 3771 4631 3791 42 3792 42 3793 42 3791 2019 3790 2019 3786 2019 3792 4632 3791 4632 3789 4632 3793 4633 3792 4633 3788 4633 3790 4634 3793 4634 3787 4634 3813 42 3804 42 3805 42 3806 42 3807 42 3808 42 3813 42 3805 42 3806 42 3811 4635 3812 4635 3813 4635 3808 42 3809 42 3810 42 3810 4636 3811 4636 3813 4636 3813 4637 3806 4637 3810 4637 3805 4638 3804 4638 3794 4638 3802 4639 3806 4639 3805 4639 3807 4640 3806 4640 3802 4640 3808 4641 3807 4641 3801 4641 3809 4642 3808 4642 3800 4642 3798 4643 3810 4643 3809 4643 3811 2029 3810 2029 3798 2029 3796 4644 3812 4644 3811 4644 3813 4645 3812 4645 3796 4645 3804 4646 3813 4646 3795 4646 3841 42 3828 42 3829 42 3830 4647 3831 4647 3832 4647 3841 4648 3829 4648 3830 4648 3839 4649 3840 4649 3841 4649 3837 4650 3838 4650 3839 4650 3834 42 3835 42 3832 42 3835 4651 3836 4651 3832 4651 3836 4652 3837 4652 3839 4652 3839 42 3841 42 3830 42 3832 42 3833 42 3834 42 3839 4653 3830 4653 3836 4653 3829 4654 3828 4654 3814 4654 3830 4655 3829 4655 3827 4655 3831 4656 3830 4656 3826 4656 3824 4657 3832 4657 3831 4657 3833 4658 3832 4658 3824 4658 3834 4659 3833 4659 3823 4659 3835 4660 3834 4660 3822 4660 3836 4661 3835 4661 3821 4661 3819 4662 3837 4662 3836 4662 3838 4663 3837 4663 3819 4663 3817 4664 3839 4664 3838 4664 3840 2045 3839 2045 3817 2045 3841 4665 3840 4665 3816 4665 3828 4666 3841 4666 3815 4666 3857 42 3850 42 3851 42 3851 42 3852 42 3854 42 3852 4667 3853 4667 3854 4667 3854 4668 3855 4668 3857 4668 3855 42 3856 42 3857 42 3851 4669 3850 4669 3842 4669 3852 4670 3851 4670 3849 4670 3847 4671 3853 4671 3852 4671 3846 4672 3854 4672 3853 4672 3855 4673 3854 4673 3846 4673 3856 4674 3855 4674 3845 4674 3843 4675 3857 4675 3856 4675 3842 4676 3850 4676 3857 4676 3877 42 3868 42 3871 42 3868 4677 3869 4677 3871 4677 3869 42 3870 42 3871 42 3871 42 3872 42 3873 42 3873 42 3874 42 3875 42 3875 4678 3876 4678 3877 4678 3871 42 3873 42 3877 42 3867 4679 3869 4679 3868 4679 3870 4680 3869 4680 3867 4680 3871 4681 3870 4681 3866 4681 3864 4682 3872 4682 3871 4682 3873 4683 3872 4683 3864 4683 3862 4684 3874 4684 3873 4684 3875 4685 3874 4685 3862 4685 3860 4686 3876 4686 3875 4686 3877 4687 3876 4687 3860 4687 3868 4688 3877 4688 3859 4688 3905 42 3892 42 3904 42 3892 42 3893 42 3904 42 3893 42 3894 42 3902 42 3894 4689 3895 4689 3902 4689 3895 42 3896 42 3897 42 3897 4690 3898 4690 3899 4690 3900 42 3901 42 3902 42 3897 4691 3899 4691 3900 4691 3895 4692 3897 4692 3902 4692 3902 42 3903 42 3904 42 3897 4693 3900 4693 3902 4693 3891 4694 3893 4694 3892 4694 3894 4695 3893 4695 3891 4695 3889 4696 3895 4696 3894 4696 3896 2071 3895 2071 3889 2071 3897 4697 3896 4697 3888 4697 3898 4698 3897 4698 3887 4698 3899 4699 3898 4699 3886 4699 3884 4700 3900 4700 3899 4700 3901 4701 3900 4701 3884 4701 3902 4702 3901 4702 3883 4702 3903 4703 3902 4703 3882 4703 3904 4704 3903 4704 3881 4704 3879 4705 3905 4705 3904 4705 3892 4706 3905 4706 3879 4706 3921 42 3914 42 3920 42 3914 4707 3915 4707 3917 4707 3920 4708 3914 4708 3917 4708 3915 42 3916 42 3917 42 3917 42 3918 42 3920 42 3915 4709 3914 4709 3906 4709 3912 4710 3916 4710 3915 4710 3917 4711 3916 4711 3912 4711 3910 4712 3918 4712 3917 4712 3919 4713 3918 4713 3910 4713 3920 4714 3919 4714 3909 4714 3921 4715 3920 4715 3908 4715 3906 4716 3914 4716 3921 4716 3931 4717 3927 4717 3930 4717 3927 42 3928 42 3930 42 3928 4718 3927 4718 3922 4718 3925 4719 3929 4719 3928 4719 3930 4720 3929 4720 3925 4720 3923 4721 3931 4721 3930 4721 3927 4722 3931 4722 3923 4722 3936 42 3937 42 3938 42 3937 4723 3936 4723 3932 4723 3934 4724 3938 4724 3937 4724 3939 4725 3938 4725 3934 4725 3932 4726 3936 4726 3939 4726 3945 42 3946 42 3947 42 3945 4727 3944 4727 3940 4727 3946 4728 3945 4728 3943 4728 3947 4729 3946 4729 3942 4729 3944 4730 3947 4730 3941 4730 3952 4731 3953 4731 3954 4731 3953 4732 3952 4732 3948 4732 3950 4733 3954 4733 3953 4733 3955 4734 3954 4734 3950 4734 3952 4735 3955 4735 3949 4735 3971 4736 3964 4736 3969 4736 3964 4737 3965 4737 3967 4737 3965 42 3966 42 3967 42 3967 42 3968 42 3969 42 3969 42 3970 42 3971 42 3965 4738 3964 4738 3956 4738 3966 4739 3965 4739 3963 4739 3961 4740 3967 4740 3966 4740 3968 4741 3967 4741 3961 4741 3969 4742 3968 4742 3960 4742 3970 2115 3969 2115 3959 2115 3957 4743 3971 4743 3970 4743 3956 4744 3964 4744 3971 4744 3977 42 3978 42 3979 42 3977 2118 3976 2118 3972 2118 3978 2119 3977 2119 3973 2119 3979 4745 3978 4745 3974 4745 3972 4746 3976 4746 3979 4746 3992 42 3993 42 3994 42 3994 4747 3995 4747 3992 4747 3995 42 3996 42 3992 42 3996 42 3997 42 3998 42 3998 4748 3999 4748 4000 4748 4000 4749 4001 4749 4002 4749 4002 42 4003 42 3992 42 3996 42 3998 42 3992 42 3998 42 4000 42 4002 42 3981 4750 3993 4750 3992 4750 3994 4751 3993 4751 3981 4751 3983 4752 3995 4752 3994 4752 3996 4753 3995 4753 3983 4753 3997 4754 3996 4754 3984 4754 3998 2128 3997 2128 3985 2128 3999 4755 3998 4755 3986 4755 4000 4756 3999 4756 3987 4756 4001 4757 4000 4757 3988 4757 4002 4758 4001 4758 3989 4758 4003 4759 4002 4759 3990 4759 3992 4760 4003 4760 3991 4760 4027 42 4016 42 4017 42 4018 42 4019 42 4020 42 4027 42 4017 42 4018 42 4025 4761 4026 4761 4023 4761 4026 4762 4027 4762 4023 4762 4023 42 4024 42 4025 42 4021 4763 4022 4763 4023 4763 4018 4764 4020 4764 4021 4764 4027 4765 4018 4765 4021 4765 4017 4766 4016 4766 4004 4766 4018 4767 4017 4767 4005 4767 4019 4768 4018 4768 4006 4768 4020 4769 4019 4769 4007 4769 4021 4770 4020 4770 4008 4770 4022 4771 4021 4771 4009 4771 4023 4772 4022 4772 4010 4772 4012 4773 4024 4773 4023 4773 4025 4774 4024 4774 4012 4774 4014 4775 4026 4775 4025 4775 4027 2146 4026 2146 4014 2146 4016 4776 4027 4776 4015 4776 4043 4777 4036 4777 4041 4777 4036 4778 4037 4778 4038 4778 4038 4779 4039 4779 4041 4779 4039 4780 4040 4780 4041 4780 4036 42 4038 42 4041 42 4037 4781 4036 4781 4028 4781 4038 4782 4037 4782 4029 4782 4031 4783 4039 4783 4038 4783 4040 4784 4039 4784 4031 4784 4041 4785 4040 4785 4032 4785 4034 4786 4042 4786 4041 4786 4043 4787 4042 4787 4034 4787 4036 2155 4043 2155 4035 2155 4059 4788 4052 4788 4054 4788 4052 4789 4053 4789 4054 4789 4054 42 4055 42 4057 42 4055 4790 4056 4790 4057 4790 4057 42 4058 42 4059 42 4053 4791 4052 4791 4044 4791 4054 4792 4053 4792 4045 4792 4055 4793 4054 4793 4046 4793 4048 4794 4056 4794 4055 4794 4057 4795 4056 4795 4048 4795 4058 4796 4057 4796 4049 4796 4059 4797 4058 4797 4050 4797 4052 4798 4059 4798 4051 4798 4075 4799 4068 4799 4070 4799 4068 42 4069 42 4070 42 4070 42 4071 42 4073 42 4071 42 4072 42 4073 42 4073 4800 4074 4800 4075 4800 4061 4801 4069 4801 4068 4801 4062 4802 4070 4802 4069 4802 4071 4803 4070 4803 4062 4803 4072 4804 4071 4804 4063 4804 4073 2168 4072 2168 4064 2168 4066 4805 4074 4805 4073 4805 4075 4806 4074 4806 4066 4806 4068 4807 4075 4807 4067 4807 4084 42 4085 42 4086 42 4086 42 4087 42 4084 42 4087 4808 4088 4808 4084 4808 4088 42 4089 42 4090 42 4090 42 4091 42 4084 42 4085 4809 4084 4809 4076 4809 4086 4810 4085 4810 4077 4810 4079 4811 4087 4811 4086 4811 4088 4812 4087 4812 4079 4812 4089 4813 4088 4813 4080 4813 4090 4814 4089 4814 4081 4814 4091 4815 4090 4815 4082 4815 4084 4816 4091 4816 4083 4816 4096 42 4097 42 4098 42 4093 4817 4097 4817 4096 4817 4098 4818 4097 4818 4093 4818 4099 2184 4098 2184 4094 2184 4096 2185 4099 2185 4095 2185 4123 4819 4112 4819 4115 4819 4112 4820 4113 4820 4115 4820 4113 4821 4114 4821 4115 4821 4116 42 4117 42 4118 42 4116 42 4118 42 4119 42 4123 42 4115 42 4120 42 4115 4822 4116 4822 4120 4822 4121 4823 4122 4823 4123 4823 4116 42 4119 42 4120 42 4101 4824 4113 4824 4112 4824 4114 4825 4113 4825 4101 4825 4115 4826 4114 4826 4102 4826 4104 4827 4116 4827 4115 4827 4117 4828 4116 4828 4104 4828 4118 4829 4117 4829 4105 4829 4107 4830 4119 4830 4118 4830 4120 4831 4119 4831 4107 4831 4109 4832 4121 4832 4120 4832 4122 2196 4121 2196 4109 2196 4123 4833 4122 4833 4110 4833 4100 4834 4112 4834 4123 4834 4147 42 4136 42 4138 42 4136 4835 4137 4835 4138 4835 4144 4836 4145 4836 4146 4836 4146 4837 4147 4837 4138 4837 4139 4838 4140 4838 4141 4838 4146 4839 4138 4839 4139 4839 4143 42 4144 42 4146 42 4141 42 4142 42 4139 42 4142 4840 4143 4840 4139 4840 4137 4841 4136 4841 4124 4841 4138 4842 4137 4842 4125 4842 4139 4843 4138 4843 4126 4843 4140 2203 4139 2203 4127 2203 4141 4844 4140 4844 4128 4844 4142 4845 4141 4845 4129 4845 4131 4846 4143 4846 4142 4846 4132 4847 4144 4847 4143 4847 4145 4848 4144 4848 4132 4848 4146 4849 4145 4849 4133 4849 4147 2210 4146 2210 4134 2210 4124 4850 4136 4850 4147 4850 4171 42 4160 42 4170 42 4160 42 4161 42 4170 42 4162 42 4163 42 4165 42 4163 4851 4164 4851 4165 4851 4161 42 4162 42 4170 42 4165 42 4166 42 4169 42 4166 42 4167 42 4169 42 4167 4852 4168 4852 4169 4852 4169 4853 4170 4853 4165 4853 4161 4854 4160 4854 4148 4854 4162 4855 4161 4855 4149 4855 4163 4856 4162 4856 4150 4856 4164 4857 4163 4857 4151 4857 4153 4858 4165 4858 4164 4858 4166 4859 4165 4859 4153 4859 4167 4860 4166 4860 4154 4860 4168 4861 4167 4861 4155 4861 4169 4862 4168 4862 4156 4862 4170 4863 4169 4863 4157 4863 4159 4864 4171 4864 4170 4864 4160 4865 4171 4865 4159 4865 4176 4866 4177 4866 4178 4866 4177 4867 4176 4867 4172 4867 4178 2226 4177 2226 4173 2226 4175 4868 4179 4868 4178 4868 4176 4869 4179 4869 4175 4869 4195 42 4188 42 4194 42 4188 4870 4189 4870 4190 4870 4190 42 4191 42 4192 42 4188 4871 4190 4871 4194 4871 4192 4872 4193 4872 4194 4872 4189 4873 4188 4873 4180 4873 4182 4874 4190 4874 4189 4874 4191 2232 4190 2232 4182 2232 4192 4875 4191 4875 4183 4875 4193 4876 4192 4876 4184 4876 4194 2235 4193 2235 4185 2235 4195 4877 4194 4877 4186 4877 4180 4878 4188 4878 4195 4878 4207 4879 4202 4879 4206 4879 4202 42 4203 42 4206 42 4203 42 4204 42 4206 42 4197 4880 4203 4880 4202 4880 4204 4881 4203 4881 4197 4881 4205 4882 4204 4882 4198 4882 4200 4883 4206 4883 4205 4883 4207 4884 4206 4884 4200 4884 4202 4885 4207 4885 4201 4885 4212 42 4213 42 4214 42 4213 4886 4212 4886 4208 4886 4214 2246 4213 2246 4209 2246 4215 4887 4214 4887 4210 4887 4212 4888 4215 4888 4211 4888 4220 4889 4221 4889 4222 4889 4221 4890 4220 4890 4216 4890 4222 4891 4221 4891 4217 4891 4223 4892 4222 4892 4218 4892 4220 4893 4223 4893 4219 4893 4228 4894 4229 4894 4230 4894 4229 4895 4228 4895 4224 4895 4226 4896 4230 4896 4229 4896 4231 4897 4230 4897 4226 4897 4228 4898 4231 4898 4227 4898 4240 4899 4241 4899 4242 4899 4242 42 4243 42 4240 42 4243 42 4244 42 4245 42 4245 4900 4246 4900 4247 4900 4243 4901 4245 4901 4240 4901 4241 4902 4240 4902 4232 4902 4242 4903 4241 4903 4233 4903 4243 4904 4242 4904 4234 4904 4236 4905 4244 4905 4243 4905 4245 4906 4244 4906 4236 4906 4246 4907 4245 4907 4237 4907 4247 2264 4246 2264 4238 2264 4232 4908 4240 4908 4247 4908 4267 42 4258 42 4263 42 4258 4909 4259 4909 4260 4909 4260 4910 4261 4910 4263 4910 4261 4911 4262 4911 4263 4911 4258 42 4260 42 4263 42 4265 42 4266 42 4264 42 4266 4912 4267 4912 4264 4912 4259 4913 4258 4913 4248 4913 4250 4914 4260 4914 4259 4914 4261 4915 4260 4915 4250 4915 4252 4916 4262 4916 4261 4916 4253 4917 4263 4917 4262 4917 4264 4918 4263 4918 4253 4918 4265 4919 4264 4919 4254 4919 4266 4920 4265 4920 4255 4920 4257 4921 4267 4921 4266 4921 4258 4922 4267 4922 4257 4922 4283 42 4276 42 4282 42 4276 4923 4277 4923 4278 4923 4278 4924 4279 4924 4282 4924 4279 4925 4280 4925 4282 4925 4276 4926 4278 4926 4282 4926 4269 4927 4277 4927 4276 4927 4278 4928 4277 4928 4269 4928 4279 4929 4278 4929 4270 4929 4272 4930 4280 4930 4279 4930 4281 4931 4280 4931 4272 4931 4282 4932 4281 4932 4273 4932 4275 4933 4283 4933 4282 4933 4276 4934 4283 4934 4275 4934 4289 4935 4290 4935 4291 4935 4285 4936 4289 4936 4288 4936 4290 4937 4289 4937 4285 4937 4291 4938 4290 4938 4286 4938 4288 4939 4291 4939 4287 4939 4307 4940 4300 4940 4302 4940 4300 42 4301 42 4302 42 4302 42 4303 42 4304 42 4305 4941 4306 4941 4304 4941 4306 42 4307 42 4304 42 4301 2291 4300 2291 4292 2291 4302 4942 4301 4942 4293 4942 4303 4943 4302 4943 4294 4943 4304 2294 4303 2294 4295 2294 4305 4944 4304 4944 4296 4944 4306 4945 4305 4945 4297 4945 4307 4946 4306 4946 4298 4946 4300 4947 4307 4947 4299 4947 4323 4948 4316 4948 4318 4948 4316 42 4317 42 4318 42 4318 42 4319 42 4321 42 4319 4949 4320 4949 4321 4949 4321 42 4322 42 4323 42 4317 4950 4316 4950 4308 4950 4318 4951 4317 4951 4309 4951 4319 4952 4318 4952 4310 4952 4320 4953 4319 4953 4311 4953 4321 2303 4320 2303 4312 2303 4314 4954 4322 4954 4321 4954 4323 4955 4322 4955 4314 4955 4308 4956 4316 4956 4323 4956 4335 4957 4330 4957 4333 4957 4330 42 4331 42 4333 42 4331 4958 4332 4958 4333 4958 4331 4959 4330 4959 4324 4959 4326 4960 4332 4960 4331 4960 4333 4961 4332 4961 4326 4961 4328 4962 4334 4962 4333 4962 4335 4963 4334 4963 4328 4963 4324 4964 4330 4964 4335 4964 4342 4965 4343 4965 4344 4965 4344 42 4345 42 4342 42 4345 42 4346 42 4342 42 4343 4966 4342 4966 4336 4966 4344 2315 4343 2315 4337 2315 4345 4967 4344 4967 4338 4967 4346 4968 4345 4968 4339 4968 4341 4969 4347 4969 4346 4969 4342 4970 4347 4970 4341 4970 4354 42 4355 42 4356 42 4356 42 4357 42 4354 42 4357 42 4358 42 4354 42 4349 4971 4355 4971 4354 4971 4356 2321 4355 2321 4349 2321 4357 4972 4356 4972 4350 4972 4358 4973 4357 4973 4351 4973 4353 4974 4359 4974 4358 4974 4354 4975 4359 4975 4353 4975 4371 4976 4366 4976 4369 4976 4366 4977 4367 4977 4369 4977 4367 4978 4368 4978 4369 4978 4367 4979 4366 4979 4360 4979 4368 4980 4367 4980 4361 4980 4363 4981 4369 4981 4368 4981 4370 4982 4369 4982 4363 4982 4371 4983 4370 4983 4364 4983 4360 4984 4366 4984 4371 4984 4377 4985 4378 4985 4379 4985 4377 2334 4376 2334 4372 2334 4378 4986 4377 4986 4373 4986 4375 4987 4379 4987 4378 4987 4376 4988 4379 4988 4375 4988 4385 42 4386 42 4387 42 4385 4989 4384 4989 4380 4989 4386 4990 4385 4990 4381 4990 4387 4991 4386 4991 4382 4991 4384 4992 4387 4992 4383 4992 4393 42 4394 42 4395 42 4393 4993 4392 4993 4388 4993 4394 4994 4393 4994 4389 4994 4395 4995 4394 4995 4390 4995 4392 4996 4395 4996 4391 4996 4401 42 4402 42 4403 42 4401 4997 4400 4997 4396 4997 4402 2348 4401 2348 4397 2348 4403 4998 4402 4998 4398 4998 4400 4999 4403 4999 4399 4999 4408 42 4409 42 4410 42 4409 5000 4408 5000 4404 5000 4406 5001 4410 5001 4409 5001 4411 5002 4410 5002 4406 5002 4408 5003 4411 5003 4407 5003 4417 42 4418 42 4419 42 4417 5004 4416 5004 4412 5004 4418 5005 4417 5005 4413 5005 4415 5006 4419 5006 4418 5006 4416 5007 4419 5007 4415 5007 4425 42 4426 42 4427 42 4425 5008 4424 5008 4420 5008 4426 5009 4425 5009 4421 5009 4423 5010 4427 5010 4426 5010 4420 5011 4424 5011 4427 5011 4432 42 4433 42 4434 42 4433 5012 4432 5012 4428 5012 4434 5013 4433 5013 4429 5013 4435 5014 4434 5014 4430 5014 4428 5015 4432 5015 4435 5015 4440 5016 4441 5016 4442 5016 4441 5017 4440 5017 4436 5017 4442 5018 4441 5018 4439 5018 4437 5019 4443 5019 4442 5019 4440 5020 4443 5020 4437 5020</p>
        </triangles>
      </mesh>
    </geometry>
  </library_geometries>
  <library_visual_scenes>
    <visual_scene id="Scene" name="Scene">
      <node id="Light_001" name="Light.001" type="NODE">
        <matrix sid="transform">-0.2908646 -0.7711008 0.5663933 -2.54049e6 0.9551712 -0.1998833 0.2183913 -9.04875e6 -0.05518912 0.6045247 0.7946723 5.903862 0 0 0 1</matrix>
        <instance_light url="#Light_001-light"/>
      </node>
      <node id="Camera_001" name="Camera.001" type="NODE">
        <matrix sid="transform">0.6859207 -0.3240135 0.6515582 -2.54048e6 0.7276763 0.3054209 -0.6141704 -9.04876e6 -4.01133e-9 0.8953956 0.4452714 4.958309 0 0 0 1</matrix>
        <instance_camera url="#Camera_001-camera"/>
      </node>
      <node id="GOOGLE_SAT_WM" name="GOOGLE_SAT_WM" type="NODE">
        <matrix sid="transform">2140.237 0 0 121.8171 0 2140.237 0 9.381257 0 0 1 0 0 0 0 1</matrix>
      </node>
      <node id="EXPORT_GOOGLE_SAT_WM" name="EXPORT_GOOGLE_SAT_WM" type="NODE">
        <matrix sid="transform">1 0 0 0 0 1 0 0 0 0 1 0 0 0 0 1</matrix>
        <instance_geometry url="#EXPORT_GOOGLE_SAT_WM_001-mesh" name="EXPORT_GOOGLE_SAT_WM">
          <bind_material>
            <technique_common>
              <instance_material symbol="rastMat_001-material" target="#rastMat_001-material">
                <bind_vertex_input semantic="EXPORT_GOOGLE_SAT_WM_001-mesh-map-0" input_semantic="TEXCOORD" input_set="0"/>
              </instance_material>
            </technique_common>
          </bind_material>
        </instance_geometry>
      </node>
      <node id="Areas_building" name="Areas:building" type="NODE">
        <matrix sid="transform">1 0 0 0 0 1 0 0 0 0 1 0 0 0 0 1</matrix>
        <instance_geometry url="#Areas_building-mesh" name="Areas:building"/>
      </node>
      <node id="Camera" name="Camera" type="NODE">
        <matrix sid="transform">0.6859207 -0.3240135 0.6515582 7.358891 0.7276763 0.3054208 -0.6141704 -6.925791 0 0.8953956 0.4452714 4.958309 0 0 0 1</matrix>
        <instance_camera url="#Camera-camera"/>
      </node>
      <node id="Light" name="Light" type="NODE">
        <matrix sid="transform">-0.2908646 -0.7711008 0.5663932 4.076245 0.9551712 -0.1998834 0.2183912 1.005454 -0.05518906 0.6045247 0.7946723 5.903862 0 0 0 1</matrix>
        <instance_light url="#Light-light"/>
      </node>
    </visual_scene>
  </library_visual_scenes>
  <scene>
    <instance_visual_scene url="#Scene"/>
  </scene>
</COLLADA>
